park_name,state,region,trail_name,distance_miles,elevation_gain_ft,difficulty,latitude,longitude
Acadia National Park,Maine,Northeast,A. Murray Young Path via Canon Brook  and Dorr South Ridge Trail,4.7,1213,Expert,44.34815,-68.20223
Acadia National Park,Maine,Northeast,Acadia Carriage Road from Bar Harbor to Jordan Pond,25.3,1738,Moderate,44.39098,-68.20664
Acadia National Park,Maine,Northeast,Acadia East Trail,1.0,374,Easy,44.35016,-68.054
Acadia National Park,Maine,Northeast,Acadia Long Pond Loop Trail,4.9,761,Moderate,44.3002,-68.34999
Acadia National Park,Maine,Northeast,Acadia Mountain and Man O War Trail,2.5,682,Moderate,44.3219,-68.3327
Acadia National Park,Maine,Northeast,Acadia Mountain and St. Sauveur Mountain Trail Loop,3.5,1167,Hard,44.32162,-68.33279
Acadia National Park,Maine,Northeast,Acadia Park Loop Road,24.5,2047,Easy,44.40949,-68.24721
Acadia National Park,Maine,Northeast,Alder Path Trail,1.3,95,Easy,44.34438,-68.05612
Acadia National Park,Maine,Northeast,Alder Trail to The Anvil,2.4,511,Easy,44.35004,-68.05398
Acadia National Park,Maine,Northeast,Alder and Anvil Trails Loop,2.2,492,Moderate,44.33882,-68.04581
Acadia National Park,Maine,Northeast,Around The Mountain Loop Trail,15.3,1148,Hard,44.32013,-68.25334
Acadia National Park,Maine,Northeast,Asticou and Jordan Pond Path,2.0,193,Easy,44.32026,-68.25527
Acadia National Park,Maine,Northeast,Aunt Betty Loop,5.9,465,Moderate,44.37815,-68.25278
Acadia National Park,Maine,Northeast,Bald Peak Trail,2.3,725,Moderate,44.32583,-68.2912
Acadia National Park,Maine,Northeast,Bar Island Trail,1.8,170,Easy,44.3921,-68.21009
Acadia National Park,Maine,Northeast,Bass Harbor Head Light Trail,0.2,32,Moderate,44.22251,-68.33698
Acadia National Park,Maine,Northeast,Beachcroft Path Trail,2.1,951,Moderate,44.35841,-68.20551
Acadia National Park,Maine,Northeast,Beachcroft Path and Champlain North Ridge Trail,3.0,1000,Moderate,44.35911,-68.20595
Acadia National Park,Maine,Northeast,Beech Cliff  Ladder and Canada Cliff Loop,1.6,488,Moderate,44.31496,-68.33658
Acadia National Park,Maine,Northeast,Beech Cliff Trail via Beech Cliff Loop,1.4,547,Moderate,44.31527,-68.34355
Acadia National Park,Maine,Northeast,Beech Mountain Loop Trail,1.2,347,Moderate,44.31514,-68.34318
Acadia National Park,Maine,Northeast,Beech Mountain West Ridge Trail,1.8,761,Moderate,44.30021,-68.3498
Acadia National Park,Maine,Northeast,Beech Mountain West Ridge and South Ridge Trails Loop,2.5,767,Moderate,44.30025,-68.34985
Acadia National Park,Maine,Northeast,Beech Mountain and Valley Loop,2.3,479,Moderate,44.31519,-68.34331
Acadia National Park,Maine,Northeast,"Beehive, Gorham Mountain and Ocean Path Loop",3.5,784,Hard,44.33007,-68.18421
Acadia National Park,Maine,Northeast,"Beehive, The Bowl, and Gorham Mountain",2.4,705,Moderate,44.33165,-68.1853
Acadia National Park,Maine,Northeast,"Beehive, the Bowl, Gorham Mountain, Ocean Drive Loop",6.3,1023,Hard,44.32984,-68.18427
Acadia National Park,Maine,Northeast,Bernard Mountain Loop Trail,4.1,1640,Expert,44.29241,-68.3869
Acadia National Park,Maine,Northeast,Bernard Mountain Trail,3.1,1000,Moderate,44.29508,-68.36318
Acadia National Park,Maine,Northeast,Bernard Mountain: West Ledge Trail,1.8,764,Moderate,44.29215,-68.38707
Acadia National Park,Maine,Northeast,Birch Harbor Mountain Bike Path,5.8,518,Easy,44.37799,-68.03679
Acadia National Park,Maine,Northeast,Birch Spring Trail,5.0,1328,Hard,44.32044,-68.25414
Acadia National Park,Maine,Northeast,Bowditch and Long Pond Trails via Duck Harbor Trail,8.8,1099,Hard,44.0742,-68.63643
Acadia National Park,Maine,Northeast,"Bowl, Beehive, Chaplain South Ridge and The Precipice Trail",5.5,2135,Moderate,44.33154,-68.18515
Acadia National Park,Maine,Northeast,Bubble Divide and Sargent East Cliffs Trail Loop,3.8,1597,Moderate,44.34116,-68.25029
Acadia National Park,Maine,Northeast,"Bubble Divide, Sargent East Cliffs, Penobscot Mountain Trail",5.3,2103,Moderate,44.34117,-68.25024
Acadia National Park,Maine,Northeast,Bubble Pond Carriage Trail,5.4,314,Moderate,44.34984,-68.24137
Acadia National Park,Maine,Northeast,Bubbles Divide via Jordans Pond Path,4.0,951,Moderate,44.3237,-68.24989
Acadia National Park,Maine,Northeast,Bubbles Trail to Conners Nubble and Eagle Lake,4.4,1551,Moderate,44.34118,-68.25026
Acadia National Park,Maine,Northeast,Cadilac Mountain via Visitor Center,4.2,1781,Moderate,44.36194,-68.20777
Acadia National Park,Maine,Northeast,Cadillac Man via Ladder Trail,2.7,1722,Moderate,44.35187,-68.20426
Acadia National Park,Maine,Northeast,Cadillac Mountain North Ridge and Gorge Path Loop,4.8,1315,Hard,44.3728,-68.22169
Acadia National Park,Maine,Northeast,Cadillac Mountain South Ridge Trail Loop,7.5,2247,Hard,44.31306,-68.21502
Acadia National Park,Maine,Northeast,Cadillac Mountain West Face Trail,3.1,1309,Hard,44.34967,-68.2413
Acadia National Park,Maine,Northeast,Cadillac North Ridge Trail,4.0,1118,Moderate,44.37854,-68.22954
Acadia National Park,Maine,Northeast,Cadillac North Ridge Trail to Cadilac South Ridge Trail,5.3,1204,Moderate,44.37859,-68.22942
Acadia National Park,Maine,Northeast,Cadillac North Ridge Trail to South Ridge Trail,6.0,1253,Moderate,44.3786,-68.22955
Acadia National Park,Maine,Northeast,Cadillac Summit Loop Trail,0.3,45,Easy,44.3528,-68.22459
Acadia National Park,Maine,Northeast,"Cannon Brook, Cadillac South Ridge and Ladder Trail",4.6,1630,Moderate,44.35166,-68.20437
Acadia National Park,Maine,Northeast,Canon Brook Trail,3.7,961,Moderate,44.34816,-68.20218
Acadia National Park,Maine,Northeast,"Canon Brook, Cadillac South Ridge and Dorr Mountain South Ridge Trail Loop",6.0,1788,Moderate,44.34813,-68.2024
Acadia National Park,Maine,Northeast,Carriage and Around Mountain Road Loop,4.1,269,Easy,44.31224,-68.28545
Acadia National Park,Maine,Northeast,Champlain Mountain & Beehive Loop Trail,6.6,2080,Moderate,44.35871,-68.20553
Acadia National Park,Maine,Northeast,Champlain North Ridge Trail,1.9,833,Moderate,44.36312,-68.19335
Acadia National Park,Maine,Northeast,Champlain North Ridge to Champlain South Ridge to Gorham Mountain Trail,3.9,1089,Moderate,44.36304,-68.19268
Acadia National Park,Maine,Northeast,Champlain Ridge via The Beehive Trail,5.7,1889,Moderate,44.33156,-68.18517
Acadia National Park,Maine,Northeast,Compass Harbor Trail,0.8,42,Easy,44.37374,-68.19731
Acadia National Park,Maine,Northeast,Conners Nubble Trail,3.5,380,Moderate,44.37786,-68.25237
Acadia National Park,Maine,Northeast,Day Mountain Trail,2.6,564,Easy,44.29917,-68.2275
Acadia National Park,Maine,Northeast,Deer Brook Trail via Jordan Pond Path,5.0,951,Hard,44.32294,-68.25375
Acadia National Park,Maine,Northeast,Dorr Mountain Cannon Brook Loop Trail,3.2,1151,Hard,44.35181,-68.20479
Acadia National Park,Maine,Northeast,Dorr Mountain Ladder Trail,2.7,1131,Hard,44.35175,-68.20508
Acadia National Park,Maine,Northeast,Dorr Mountain North Ridge Trail to Gorge Path Loop,3.2,1181,Hard,44.37112,-68.20952
Acadia National Park,Maine,Northeast,Dorr Mountain North Ridge Trail to Ladder Trail,3.2,1181,Moderate,44.3629,-68.20741
Acadia National Park,Maine,Northeast,Dorr Mountain via Wild Gardens to Schiff to Emery Path,3.4,1151,Moderate,44.36239,-68.20759
Acadia National Park,Maine,Northeast,"Dorr, Cadillac, Pemetic and Dike Peak Loop",9.5,3166,Moderate,44.36302,-68.20897
Acadia National Park,Maine,Northeast,Duck Brook Trail,2.0,190,Easy,44.39491,-68.22357
Acadia National Park,Maine,Northeast,Duck Harbor Mountain and Goat Trails to Deep Cove,2.8,413,Moderate,44.02805,-68.65105
Acadia National Park,Maine,Northeast,Duck Harbor and Deep Cove Trail,7.7,731,Easy,44.07417,-68.63643
Acadia National Park,Maine,Northeast,Eagle Lake Carriage Road Trail,6.0,337,Easy,44.37792,-68.25222
Acadia National Park,Maine,Northeast,Eben's Head Trail,1.4,68,Easy,44.03028,-68.65189
Acadia National Park,Maine,Northeast,Flying Mountain Trail,1.5,321,Moderate,44.29949,-68.31643
Acadia National Park,Maine,Northeast,"Flying Mountain, Valley Peak and St Sauveur Peak Trail",3.1,931,Easy,44.29968,-68.31616
Acadia National Park,Maine,Northeast,Frazer Point via Frazer Creek Bike Path,2.0,170,Easy,44.37979,-68.06638
Acadia National Park,Maine,Northeast,Gorge Path Trail,3.4,1286,Moderate,44.3526,-68.22463
Acadia National Park,Maine,Northeast,Gorham Mountain,1.6,429,Moderate,44.31667,-68.19205
Acadia National Park,Maine,Northeast,Great Head Trail (Full Loop),1.8,265,Moderate,44.33388,-68.17862
Acadia National Park,Maine,Northeast,Great Head Trail (Short Option),1.6,301,Moderate,44.33001,-68.18399
Acadia National Park,Maine,Northeast,Great Long Pond Trail from Great Notch,6.9,954,Moderate,44.31513,-68.3899
Acadia National Park,Maine,Northeast,Great Meadow Loop Trail,1.8,95,Easy,44.3724,-68.21232
Acadia National Park,Maine,Northeast,Great Notch Trail,5.0,1154,Moderate,44.29663,-68.35725
Acadia National Park,Maine,Northeast,Hemlock Trail,1.7,265,Easy,44.36215,-68.20763
Acadia National Park,Maine,Northeast,Homan Path loop,1.4,485,Moderate,44.36327,-68.20723
Acadia National Park,Maine,Northeast,Homans Path to Kane Path to Wild Gardens Path Loop,2.4,505,Moderate,44.36319,-68.20715
Acadia National Park,Maine,Northeast,Homans and Emery Path,0.8,337,Easy,44.36277,-68.20763
Acadia National Park,Maine,Northeast,Hunters Beach Trail,0.5,62,Easy,44.30238,-68.22082
Acadia National Park,Maine,Northeast,Hunters Brook Trail,3.6,616,Moderate,44.30989,-68.22259
Acadia National Park,Maine,Northeast,Jesup Path,1.0,9,Easy,44.36207,-68.2082
Acadia National Park,Maine,Northeast,Jesup Trail,2.2,78,Easy,44.35902,-68.20599
Acadia National Park,Maine,Northeast,Jordan Cliffs Trail to Bubbles Trail to Jordan Pond Path,4.4,1102,Moderate,44.31987,-68.25347
Acadia National Park,Maine,Northeast,Jordan Cliffs Trail to Penobscot Mountain,3.0,1033,Expert,44.32042,-68.25416
Acadia National Park,Maine,Northeast,Jordan Cliffs to Sargent and Penobscot Mountain Loop,4.6,1532,Moderate,44.3205,-68.25405
Acadia National Park,Maine,Northeast,"Jordan Cliffs, South Bubble and Pemetic Mountain Loop",5.7,1955,Hard,44.32046,-68.25547
Acadia National Park,Maine,Northeast,Jordan Pond Carry to Eagle Lake and Bubbles Trails Loop,3.4,741,Moderate,44.34104,-68.25035
Acadia National Park,Maine,Northeast,Jordan Pond East Side Trail,2.9,82,Moderate,44.32357,-68.24842
Acadia National Park,Maine,Northeast,Jordan Pond Full Loop Trail,3.4,95,Moderate,44.322,-68.25437
Acadia National Park,Maine,Northeast,Jordan Pond Nature Trail,1.0,32,Easy,44.32028,-68.25366
Acadia National Park,Maine,Northeast,Jordan Pond West Side Trail,3.3,49,Moderate,44.32236,-68.25308
Acadia National Park,Maine,Northeast,Jordan Pond to South Bubble Summit,3.0,534,Moderate,44.32238,-68.25315
Acadia National Park,Maine,Northeast,"Jordan Pond, Sargent Mountain, and Penobscot Mountain Loop Trail",5.2,1259,Moderate,44.3229,-68.25382
Acadia National Park,Maine,Northeast,Jordan Stream Path,3.5,344,Easy,44.31992,-68.25316
Acadia National Park,Maine,Northeast,Jordan Stream and Carriage Road Loop,1.7,196,Easy,44.32018,-68.25367
Acadia National Park,Maine,Northeast,Kebo Mountain Loop Trail,2.7,459,Moderate,44.36328,-68.20731
Acadia National Park,Maine,Northeast,Kebo Mountain and Dorr North Ridge Trails,3.4,1489,Moderate,44.37697,-68.21896
Acadia National Park,Maine,Northeast,Ledge Trail,0.9,419,Moderate,44.31188,-68.33221
Acadia National Park,Maine,Northeast,Ledge Trail to Saint Sauveur Trail,1.4,465,Moderate,44.31185,-68.33225
Acadia National Park,Maine,Northeast,Little Harbor Brook Trail,3.1,177,Easy,44.29005,-68.2667
Acadia National Park,Maine,Northeast,Little Long Pond,2.2,177,Easy,44.291290000000004,-68.25942
Acadia National Park,Maine,Northeast,Long Pond And Great Notch Trails,4.8,616,Moderate,44.30001,-68.35059
Acadia National Park,Maine,Northeast,Lower Hadlock Pond Loop Trail,2.3,101,Moderate,44.31088,-68.28596
Acadia National Park,Maine,Northeast,Lower Harbor Trail,2.8,265,Easy,44.38071,-68.06762
Acadia National Park,Maine,Northeast,"Mansel, Bernard and Beach Mountain Loop",7.6,2217,Hard,44.30013,-68.35109
Acadia National Park,Maine,Northeast,Mansell Mountain Loop Trail,2.2,875,Moderate,44.30014,-68.35027
Acadia National Park,Maine,Northeast,"Mansell Mountain via Perpendicular, Razorback and Cold Brook Trail Loop",3.1,1302,Moderate,44.3001,-68.35017
Acadia National Park,Maine,Northeast,Maple Spring Trail,2.7,731,Moderate,44.32588,-68.29125
Acadia National Park,Maine,Northeast,McFarland Mountain and Youngs Mountain Trail,3.2,741,Moderate,44.37586,-68.26265
Acadia National Park,Maine,Northeast,Median Ridge and Nat Merchant Trails,4.3,334,Moderate,44.02806,-68.65105
Acadia National Park,Maine,Northeast,North Bubble Trail,0.9,374,Moderate,44.34113,-68.25027
Acadia National Park,Maine,Northeast,"North Bubble, South Bubble and Pemetic Mountain Loop",6.4,1748,Moderate,44.32241,-68.25309
Acadia National Park,Maine,Northeast,North Gorham Mountain Trail,1.5,449,Easy,44.33155,-68.18522
Acadia National Park,Maine,Northeast,Norumbega Mountain and Hadlock Ponds Loop Trail,3.0,705,Moderate,44.32592,-68.29151
Acadia National Park,Maine,Northeast,Ocean Path Trail: Thunder Hole and Monument Cove,4.5,374,Easy,44.32985,-68.18432
Acadia National Park,Maine,Northeast,Ocean Path and Gorham Mountain Loop Trail,3.1,597,Moderate,44.32998,-68.18404
Acadia National Park,Maine,Northeast,Orange and Black Path Trail,1.6,623,Moderate,44.35571,-68.18537
Acadia National Park,Maine,Northeast,Parkman Mountain Trail,2.2,748,Moderate,44.32589,-68.29126
Acadia National Park,Maine,Northeast,Parkman to Sargent to Maple Springs via Carriage Road,4.3,1427,Moderate,44.32935,-68.29304
Acadia National Park,Maine,Northeast,Pemetic Mountain via Pemetic Northwest Trail,1.2,764,Moderate,44.34121,-68.25037
Acadia National Park,Maine,Northeast,Pemetic North and South Ridge Trails,6.6,1870,Hard,44.34827,-68.24201
Acadia National Park,Maine,Northeast,Penobscot Mountain Trail,2.9,974,Moderate,44.32023,-68.25286
Acadia National Park,Maine,Northeast,Penobscot Mountain and Bubbles Loop,5.3,1663,Hard,44.32188,-68.2601
Acadia National Park,Maine,Northeast,Perpendicular Trail,2.2,889,Expert,44.30009,-68.35026
Acadia National Park,Maine,Northeast,"Precipice, Orange and Black and Champlain North Ridge Trail Loop",2.1,1049,Hard,44.34971,-68.18794
Acadia National Park,Maine,Northeast,"Precipice, Orange, Black Path and Schooner Head Loop",2.5,961,Moderate,44.34951,-68.18793
Acadia National Park,Maine,Northeast,Pretty Marsh Trail,0.6,65,Easy,44.33242,-68.40727
Acadia National Park,Maine,Northeast,Quarry Path and Otter Cove Trail,2.1,187,Easy,44.31029,-68.20378
Acadia National Park,Maine,Northeast,Razorback Trail,2.3,879,Moderate,44.29661,-68.35722
Acadia National Park,Maine,Northeast,Redfield Hill Loop,2.3,190,Easy,44.30854,-68.24437
Acadia National Park,Maine,Northeast,Saint Sauveur Mountain and Valley Peak Loop Trail,2.3,652,Moderate,44.31185,-68.33207
Acadia National Park,Maine,Northeast,Saint Sauveur and Acadia Mountain,5.5,1640,Moderate,44.31193,-68.33223
Acadia National Park,Maine,Northeast,Sargeant Mountain Ridge Loop,7.5,1774,Hard,44.31218,-68.28548
Acadia National Park,Maine,Northeast,Sargent East Cliffs Trail,3.0,1578,Hard,44.34107,-68.25035
Acadia National Park,Maine,Northeast,Sargent Mountain,4.2,1466,Moderate,44.32904,-68.29327
Acadia National Park,Maine,Northeast,Sargent Mountain South Ridge Trail,6.5,1318,Moderate,44.31218,-68.28531
Acadia National Park,Maine,Northeast,Sargent Mountain and Gilmore Peak via Giant Slide Trail,4.5,1381,Hard,44.35026,-68.30172
Acadia National Park,Maine,Northeast,Scenic Shore Trail [PRIVATE PROPERTY],7.2,875,Hard,44.37374,-68.19731
Acadia National Park,Maine,Northeast,Schiff Path to Dorr Mountain,3.2,1187,Hard,44.362,-68.20731
Acadia National Park,Maine,Northeast,Schoodic Head Overlook and The Anvil Loop Trail,2.6,482,Moderate,44.35216,-68.04712
Acadia National Park,Maine,Northeast,Schoodic Head Trail,1.1,383,Moderate,44.35015,-68.05388
Acadia National Park,Maine,Northeast,Schoodic Head and Buck Cove Mountain Trail,3.6,518,Moderate,44.36445,-68.03829
Acadia National Park,Maine,Northeast,Schoodic Woods to Blueberry Hill,4.1,666,Moderate,44.38135,-68.05859
Acadia National Park,Maine,Northeast,Schooner Head Path,5.6,347,Easy,44.3398,-68.17855
Acadia National Park,Maine,Northeast,Ship Harbor Trail,1.3,65,Easy,44.23165,-68.32552
Acadia National Park,Maine,Northeast,Sluiceway Trail,1.6,721,Moderate,44.2951,-68.36317
Acadia National Park,Maine,Northeast,South Bubble Mountain and Jordan Pond Loop,1.4,492,Moderate,44.34113,-68.2505
Acadia National Park,Maine,Northeast,South Face Trail,3.6,1505,Moderate,44.29217,-68.38697
Acadia National Park,Maine,Northeast,Spring Trail and Amphitheater Trail,4.3,961,Easy,44.32001,-68.25312
Acadia National Park,Maine,Northeast,"Spring, Penobscot Mountain, Deer Brook and Jordan Pond Path Loop",3.8,1003,Moderate,44.32046,-68.25422
Acadia National Park,Maine,Northeast,Stratheden Trail,2.0,131,Easy,44.37577,-68.21729
Acadia National Park,Maine,Northeast,Sundew Trail,1.8,137,Easy,44.33942,-68.06016
Acadia National Park,Maine,Northeast,The Anvil Trail,2.0,515,Moderate,44.35004,-68.05398
Acadia National Park,Maine,Northeast,The Beehive Loop Trail,1.4,488,Hard,44.33153,-68.1852
Acadia National Park,Maine,Northeast,The Beehive via Bowl Trail,1.0,452,Moderate,44.33154,-68.18515
Acadia National Park,Maine,Northeast,The Bowl Trail,1.3,449,Moderate,44.33155,-68.18519
Acadia National Park,Maine,Northeast,The Bubbles and North Bubble,1.5,495,Moderate,44.34115,-68.25045
Acadia National Park,Maine,Northeast,Thunder Hole,0.2,29,Easy,44.32102,-68.18935
Acadia National Park,Maine,Northeast,Triad Peak Loop,2.7,446,Moderate,44.32239,-68.25306
Acadia National Park,Maine,Northeast,Triad and Pemetic East Cliff Trails,3.4,1220,Moderate,44.31586,-68.2343
Acadia National Park,Maine,Northeast,Valley Cove Trail,2.9,387,Easy,44.29954,-68.3162
Acadia National Park,Maine,Northeast,Valley Peak Trail,3.1,1200,Moderate,44.29948,-68.31631
Acadia National Park,Maine,Northeast,Valley Trail and Canada Cliff Loop,1.6,219,Easy,44.31531,-68.34351
Acadia National Park,Maine,Northeast,Valley Trail to Canada Cliff Trail,1.3,187,Easy,44.31507,-68.34348
Acadia National Park,Maine,Northeast,Valley and Beech South Ridge Trails,3.6,780,Moderate,44.31518,-68.34363
Acadia National Park,Maine,Northeast,Western Head and Cliff Trail,3.7,295,Moderate,44.02805,-68.65107
Acadia National Park,Maine,Northeast,Western Head via Goat Trail,4.2,364,Moderate,44.02307,-68.63298
Acadia National Park,Maine,Northeast,Western Mountain Ridge Trail,3.6,1364,Moderate,44.29219,-68.387
Acadia National Park,Maine,Northeast,"Witch Hold Pond, Eagle Lake and Around Mountain Carriage Road",27.1,3490,Moderate,44.40921,-68.24661
Acadia National Park,Maine,Northeast,Witch Hole Pond Carriage Trail,7.3,459,Easy,44.4089,-68.24929
Acadia National Park,Maine,Northeast,Wonderland Trail,1.6,78,Easy,44.23375,-68.32016
Acadia National Park,Maine,Northeast,Wonsqueak Bike Path Loop,3.5,344,Easy,44.38077,-68.06554
Arches National Park,Utah,Southwest,Arches National Park Driving Tour,28.3,3077,Easy,38.61587,-109.61999
Arches National Park,Utah,Southwest,Balanced Rock Loop Trail,0.3,45,Easy,38.70169,-109.56593
Arches National Park,Utah,Southwest,Broken Arch Trail,1.7,167,Easy,38.77321,-109.58601
Arches National Park,Utah,Southwest,Courthouse Wash,10.8,449,Moderate,38.60683,-109.58758
Arches National Park,Utah,Southwest,Courthouse Wash from Willow Springs,11.7,465,Moderate,38.68698,-109.65351
Arches National Park,Utah,Southwest,Cove of Caves via Parade of Elephants Trail,1.1,272,Moderate,38.68817,-109.53854
Arches National Park,Utah,Southwest,Dark Angel,4.7,721,Moderate,38.78294,-109.59516
Arches National Park,Utah,Southwest,Delicate Arch Trail,3.1,613,Moderate,38.73568,-109.5205
Arches National Park,Utah,Southwest,Delicate Arch Viewpoint Trail,0.7,141,Easy,38.73408,-109.50124
Arches National Park,Utah,Southwest,Devils Garden Loop Trail with 7 Arches,7.5,1069,Hard,38.78271,-109.59429
Arches National Park,Utah,Southwest,Double Arch Trail,0.5,32,Easy,38.68831,-109.53835
Arches National Park,Utah,Southwest,Double O Arch Trail,3.9,649,Moderate,38.78301,-109.59513
Arches National Park,Utah,Southwest,Elephant Butte,1.4,593,Hard,38.6981,-109.54996
Arches National Park,Utah,Southwest,Eye of the Whale Trail,5.1,410,Moderate,38.70354,-109.57171
Arches National Park,Utah,Southwest,Eye of the Whale and Tower Arch OHV Route,30.2,2549,Moderate,38.70159,-109.56703
Arches National Park,Utah,Southwest,Fiery Furnace Viewpoint,0.2,3,Easy,38.74248,-109.56589
Arches National Park,Utah,Southwest,Fiery Furnace and Surprise Arch,1.7,436,Moderate,38.74325,-109.56582
Arches National Park,Utah,Southwest,Klondike Bluffs,13.0,918,Moderate,38.7409,-109.73352
Arches National Park,Utah,Southwest,La Sal Mountains Viewpoint,0.1,3,Easy,38.62643,-109.59104
Arches National Park,Utah,Southwest,Landscape Arch Trail,1.9,259,Easy,38.78304,-109.5952
Arches National Park,Utah,Southwest,Lost Spring Canyon,6.5,462,Moderate,38.80417,-109.51764
Arches National Park,Utah,Southwest,Lower Courthouse Wash Trail,1.7,65,Moderate,38.60693,-109.5871
Arches National Park,Utah,Southwest,Lower Tower Arch Trail,0.8,124,Moderate,38.78726,-109.6898
Arches National Park,Utah,Southwest,Metal Masher OHV Trail,22.3,2585,Hard,38.59632,-109.69377
Arches National Park,Utah,Southwest,Moab Canyon Pathway,8.8,872,Moderate,38.58984,-109.56184
Arches National Park,Utah,Southwest,Navajo Arch Trail,2.9,492,Easy,38.78287,-109.59507
Arches National Park,Utah,Southwest,Park Avenue Trail,1.8,298,Easy,38.62458,-109.5997
Arches National Park,Utah,Southwest,Partition Arch Trail,2.8,469,Easy,38.78296,-109.59512
Arches National Park,Utah,Southwest,Pine Tree Arch Trail and Tunnel Arch Trail,0.9,190,Easy,38.78292,-109.59513
Arches National Park,Utah,Southwest,Private Arch Trail,5.3,846,Moderate,38.78296,-109.59516
Arches National Park,Utah,Southwest,Ribbon Arch Trail,2.0,393,Moderate,38.68734,-109.53668
Arches National Park,Utah,Southwest,Rose Garden Hill OHV Trail,81.6,9117,Hard,38.57333,-109.55064
Arches National Park,Utah,Southwest,Salt Valley OHV Road,17.5,551,Easy,38.8919,-109.80045
Arches National Park,Utah,Southwest,Sand Dune Arch Trail,0.3,108,Easy,38.76475,-109.58348
Arches National Park,Utah,Southwest,Sand Dune Arch and Broken Arch,1.5,190,Easy,38.76457,-109.58343
Arches National Park,Utah,Southwest,Sand Dune Arch to Broken Arch Loop,3.0,324,Moderate,38.76484,-109.5832
Arches National Park,Utah,Southwest,Sevenmile Rim OHV Route,11.7,1397,Moderate,38.7001,-109.70983
Arches National Park,Utah,Southwest,Skyline Arch Trail,0.5,42,Easy,38.77197,-109.59095
Arches National Park,Utah,Southwest,Sovereign OHV Loop,10.5,928,Easy,38.71202,-109.70002
Arches National Park,Utah,Southwest,Sovereign Singletrack,11.3,1069,Hard,38.6979,-109.67972
Arches National Park,Utah,Southwest,Tapestry Arch,0.6,42,Easy,38.77438,-109.5867
Arches National Park,Utah,Southwest,Tower Arch Trail,2.4,600,Moderate,38.79232,-109.67525
Arches National Park,Utah,Southwest,"Tower Arch, Marching Men, and Balancing Rock OHV Route",23.0,1833,Moderate,38.76655,-109.58808
Arches National Park,Utah,Southwest,Tunnel Arch Trail,0.7,154,Easy,38.78303,-109.59516
Arches National Park,Utah,Southwest,Wall Arch and Pine Tree Arch,2.8,452,Easy,38.78233,-109.59505
Arches National Park,Utah,Southwest,Willow Springs OHV Road,15.0,987,Moderate,38.69669,-109.69856
Arches National Park,Utah,Southwest,Windows Loop and Turret Arch Trail,1.2,170,Easy,38.68714,-109.53666
Arches National Park,Utah,Southwest,Wolfe Ranch and Petroglyph Trail,0.5,16,Easy,38.7356,-109.52062
Badlands National Park,South Dakota,Central,Castle Trail,10.5,314,Moderate,43.7613,-101.92792
Badlands National Park,South Dakota,Central,Cliff Shelf Nature Trail,0.5,65,Easy,43.75043,-101.93117
Badlands National Park,South Dakota,Central,Fossil Exhibit Trail,0.4,13,Easy,43.77289,-102.00298
Badlands National Park,South Dakota,Central,Medicine Root Loop Trail,4.5,337,Easy,43.75805,-101.97438
Badlands National Park,South Dakota,Central,Notch Trail,1.3,131,Moderate,43.76031,-101.92808
Badlands National Park,South Dakota,Central,Saddle Pass Trail,0.7,216,Moderate,43.758,-101.97446
Badlands National Park,South Dakota,Central,Sage Creek Loop,22.8,807,Hard,43.83475,-102.20138
Badlands National Park,South Dakota,Central,Sheep Mountain Table Road,14.6,593,Moderate,43.72457,-102.52845
Badlands National Park,South Dakota,Central,The Door Trail,0.8,36,Moderate,43.7636,-101.92684
Badlands National Park,South Dakota,Central,The Window Trail,0.2,6,Easy,43.76022,-101.92789
Big Bend National Park,Texas,South,Balanced Rock Trail,1.9,232,Easy,29.41042,-103.20765
Big Bend National Park,Texas,South,Basin Drive,12.4,2191,Moderate,29.33452,-103.25668
Big Bend National Park,Texas,South,Basin Loop Trail,2.0,433,Easy,29.27032,-103.30178
Big Bend National Park,Texas,South,Big Bend Hot Springs Trail,1.1,127,Easy,29.17748,-102.99924
Big Bend National Park,Texas,South,Black Gap OHV Trail,16.3,935,Moderate,29.17567,-103.15716
Big Bend National Park,Texas,South,Black Gap Wildlife Management Area Trail,1.7,82,Moderate,29.5622,-102.95257
Big Bend National Park,Texas,South,Blue Creek Trail,11.0,2693,Expert,29.21642,-103.36926
Big Bend National Park,Texas,South,"Blue Creek, Pinnacles, Juniper Canyon and Dodson Trail",31.6,6958,Expert,29.21641,-103.36925
Big Bend National Park,Texas,South,Boquillas Canyon Trail,1.2,229,Moderate,29.20065,-102.91936
Big Bend National Park,Texas,South,Burro Spring Trail,2.4,246,Easy,29.23082,-103.41749
Big Bend National Park,Texas,South,Cattail Falls,5.7,685,Moderate,29.27977,-103.36844
Big Bend National Park,Texas,South,Chihuahuan Desert Nature Trail,0.5,36,Easy,29.27233,-103.13587
Big Bend National Park,Texas,South,Chimneys Trail,4.6,364,Moderate,29.20576,-103.42343
Big Bend National Park,Texas,South,Cross Canyon Trail,13.3,3100,Hard,29.04524,-103.10654
Big Bend National Park,Texas,South,Dagger Flat Auto OHV Trail,14.7,810,Easy,29.48388,-103.13199
Big Bend National Park,Texas,South,Devil's Den Trail,4.5,357,Moderate,29.62241,-103.14261
Big Bend National Park,Texas,South,Dodson Trail,11.0,1925,Hard,29.21638,-103.36928
Big Bend National Park,Texas,South,Dog Canyon Trail,4.3,272,Easy,29.61909,-103.14198
Big Bend National Park,Texas,South,Dominguez Spring Trail,13.5,1213,Moderate,29.04482,-103.27968
Big Bend National Park,Texas,South,Dorgan Sublett Trail,0.8,59,Easy,29.15411,-103.57976
Big Bend National Park,Texas,South,Elephant Tusk Trail,18.4,2906,Hard,29.12686,-103.207
Big Bend National Park,Texas,South,Emory Peak - Northeast Rim - South Rim Loop,17.1,3681,Expert,29.27465,-103.30115
Big Bend National Park,Texas,South,Emory Peak Loop via Pinnacles & Laguna Meadow,10.8,2680,Hard,29.27048,-103.30166
Big Bend National Park,Texas,South,Emory Peak Trail,8.5,2401,Hard,29.27022,-103.301
Big Bend National Park,Texas,South,Ernst Tinaja Trail,1.9,131,Easy,29.25105,-103.02342
Big Bend National Park,Texas,South,Estufa Canyon to Banta Shut-In,14.7,1217,Hard,29.31001,-103.16408
Big Bend National Park,Texas,South,Fossil Bone Exhibit Trail,0.2,9,Easy,29.41904,-103.13755
Big Bend National Park,Texas,South,Glenn Spring OHV Trail,25.1,853,Moderate,29.27066,-103.15091
Big Bend National Park,Texas,South,Glenn Springs Trail,0.5,29,Easy,29.17311,-103.15504
Big Bend National Park,Texas,South,Homer Wilson Trail,0.7,68,Easy,29.21659,-103.3694
Big Bend National Park,Texas,South,Hot Springs Canyon Trail,5.5,921,Moderate,29.18655,-102.97276
Big Bend National Park,Texas,South,Indian Head Trail,1.9,95,Easy,29.33277,-103.50682
Big Bend National Park,Texas,South,Juniper Canyon Trail,12.5,3730,Hard,29.22393,-103.24117
Big Bend National Park,Texas,South,Laguna Meadow Trail,7.8,1755,Moderate,29.27064,-103.30095
Big Bend National Park,Texas,South,Lost Mine Trail,4.2,1099,Moderate,29.2744,-103.28635
Big Bend National Park,Texas,South,Lower Burro Mesa Pouroff Trail,1.0,144,Easy,29.23407,-103.40705
Big Bend National Park,Texas,South,Mariscal Canyon Rim Trail,12.0,2417,Moderate,28.98851,-103.18435
Big Bend National Park,Texas,South,Marufo Vega Trail,13.5,2660,Hard,29.19944,-102.92812
Big Bend National Park,Texas,South,Mesa De Anguila Trail,5.7,944,Hard,29.2586,-103.76744
Big Bend National Park,Texas,South,Mule Ear Spring,3.9,410,Easy,29.16661,-103.4351
Big Bend National Park,Texas,South,Mule Ears - Smoky Creek Trail,7.0,951,Moderate,29.16633,-103.43552
Big Bend National Park,Texas,South,Oak Spring Trail,4.3,1272,Moderate,29.28289,-103.35014
Big Bend National Park,Texas,South,Old Maverick OHV Route,12.6,193,Easy,29.29385,-103.49492
Big Bend National Park,Texas,South,Old Ore OHV Road,26.5,1115,Moderate,29.48783,-103.09819
Big Bend National Park,Texas,South,Ore Terminal Trail,8.5,1286,Hard,29.19937,-102.92809
Big Bend National Park,Texas,South,Outer Mountain Loop,24.1,5708,Hard,29.2164,-103.36906
Big Bend National Park,Texas,South,Paint Gap Road,7.6,390,Easy,29.3585,-103.2919
Big Bend National Park,Texas,South,Panther Path,0.1,3,Easy,29.3282,-103.20606
Big Bend National Park,Texas,South,Persimmon Gap Draw,1.8,295,Moderate,29.66011,-103.1735
Big Bend National Park,Texas,South,Pine Canyon Trail,4.3,1000,Moderate,29.26699,-103.22779
Big Bend National Park,Texas,South,Pinnacles Trail,8.0,1965,Hard,29.27019,-103.30096
Big Bend National Park,Texas,South,Rancherias Canyon,11.0,1282,Moderate,29.33275,-104.04834
Big Bend National Park,Texas,South,Rio Grande Overlook,0.2,0,Easy,29.20147,-102.97495
Big Bend National Park,Texas,South,Rio Grande Village Drive,20.3,416,Easy,29.32833,-103.20585
Big Bend National Park,Texas,South,Rio Grande Village Nature Trail,1.0,121,Easy,29.17926,-102.9544
Big Bend National Park,Texas,South,River Road OHV Trail,78.2,2867,Moderate,29.14732,-103.49104
Big Bend National Park,Texas,South,Rooney's Place trail,0.7,6,Easy,29.09906,-103.07076
Big Bend National Park,Texas,South,Ross Maxwell Scenic Drive,30.9,1725,Easy,29.32203,-103.38324
Big Bend National Park,Texas,South,Sam Nail Ranch Trail,0.3,29,Easy,29.2793,-103.36866
Big Bend National Park,Texas,South,Santa Elena Canyon Trail,1.5,610,Easy,29.16735,-103.6105
Big Bend National Park,Texas,South,South Rim Trail - Boot Springs Trail,11.0,2329,Hard,29.26998,-103.30112
Big Bend National Park,Texas,South,Strawhouse Trail,7.0,629,Easy,29.19918,-102.92793
Big Bend National Park,Texas,South,Terlingua Abaja Trail,0.8,91,Easy,29.19795,-103.60364
Big Bend National Park,Texas,South,The River Road OHV Trail,50.7,2234,Moderate,29.19042,-103.01584
Big Bend National Park,Texas,South,The River Road: Lajitas to Presidio,66.4,3861,Easy,29.32949,-103.53488
Big Bend National Park,Texas,South,The Window Trail,5.2,948,Moderate,29.27021,-103.30106
Big Bend National Park,Texas,South,Tuff Canyon Trail,1.0,98,Easy,29.14949,-103.48735
Big Bend National Park,Texas,South,Upper Burro Mesa Pouroff,3.7,501,Easy,29.22948,-103.37776
Big Bend National Park,Texas,South,Ward Spring Trail,2.8,492,Moderate,29.24867,-103.37223
Big Bend National Park,Texas,South,Window View Trail,0.3,13,Easy,29.27017,-103.301
Biscayne National Park,Florida,South,Biscayne National Park Walk,9.9,3,Easy,25.53849,-80.33091
Biscayne National Park,Florida,South,Black Creek Canal Trail,1.7,3,Easy,25.54017,-80.32772
Biscayne National Park,Florida,South,Boca Chita Trail,0.8,3,Easy,25.52443,-80.17485
Biscayne National Park,Florida,South,Jetty Trail,0.9,0,Easy,25.46415,-80.3356
Black Canyon of the Gunnison National Park,Colorado,Central,Cedar Point Nature Trail,0.3,16,Moderate,38.57637,-107.7206
Black Canyon of the Gunnison National Park,Colorado,Central,Chasm View Nature Trail,0.6,108,Easy,38.58485,-107.70896
Black Canyon of the Gunnison National Park,Colorado,Central,Chasm View South Rim Lookout Trail,0.1,0,Easy,38.58116,-107.71483
Black Canyon of the Gunnison National Park,Colorado,Central,Cross Fissures Trail,0.3,114,Easy,38.5705,-107.70359
Black Canyon of the Gunnison National Park,Colorado,Central,Dead Horse Trail,5.3,682,Moderate,38.56201,-107.67765
Black Canyon of the Gunnison National Park,Colorado,Central,Deadhorse Loop Trail,4.1,561,Moderate,38.56199,-107.67712
Black Canyon of the Gunnison National Park,Colorado,Central,Devils Lookout Trail,0.5,65,Easy,38.57157,-107.70827
Black Canyon of the Gunnison National Park,Colorado,Central,Dragon Point Trail,0.4,59,Easy,38.57396,-107.72309
Black Canyon of the Gunnison National Park,Colorado,Central,East Portal Trail,0.8,19,Easy,38.52786,-107.64904
Black Canyon of the Gunnison National Park,Colorado,Central,Exclamation Point,2.9,364,Easy,38.58664,-107.70502
Black Canyon of the Gunnison National Park,Colorado,Central,Green Mountain Summit Via North Vista Trail,6.5,1227,Moderate,38.58674,-107.70492
Black Canyon of the Gunnison National Park,Colorado,Central,Gunnison Point Overlook,0.2,78,Easy,38.55479,-107.68639
Black Canyon of the Gunnison National Park,Colorado,Central,Gunnison Route Trail,1.8,1781,Expert,38.55487,-107.68646
Black Canyon of the Gunnison National Park,Colorado,Central,High Point Trail,0.3,32,Moderate,38.56258,-107.74128
Black Canyon of the Gunnison National Park,Colorado,Central,Oak Flat Loop Trail,1.3,311,Moderate,38.55468,-107.68673
Black Canyon of the Gunnison National Park,Colorado,Central,Painted Wall View Trail,0.2,6,Easy,38.5805,-107.7161
Black Canyon of the Gunnison National Park,Colorado,Central,Pulpit Rock Overlook Trail,0.1,16,Easy,38.5652,-107.70037
Black Canyon of the Gunnison National Park,Colorado,Central,Rim Rock Nature Trail,1.5,187,Moderate,38.55407,-107.68605
Black Canyon of the Gunnison National Park,Colorado,Central,Rock Point Trail,0.4,22,Easy,38.57053,-107.70663
Black Canyon of the Gunnison National Park,Colorado,Central,Sunset View Trail,0.1,3,Easy,38.56876,-107.73352
Black Canyon of the Gunnison National Park,Colorado,Central,Tomichi Trail,1.3,1788,Hard,38.5504,-107.68703
Black Canyon of the Gunnison National Park,Colorado,Central,Uplands Trail,2.2,291,Easy,38.55479,-107.68667
Black Canyon of the Gunnison National Park,Colorado,Central,Warner Point Nature Trail,1.5,406,Easy,38.56251,-107.74201
Black Canyon of the Gunnison National Park,Colorado,Central,Warner Route,4.2,3034,Expert,38.56246,-107.742
Bryce Canyon National Park,Utah,Southwest,Agua Canyon Connecting Trail,3.0,1000,Moderate,37.50369,-112.26266
Bryce Canyon National Park,Utah,Southwest,Bristlecone Loop Trail,1.0,88,Easy,37.47529,-112.23953
Bryce Canyon National Park,Utah,Southwest,Bryce Canyon NP Scenic Drive,20.5,2444,Easy,37.69256,-112.15205
Bryce Canyon National Park,Utah,Southwest,Bryce Canyon Rim Trail,10.7,1587,Moderate,37.64924,-112.1472
Bryce Canyon National Park,Utah,Southwest,Bryce Point Trail,0.2,26,Easy,37.60419,-112.15679
Bryce Canyon National Park,Utah,Southwest,Bryce Transverse using Park Shuttle,5.5,1151,Moderate,37.60429,-112.15679
Bryce Canyon National Park,Utah,Southwest,Fairyland Loop Trail,7.4,1541,Moderate,37.64927,-112.14717
Bryce Canyon National Park,Utah,Southwest,Hat Shop via Under the Rim Trail,4.0,967,Moderate,37.60334,-112.15602
Bryce Canyon National Park,Utah,Southwest,Inspiration to Queens Garden using Park Shuttle,2.8,587,Moderate,37.6162,-112.17043
Bryce Canyon National Park,Utah,Southwest,"Lower, Mid, and Upper Inspiration Points",0.6,134,Easy,37.61496,-112.17074
Bryce Canyon National Park,Utah,Southwest,Mossy Cave Turret Arch and Little Windows Trail,1.0,118,Easy,37.6658,-112.11033
Bryce Canyon National Park,Utah,Southwest,Navajo Loop Trail,1.4,459,Moderate,37.62339,-112.16718
Bryce Canyon National Park,Utah,Southwest,Navajo Loop Trail to Peekaboo Loop,4.4,1348,Moderate,37.62326,-112.16703
Bryce Canyon National Park,Utah,Southwest,Navajo Loop and Queen's Garden Trail,2.6,623,Moderate,37.62328,-112.16706
Bryce Canyon National Park,Utah,Southwest,Paria View,0.3,78,Easy,37.59635,-112.16967
Bryce Canyon National Park,Utah,Southwest,Peekaboo Loop Trail,5.2,1453,Moderate,37.60483,-112.1575
Bryce Canyon National Park,Utah,Southwest,"Peekaboo Loop, Wall Street, and Rim Trails",6.5,1879,Hard,37.60337,-112.15603
Bryce Canyon National Park,Utah,Southwest,Piracy Point,0.3,59,Easy,37.5449,-112.24682
Bryce Canyon National Park,Utah,Southwest,Queen Victoria via Queen's Garden Loop,2.1,406,Easy,37.63051,-112.16459
Bryce Canyon National Park,Utah,Southwest,"Rainbow Point, Yovimpa Point, and Bristlecone Loop",1.3,121,Easy,37.47538,-112.24024
Bryce Canyon National Park,Utah,Southwest,Riggs Spring Loop Trail,8.6,1853,Hard,37.47533,-112.24028
Bryce Canyon National Park,Utah,Southwest,Sheep Creek Connector Trail,11.1,1407,Moderate,37.58756,-112.21343
Bryce Canyon National Park,Utah,Southwest,Sheep Creek and Swamp Canyon Loop,4.1,800,Moderate,37.58755,-112.21316
Bryce Canyon National Park,Utah,Southwest,Sunset Point to Sunrise Point,1.1,82,Easy,37.62341,-112.16738
Bryce Canyon National Park,Utah,Southwest,Tower Bridge Trail,3.4,826,Easy,37.63163,-112.1647
Bryce Canyon National Park,Utah,Southwest,Under the Rim Trail,22.4,4366,Hard,37.47519,-112.24008
Bryce Canyon National Park,Utah,Southwest,Under the Rim Trail: Bryce Point to Whiteman Bench,13.0,3103,Expert,37.60437,-112.15692
Bryce Canyon National Park,Utah,Southwest,Wall Street and Queens Garden Loop Trail,3.1,577,Moderate,37.63051,-112.16459
Bryce Canyon National Park,Utah,Southwest,Wall Street and Queens Garden Loop to Peekaboo Loop (Figure Eight Trail),6.3,1499,Moderate,37.62413,-112.16745
Bryce Canyon National Park,Utah,Southwest,Whiteman Bench to Mud Canyon Spring,1.7,423,Easy,37.56388,-112.23901
Bryce Canyon National Park,Utah,Southwest,Yovimpa Point,0.3,6,Easy,37.47436,-112.24033
Canyonlands National Park,Utah,Southwest,Alcove Spring Trail,10.4,1476,Hard,38.4231,-109.90878
Canyonlands National Park,Utah,Southwest,Angel Arch from Cave Spring,25.9,1364,Moderate,38.15477,-109.75403
Canyonlands National Park,Utah,Southwest,Angel Arch from Squaw Flats,26.8,2312,Hard,38.14748,-109.80273
Canyonlands National Park,Utah,Southwest,Aztec Butte Trail,1.3,219,Moderate,38.3935,-109.88194
Canyonlands National Park,Utah,Southwest,Buck Canyon Overlook,0.1,0,Easy,38.34582,-109.861
Canyonlands National Park,Utah,Southwest,Cave Spring Trail,0.6,39,Moderate,38.15722,-109.75154
Canyonlands National Park,Utah,Southwest,Chesler Park Loop,29.2,4045,Moderate,38.15014,-109.80081
Canyonlands National Park,Utah,Southwest,Chesler Park Loop Trail,11.6,1935,Moderate,38.14161,-109.82733
Canyonlands National Park,Utah,Southwest,Chesler Park Loop Trail to the Joint and Druid Arch,24.7,3612,Moderate,38.15014,-109.80086
Canyonlands National Park,Utah,Southwest,Chesler Park and Druid Arch Loop from Squaw Flat Campground,21.5,3349,Moderate,38.14281,-109.80351
Canyonlands National Park,Utah,Southwest,Chocolate Drops Trail,7.3,580,Easy,38.17149,-110.01316
Canyonlands National Park,Utah,Southwest,Colorado River Overlook OHV Trail,14.1,698,Easy,38.16871,-109.76011
Canyonlands National Park,Utah,Southwest,Colorado River and Indian Creek Scenic OHV Trail,104.0,4763,Moderate,38.16813,-109.75988
Canyonlands National Park,Utah,Southwest,Confluence Overlook Trail,11.5,1345,Moderate,38.17818,-109.81725
Canyonlands National Park,Utah,Southwest,Confluence Overlook via Elephant Hill Trail Loop,14.7,1286,Moderate,38.14152,-109.82739
Canyonlands National Park,Utah,Southwest,Cyclone Canyon Trail,13.6,935,Moderate,38.17814,-109.81738
Canyonlands National Park,Utah,Southwest,Devils Pocket Loop,10.1,1679,Moderate,38.14145,-109.82719
Canyonlands National Park,Utah,Southwest,Doll House OHV Trail via the Poison Springs Canyon Road,122.3,9327,Hard,38.14177,-110.61027
Canyonlands National Park,Utah,Southwest,Druid Arch Trail,9.5,1374,Moderate,38.14161,-109.82746
Canyonlands National Park,Utah,Southwest,Druid Arch and Chesler Park Trail,5.5,1167,Moderate,38.14184,-109.82692
Canyonlands National Park,Utah,Southwest,Druid Arch to Chesler Park,12.5,2437,Moderate,38.14161,-109.82746
Canyonlands National Park,Utah,Southwest,Druid Arch to Chesler Park Loop,13.7,2539,Moderate,38.1416,-109.82744
Canyonlands National Park,Utah,Southwest,Elephant Canyon Loop via Squaw Flat to Chesler Park to Druid Arch,15.0,2565,Moderate,38.14759,-109.80259
Canyonlands National Park,Utah,Southwest,Elephant Hill,18.2,1751,Hard,38.15025,-109.80095
Canyonlands National Park,Utah,Southwest,Elephant Hill OHV Route,20.5,1706,Moderate,38.14976,-109.799
Canyonlands National Park,Utah,Southwest,Elephant Hill Trail,6.4,728,Easy,38.14171,-109.82783
Canyonlands National Park,Utah,Southwest,"Elephant Hill, Druid Arch, and Snowflat Loop Trail",9.8,1299,Moderate,38.14296,-109.80371
Canyonlands National Park,Utah,Southwest,False Kiva Trail,1.9,449,Moderate,38.42317,-109.90864
Canyonlands National Park,Utah,Southwest,Five Faces Pictograph OHV Trail,47.8,1345,Moderate,38.16767,-109.63162
Canyonlands National Park,Utah,Southwest,Flint Trail,5.7,1062,Moderate,38.1184,-110.12769
Canyonlands National Park,Utah,Southwest,Fort Bottom Ruin Trail,3.4,646,Moderate,38.44436,-110.01786
Canyonlands National Park,Utah,Southwest,Gooseberry Trail,4.2,1548,Hard,38.32284,-109.84953
Canyonlands National Park,Utah,Southwest,Grand View Point Trail,1.8,173,Easy,38.31073,-109.85654
Canyonlands National Park,Utah,Southwest,Green River Great Overlook,0.2,6,Easy,38.37962,-109.88818
Canyonlands National Park,Utah,Southwest,Harvest Scene,9.3,1663,Hard,38.1865,-109.97438
Canyonlands National Park,Utah,Southwest,Horseshoe Canyon Trail,6.9,1338,Hard,38.47355,-110.20041
Canyonlands National Park,Utah,Southwest,"Indian Creek Scenic Byway: Monticello to Needles District, Canyonlands",40.7,2339,Easy,38.07441,-109.3509
Canyonlands National Park,Utah,Southwest,Joint Trail,4.0,528,Moderate,38.10857,-109.87145
Canyonlands National Park,Utah,Southwest,Lathrop Canyon Trail,10.6,2582,Hard,38.43366,-109.82697
Canyonlands National Park,Utah,Southwest,Lost Canyon,8.2,784,Moderate,38.14294,-109.80365
Canyonlands National Park,Utah,Southwest,Lower Red Lake Canyon Trail,21.2,3743,Expert,38.14176,-109.82737
Canyonlands National Park,Utah,Southwest,Maze Overlook Trail,8.0,964,Moderate,38.23333,-110.00344
Canyonlands National Park,Utah,Southwest,Mesa Arch Trail,0.6,62,Easy,38.38925,-109.86797
Canyonlands National Park,Utah,Southwest,Murphy Hogback Trail,5.2,239,Easy,38.32324,-109.90764
Canyonlands National Park,Utah,Southwest,Murphy Point Trail,3.4,147,Easy,38.35504,-109.8633
Canyonlands National Park,Utah,Southwest,Murphy Trail,4.1,1046,Moderate,38.35496,-109.86383000000001
Canyonlands National Park,Utah,Southwest,Murphy Trail Loop,10.1,1614,Hard,38.35497,-109.8637
Canyonlands National Park,Utah,Southwest,Murphy Wash Trail,8.3,1443,Moderate,38.35498,-109.86367
Canyonlands National Park,Utah,Southwest,Neck Spring Trail,5.3,666,Moderate,38.4523,-109.82042
Canyonlands National Park,Utah,Southwest,Needles Overlook Trail,0.2,52,Easy,38.25988,-109.69595
Canyonlands National Park,Utah,Southwest,Pothole Point Trail,0.6,39,Easy,38.17028,-109.8065
Canyonlands National Park,Utah,Southwest,Roadside Ruin Trail,0.3,3,Easy,38.16315,-109.7626
Canyonlands National Park,Utah,Southwest,Salt Creek Canyon Trail,12.6,1732,Moderate,37.94954,-109.70591
Canyonlands National Park,Utah,Southwest,Salt Creek and Horse Canyon OHV Trail,16.0,918,Moderate,38.1549,-109.75408
Canyonlands National Park,Utah,Southwest,Shafer Canyon Overlook,0.3,45,Easy,38.45249,-109.82012
Canyonlands National Park,Utah,Southwest,Shafer Trail,19.2,3116,Moderate,38.52332,-109.65446
Canyonlands National Park,Utah,Southwest,Shafer Trail,18.3,1118,Moderate,38.47124,-109.81126
Canyonlands National Park,Utah,Southwest,Shafer Trail and White Rim OHV Road,53.0,5022,Easy,38.52363,-109.65765
Canyonlands National Park,Utah,Southwest,Shafer and Lathrop Canyon OHV Trail,48.5,3900,Moderate,38.47076,-109.81133
Canyonlands National Park,Utah,Southwest,Slickrock Foot Trail,2.4,137,Moderate,38.177,-109.81459
Canyonlands National Park,Utah,Southwest,Spanish Bottom to Dollhouse Granaries,2.8,1299,Hard,38.16085,-109.92863
Canyonlands National Park,Utah,Southwest,Squaw Flat and Big Spring Canyon Loop,6.6,656,Moderate,38.14348,-109.8036
Canyonlands National Park,Utah,Southwest,"Squaw Flat, Salt Creek, Druid Hill and Elephant Hill Loop",24.3,3041,Moderate,38.14772,-109.78715
Canyonlands National Park,Utah,Southwest,Squawflat Trail to Lost Canyon Peekaboo Trail,9.6,1489,Hard,38.14299,-109.80362
Canyonlands National Park,Utah,Southwest,Syncline Loop,8.6,1630,Expert,38.42641,-109.92618
Canyonlands National Park,Utah,Southwest,Taylor Canyon Trail,10.7,1778,Moderate,38.47548,-109.99865
Canyonlands National Park,Utah,Southwest,The Great Gallery,10.6,1646,Moderate,38.49557,-110.20798
Canyonlands National Park,Utah,Southwest,Upheaval Canyon Trail,7.1,308,Moderate,38.46816,-109.99879
Canyonlands National Park,Utah,Southwest,Upheaval Dome via Crater View Trail,1.5,301,Moderate,38.42634,-109.92605
Canyonlands National Park,Utah,Southwest,Upper Horse Canyon Trail,15.1,757,Moderate,38.23317,-110.04912
Canyonlands National Park,Utah,Southwest,Whale Rock Trail,0.8,131,Easy,38.42663,-109.91392
Canyonlands National Park,Utah,Southwest,White Rim OHV Loop,99.0,6279,Moderate,38.58283,-109.80123
Canyonlands National Park,Utah,Southwest,White Rim OHV Trail,98.8,8251,Hard,38.52471,-109.99278
Canyonlands National Park,Utah,Southwest,White Rim Overlook Trail,1.8,160,Easy,38.32272,-109.84955
Canyonlands National Park,Utah,Southwest,Wilhite Trail,11.2,2011,Hard,38.40422,-109.89828
Canyonlands National Park,Utah,Southwest,Zeus and Moses,1.4,623,Easy,38.47595,-109.9204
Capitol Reef National Park,Utah,Southwest,Brimhall Natural Bridge,2.3,823,Moderate,37.71796,-110.9301
Capitol Reef National Park,Utah,Southwest,Burro Wash Trail,7.6,994,Moderate,38.18134,-111.09435
Capitol Reef National Park,Utah,Southwest,Capitol Gorge Trail,4.5,374,Moderate,38.20955,-111.16924
Capitol Reef National Park,Utah,Southwest,Capitol Gorge to Tanks Trail,2.4,577,Easy,38.20961,-111.16913
Capitol Reef National Park,Utah,Southwest,Capitol Reef Scenic Drive,7.9,708,Easy,38.29077,-111.26142
Capitol Reef National Park,Utah,Southwest,Cassidy Arch Trail,2.9,702,Moderate,38.26375,-111.21564
Capitol Reef National Park,Utah,Southwest,Cathedral Valley OHV Loop Tour,64.6,3792,Moderate,38.27504,-111.08043
Capitol Reef National Park,Utah,Southwest,Chimney Rock Loop Trail,3.3,793,Moderate,38.315690000000004,-111.3039
Capitol Reef National Park,Utah,Southwest,Cohab Canyon - Cassidy Arch Trail,7.8,2391,Moderate,38.28258,-111.24635
Capitol Reef National Park,Utah,Southwest,Cohab Canyon Trail,3.0,793,Moderate,38.28268,-111.24624
Capitol Reef National Park,Utah,Southwest,Cohab to South Fruita Overlook,3.0,761,Moderate,38.2826,-111.24634
Capitol Reef National Park,Utah,Southwest,Cottonwood Wash,6.4,1207,Moderate,38.16557,-111.0904
Capitol Reef National Park,Utah,Southwest,Fremont Gorge Trail,4.3,1020,Moderate,38.2862,-111.24915
Capitol Reef National Park,Utah,Southwest,Fremont River Trail,2.1,410,Moderate,38.28511,-111.24632
Capitol Reef National Park,Utah,Southwest,Fruita Trail,3.1,196,Moderate,38.29074,-111.26139
Capitol Reef National Park,Utah,Southwest,Frying Pan Trail,8.5,2618,Moderate,38.28797,-111.22682
Capitol Reef National Park,Utah,Southwest,Golden Throne Trail,3.5,777,Moderate,38.20961,-111.16908
Capitol Reef National Park,Utah,Southwest,Goosenecks & Sunset Point,2.5,544,Easy,38.30747,-111.2954
Capitol Reef National Park,Utah,Southwest,Grand Wash Trail and Frying Pan Trail,12.1,3011,Hard,38.27824,-111.19272
Capitol Reef National Park,Utah,Southwest,Grand Wash Trail via Capitol Reef Scenic Dr.,6.9,557,Moderate,38.25628,-111.23266
Capitol Reef National Park,Utah,Southwest,Grand Wash Trail via Northeast Trailhead,4.4,400,Easy,38.27825,-111.1925
Capitol Reef National Park,Utah,Southwest,Halls Creek Canyon Trail,22.8,2601,Moderate,37.71794,-110.93012
Capitol Reef National Park,Utah,Southwest,Hamburger Rocks,11.4,725,Moderate,37.82629,-110.97833
Capitol Reef National Park,Utah,Southwest,Headquarters Canyon Route,2.2,406,Easy,37.83317,-110.98185
Capitol Reef National Park,Utah,Southwest,Hickman Bridge Trail,1.7,426,Moderate,38.28875,-111.2276
Capitol Reef National Park,Utah,Southwest,Lower Muley Twist Canyon Route,24.3,3316,Moderate,37.84715,-111.02667
Capitol Reef National Park,Utah,Southwest,Lower Muley Twist Canyon and Grand Gulch Loop,14.8,1328,Hard,37.82625,-110.97833
Capitol Reef National Park,Utah,Southwest,Lower Spring Canyon Trail,10.1,1095,Moderate,38.31567,-111.30387
Capitol Reef National Park,Utah,Southwest,Navajo Knobs Trail,8.7,2135,Hard,38.28876,-111.22763
Capitol Reef National Park,Utah,Southwest,Notom Road Scenic Byway 12,32.1,2601,Easy,38.2832,-111.12825
Capitol Reef National Park,Utah,Southwest,Old Wagon Loop Trail,3.7,1066,Hard,38.21679,-111.21353
Capitol Reef National Park,Utah,Southwest,Panorama Point,0.1,9,Easy,38.30695,-111.29576
Capitol Reef National Park,Utah,Southwest,Pleasant Creek Trail,7.1,531,Moderate,38.18058,-111.18077
Capitol Reef National Park,Utah,Southwest,Red Canyon Trail,2.6,223,Easy,38.00693,-111.08508
Capitol Reef National Park,Utah,Southwest,Rim Overlook Trail,4.1,1053,Hard,38.28879,-111.22765
Capitol Reef National Park,Utah,Southwest,Sheets Gulch Trail,19.5,1374,Hard,38.1162,-111.07144
Capitol Reef National Park,Utah,Southwest,Strike Valley Overlook Trail,6.2,400,Easy,37.85365,-111.04292
Capitol Reef National Park,Utah,Southwest,Sulphur Creek Route,11.5,1404,Easy,38.31716,-111.30914
Capitol Reef National Park,Utah,Southwest,Sulphur Creek Waterfall Hike,1.8,180,Easy,38.29112,-111.26169
Capitol Reef National Park,Utah,Southwest,Suprise Canyon Route,2.2,423,Moderate,37.83823,-110.98874
Capitol Reef National Park,Utah,Southwest,Upper Muley Twist,10.3,1354,Moderate,37.88176,-111.04678
Capitol Reef National Park,Utah,Southwest,Utah Highway 24 Scenic Byway: Loa to Hanksville,63.8,3805,Easy,38.40274,-111.64285
Carlsbad Caverns National Park,New Mexico,Southwest,Carlsbad Caverns Highway to Carlsbad Caverns National Park,14.7,1017,Easy,32.17496,-104.37547
Carlsbad Caverns National Park,New Mexico,Southwest,Carlsbad Caverns National Park Trail,0.8,45,Easy,32.17565,-104.44342
Carlsbad Caverns National Park,New Mexico,Southwest,Juniper Ridge Trail,1.9,462,Easy,32.18625,-104.44526
Carlsbad Caverns National Park,New Mexico,Southwest,North Slaughter Canyon Trail,11.1,1541,Moderate,32.11118,-104.56299
Carlsbad Caverns National Park,New Mexico,Southwest,Rattlesnake Canyon,5.4,682,Moderate,32.16557,-104.50305
Carlsbad Caverns National Park,New Mexico,Southwest,Slaughter Canyon Cave Trail,1.0,462,Moderate,32.11069,-104.56303
Carlsbad Caverns National Park,New Mexico,Southwest,Walnut Canyon Trail,0.3,26,Easy,32.18217,-104.43395
Carlsbad Caverns National Park,New Mexico,Southwest,Yucca Canyon Trail,3.8,1456,Moderate,32.09829,-104.58731
Channel Islands National Park,California,West,Arch Point Loop Trail,2.4,406,Moderate,33.48062,-119.02959
Channel Islands National Park,California,West,Black Mountain Trail,6.0,1279,Moderate,33.99341,-120.04382
Channel Islands National Park,California,West,Cueva Valdez to Arch Rock Trail,7.3,1758,Moderate,34.0195,-119.68476
Channel Islands National Park,California,West,Del Norte and Montanon Trail to Scorpion Campgroud,12.5,2660,Hard,34.01796,-119.68269
Channel Islands National Park,California,West,East Anacapa Island Trail,2.4,380,Easy,34.01662,-119.36207
Channel Islands National Park,California,West,East Point Trail,14.5,784,Moderate,34.00291,-120.05094
Channel Islands National Park,California,West,El Montanon Trail,8.5,1870,Hard,34.04834,-119.55981
Channel Islands National Park,California,West,Elephant Seal Cove Trail,3.3,823,Moderate,33.48146,-119.02955
Channel Islands National Park,California,West,Lobo Canyon Trail,4.8,413,Easy,34.00319,-120.09116
Channel Islands National Park,California,West,Montañon Ridge Loop,9.4,1735,Hard,34.0493,-119.56288
Channel Islands National Park,California,West,Pelican Bay Trail,4.0,820,Moderate,34.01749,-119.68349
Channel Islands National Park,California,West,Potato Harbor Trail,4.9,603,Easy,34.04983,-119.55657
Channel Islands National Park,California,West,Santa Barbara Island Loop,5.5,1082,Moderate,33.48152,-119.02957
Channel Islands National Park,California,West,Santa Cruz Island: Del Norte Campground to Chinese Harbor,8.0,1404,Moderate,34.01101,-119.66036
Channel Islands National Park,California,West,Santa Cruz Island: Pelican Bay And Prisoners Harbor Trails,8.6,1433,Moderate,34.01755,-119.68325
Channel Islands National Park,California,West,Santa Rosa Island - Pier to Ford Point,19.4,3123,Moderate,34.00762,-120.04863
Channel Islands National Park,California,West,Scorpion Bay to Cavern Point Loop,1.6,278,Easy,34.04903,-119.5575
Channel Islands National Park,California,West,Scorpion Canyon Loop Trail,4.5,784,Moderate,34.04985,-119.55645
Channel Islands National Park,California,West,Skunk Point Loop,6.1,249,Easy,33.97871,-120.01049
Channel Islands National Park,California,West,Smugglers Cove Trail,7.7,1400,Moderate,34.04989,-119.55633
Channel Islands National Park,California,West,"Smugglers Road, Scorpion Canyon and Potato Harbor",8.0,1282,Moderate,34.04987,-119.55629
Channel Islands National Park,California,West,Torrey Pines Trail,1.4,367,Easy,33.98371,-120.01923
Congaree National Park,South Carolina,Southeast,Boardwalk Loop Trail,2.4,13,Easy,33.82994,-80.8225
Congaree National Park,South Carolina,Southeast,Congaree Bluff Trail,2.1,19,Easy,33.83567,-80.828
Congaree National Park,South Carolina,Southeast,Congaree River Blue Trail,46.8,6,Moderate,33.96156,-81.03518
Congaree National Park,South Carolina,Southeast,Congaree River Trail,9.9,52,Easy,33.83015,-80.82322
Congaree National Park,South Carolina,Southeast,Kingsnake Trail,7.4,22,Easy,33.82033,-80.78757
Congaree National Park,South Carolina,Southeast,Oakridge Trail,6.3,19,Easy,33.83019,-80.82293
Congaree National Park,South Carolina,Southeast,Weston Lake Loop Trail,4.6,16,Easy,33.82961,-80.82374
Congaree National Park Wilderness,South Carolina,Southeast,Cedar Creek,7.5,9,Easy,33.81969,-80.7879
Crater Lake National Park,Oregon,Northwest,Annie Creek Canyon Trail,2.1,305,Moderate,42.86542,-122.16247
Crater Lake National Park,Oregon,Northwest,Castle Crest Wildflower Garden Trail,1.2,121,Easy,42.89664,-122.13375
Crater Lake National Park,Oregon,Northwest,Cleetwood Cove Trail,2.1,623,Moderate,42.97972,-122.08335
Crater Lake National Park,Oregon,Northwest,Crater Lake Rim Scenic Drive,50.2,5885,Easy,43.08861,-122.11648
Crater Lake National Park,Oregon,Northwest,Crater Peak Trail,7.0,1184,Moderate,42.88233,-122.09773
Crater Lake National Park,Oregon,Northwest,Discovery Point Trail,4.0,915,Easy,42.91089,-122.14595
Crater Lake National Park,Oregon,Northwest,Dutton Creek Trail,4.4,1043,Moderate,42.91206,-122.14762
Crater Lake National Park,Oregon,Northwest,Garfield Peak Trail,3.4,1069,Moderate,42.91,-122.14199
Crater Lake National Park,Oregon,Northwest,Godfrey Glen Trail,1.1,65,Easy,42.86676,-122.14558
Crater Lake National Park,Oregon,Northwest,Lady of the Woods Trail,0.7,111,Easy,42.89698,-122.13413
Crater Lake National Park,Oregon,Northwest,Lightning Spring Trail,8.4,1299,Moderate,42.93441,-122.17006
Crater Lake National Park,Oregon,Northwest,Mazama Village to Rim Village at Crater Lake,8.3,1742,Moderate,42.87174,-122.16931
Crater Lake National Park,Oregon,Northwest,Mount Scott Trail,4.2,1259,Moderate,42.92905,-122.03015
Crater Lake National Park,Oregon,Northwest,PCT: Crater Lake to Willamette Trailhead,80.5,10410,Moderate,42.87187,-122.16929
Crater Lake National Park,Oregon,Northwest,Pacific Crest Trail and Alternate Loop,31.0,3976,Hard,42.87199,-122.16928
Crater Lake National Park,Oregon,Northwest,Pinnacles Valley Trail,0.7,39,Easy,42.84983,-122.00705
Crater Lake National Park,Oregon,Northwest,Plaikni Falls Trail,2.0,134,Easy,42.901650000000004,-122.06111
Crater Lake National Park,Oregon,Northwest,Stuart Falls Trail,11.7,1440,Moderate,42.84313,-122.14949
Crater Lake National Park,Oregon,Northwest,Sun Notch Trail,0.8,127,Easy,42.9,-122.09549
Crater Lake National Park,Oregon,Northwest,The Watchman Peak Trail,1.6,387,Moderate,42.94581,-122.16896
Crater Lake National Park,Oregon,Northwest,Union Peak Trail,9.6,1683,Moderate,42.8711,-122.18044
Crater Lake National Park,Oregon,Northwest,Wizard Island Trail,2.3,751,Moderate,42.93439,-122.1503
Cuyahoga Valley National Park,Ohio,Northeast,Blue Hen Falls Trail,0.5,78,Moderate,41.25634,-81.57266
Cuyahoga Valley National Park,Ohio,Northeast,Boston Run Trail,3.1,232,Moderate,41.23206,-81.50731
Cuyahoga Valley National Park,Ohio,Northeast,Boston to Red Lock Loop via Buckeye Trail and Ohio and Erie Canal Towpath,7.8,774,Moderate,41.26274,-81.55908
Cuyahoga Valley National Park,Ohio,Northeast,Brandywine Gorge Trail,1.7,216,Moderate,41.27688,-81.54021
Cuyahoga Valley National Park,Ohio,Northeast,Buckeye Trail and Bridle Trail Loop from Red Lock Trailhead,5.7,528,Moderate,41.28954,-81.56376
Cuyahoga Valley National Park,Ohio,Northeast,Buckeye Trail and Ohio & Erie Canal Towpath Loop,3.6,334,Moderate,41.26251,-81.55878
Cuyahoga Valley National Park,Ohio,Northeast,Buckeye Trail and Ohio and Erie Canal Towpath Loop Extended,6.9,541,Moderate,41.26252,-81.5585
Cuyahoga Valley National Park,Ohio,Northeast,Buckeye Trail to Bridle Trail Loop,11.6,1263,Moderate,41.26282,-81.55818
Cuyahoga Valley National Park,Ohio,Northeast,Buckeye Trail to Valley Bridle Trail Loop,3.4,393,Moderate,41.23943,-81.53804
Cuyahoga Valley National Park,Ohio,Northeast,Buckeye Trail: Blue Hen to Jaite,7.7,1000,Moderate,41.25609,-81.57269
Cuyahoga Valley National Park,Ohio,Northeast,Buckeye Trail: Jaite to Boston,10.2,1453,Moderate,41.28875,-81.57178
Cuyahoga Valley National Park,Ohio,Northeast,Buckeye Trail: Jaite to Brecksville Station,7.5,669,Moderate,41.28877,-81.57174
Cuyahoga Valley National Park,Ohio,Northeast,Buckeye Trail: Short Loop,2.2,344,Easy,41.23942,-81.53818
Cuyahoga Valley National Park,Ohio,Northeast,"Buckeye, West Highland Road, and Stanford Loop",10.6,1164,Moderate,41.26344,-81.55849
Cuyahoga Valley National Park,Ohio,Northeast,Cross Country Trail from Kendall Lake,2.9,239,Moderate,41.21792,-81.52496
Cuyahoga Valley National Park,Ohio,Northeast,Cross Country Trail from Quick Road,3.6,351,Easy,41.20925,-81.52686
Cuyahoga Valley National Park,Ohio,Northeast,Cuyahoga Valley Trail,5.1,295,Easy,41.23938,-81.53801
Cuyahoga Valley National Park,Ohio,Northeast,East Rim MTB Trail,2.3,183,Moderate,41.25512,-81.51897
Cuyahoga Valley National Park,Ohio,Northeast,Forest Point Trail,0.8,39,Easy,41.22628,-81.5143
Cuyahoga Valley National Park,Ohio,Northeast,Furnace Run,1.7,242,Moderate,41.20417,-81.58072
Cuyahoga Valley National Park,Ohio,Northeast,Hale Farm Connector to Ohio & Erie Canal Towpath Trail,3.1,137,Easy,41.19402,-81.57763
Cuyahoga Valley National Park,Ohio,Northeast,Haskell Run Trail,0.7,70,Easy,41.23169,-81.50783
Cuyahoga Valley National Park,Ohio,Northeast,Kendall Lake Loop,1.0,59,Easy,41.21887,-81.52413
Cuyahoga Valley National Park,Ohio,Northeast,Langes Run and Butler’s Trail Loop,1.9,203,Easy,41.2123,-81.54555
Cuyahoga Valley National Park,Ohio,Northeast,Ledges Trail,2.6,154,Moderate,41.22386,-81.51015
Cuyahoga Valley National Park,Ohio,Northeast,Ledges Trail Loop via Haskell Run Trail,2.5,285,Moderate,41.23193,-81.50783
Cuyahoga Valley National Park,Ohio,Northeast,Ledges Trail and Pine Grove Trail Loop,3.6,275,Moderate,41.22308,-81.51057
Cuyahoga Valley National Park,Ohio,Northeast,Oak Hill Trail,1.4,95,Easy,41.21942,-81.57623
Cuyahoga Valley National Park,Ohio,Northeast,Ohio and Erie Canal Towpath Trail: Brecksville Station,4.4,68,Easy,41.31788,-81.58767
Cuyahoga Valley National Park,Ohio,Northeast,Ohio and Erie Canal Towpath and Buckeye Trail Loop,5.8,377,Moderate,41.24317,-81.55035
Cuyahoga Valley National Park,Ohio,Northeast,Ohio and Erie Canal Towpath from Boston Mills to Peninsula,4.9,91,Easy,41.26261,-81.55849
Cuyahoga Valley National Park,Ohio,Northeast,Ohio and Erie Canal Towpath from Ira Trailhead,3.1,42,Easy,41.18411,-81.58176
Cuyahoga Valley National Park,Ohio,Northeast,Ohio and Erie Canal Towpath: Peninsula to Boston Mills,4.8,85,Easy,41.2433,-81.54995
Cuyahoga Valley National Park,Ohio,Northeast,Ohio and Erie Canal Towpath: Red Lock to Peninsula,8.9,147,Easy,41.28955,-81.56379
Cuyahoga Valley National Park,Ohio,Northeast,Old Carriage Trail [CLOSED],5.3,347,Moderate,41.28957,-81.56437
Cuyahoga Valley National Park,Ohio,Northeast,Perkins Trail and Riding Run Loop,4.8,541,Moderate,41.20419,-81.5807
Cuyahoga Valley National Park,Ohio,Northeast,"Perkins Trail, Riding Run, and Furnace Trail Loop",5.7,787,Moderate,41.20425,-81.5806
Cuyahoga Valley National Park,Ohio,Northeast,Pine Grove Trail,2.0,91,Easy,41.22634,-81.51406
Cuyahoga Valley National Park,Ohio,Northeast,Pine Grove Trail and Ledges Trail Loop from Kendall Lake,3.8,324,Moderate,41.21802,-81.52488
Cuyahoga Valley National Park,Ohio,Northeast,Plateau Trail,4.4,318,Moderate,41.21948,-81.57649
Cuyahoga Valley National Park,Ohio,Northeast,Riding Run Trail Loop,3.8,429,Moderate,41.2042,-81.58074
Cuyahoga Valley National Park,Ohio,Northeast,Salt Run Trail,4.2,406,Moderate,41.21832,-81.52429
Cuyahoga Valley National Park,Ohio,Northeast,Stanford House to Brandywine Falls Trail,3.8,534,Moderate,41.27104,-81.5567
Cuyahoga Valley National Park,Ohio,Northeast,Three Waterfalls Loop [PRIVATE PROPERTY],7.5,797,Moderate,41.25596,-81.5727
Cuyahoga Valley National Park,Ohio,Northeast,Tree Farm Trail,2.8,147,Easy,41.23328,-81.56917
Cuyahoga Valley National Park,Ohio,Northeast,Twin Sister Falls,1.8,131,Easy,41.3183,-81.58776
Cuyahoga Valley National Park,Ohio,Northeast,Valley Bridle Trail,1.8,334,Easy,41.23937,-81.5381
Cuyahoga Valley National Park,Ohio,Northeast,Wetmore Bridle Trail,4.7,557,Moderate,41.21248,-81.54581
Cuyahoga Valley National Park,Ohio,Northeast,Wetmore Outer Loop,6.6,800,Moderate,41.21244,-81.54589
Cuyahoga Valley National Park,Ohio,Northeast,"Wetmore, Lake and Salt Run Trail Loop",9.7,1046,Moderate,41.21247,-81.54555
Death Valley National Park,California,West,Artist's Palette,0.4,114,Easy,36.33218,-116.80642
Death Valley National Park,California,West,Artists Drive,9.7,1653,Easy,36.33004,-116.83007
Death Valley National Park,California,West,Ashford Canyon Trail,9.4,2395,Moderate,35.91989,-116.6825
Death Valley National Park,California,West,Badwater Basin Salt Flats Trail,1.8,9,Easy,36.23035,-116.7668
Death Valley National Park,California,West,Big 4 Mines OHV Trail,16.2,1594,Easy,36.34264,-117.38866
Death Valley National Park,California,West,Chloride City OHV Trail,14.9,2611,Moderate,36.75057,-116.93674
Death Valley National Park,California,West,Coffin Peak,2.7,702,Moderate,36.21773,-116.72267
Death Valley National Park,California,West,Corkscrew Peak,7.0,3093,Hard,36.73892,-116.96825
Death Valley National Park,California,West,Cottonwood-Marble Canyon Loop,31.8,5613,Expert,36.64232,-117.26994
Death Valley National Park,California,West,Dante's View Trail,1.6,360,Easy,36.22072,-116.72648
Death Valley National Park,California,West,Darwin Falls Trail,5.8,826,Moderate,36.30312,-117.52471
Death Valley National Park,California,West,Darwin Falls Trail via Old Toll Road,1.9,226,Easy,36.32748,-117.51472
Death Valley National Park,California,West,Death Valley Buttes,3.7,1473,Hard,36.723910000000004,-116.97807
Death Valley National Park,California,West,Death Valley Natural Bridge Road,4.3,1000,Easy,36.27403,-116.79283
Death Valley National Park,California,West,Death Valley Scenic Drive OHV Trail,54.5,7992,Moderate,37.01767,-117.41107
Death Valley National Park,California,West,Death Valley West Side OHV Road,35.8,429,Easy,35.93775,-116.70463
Death Valley National Park,California,West,Desolation Canyon Trail,3.6,770,Moderate,36.39584,-116.83872
Death Valley National Park,California,West,Devil's Golf Course,2.6,72,Easy,36.29856,-116.8117
Death Valley National Park,California,West,Echo Pass and Inyo Mine OHV Loop,7.3,1302,Moderate,36.51645,-116.67861
Death Valley National Park,California,West,Eureka Dunes,3.5,616,Moderate,37.11194,-117.6807
Death Valley National Park,California,West,Fall Canyon Trail,6.6,2155,Moderate,36.8222,-117.17391
Death Valley National Park,California,West,Father Crowley Vista,1.2,72,Easy,36.35184,-117.55048
Death Valley National Park,California,West,Golden Canyon Trail to Red Cathedral,2.9,574,Moderate,36.42062,-116.84703
Death Valley National Park,California,West,Golden Canyon and Gower Gulch Loop via Zabriskie Point,5.8,1092,Moderate,36.4208,-116.81035
Death Valley National Park,California,West,Goler Canyon OHV Road,10.9,3487,Moderate,35.85897,-117.17974
Death Valley National Park,California,West,Goler Wash and Mengal Pass Route,61.6,4990,Hard,36.0337,-117.28167
Death Valley National Park,California,West,Gower Gulch Loop Trail,4.2,715,Moderate,36.42055,-116.84767
Death Valley National Park,California,West,Grotto Canyon,2.1,672,Moderate,36.58239,-117.10433
Death Valley National Park,California,West,Hanaupah Canyon Trail,17.9,3976,Moderate,36.22563,-116.88152
Death Valley National Park,California,West,Harmony Borax Works,0.4,22,Easy,36.47987,-116.8733
Death Valley National Park,California,West,Harry Wade Road OHV Trail,31.5,748,Easy,35.89917,-116.65586
Death Valley National Park,California,West,Helios Canyon,3.4,2168,Expert,36.20145,-116.76999
Death Valley National Park,California,West,Hidden Valley OHV Drive,29.4,2683,Moderate,36.75999,-117.54233
Death Valley National Park,California,West,Historic Stovepipe Well,0.2,0,Easy,36.65905,-117.07939
Death Valley National Park,California,West,Hunter Mountain OHV Road,10.7,2247,Moderate,36.60175,-117.46085
Death Valley National Park,California,West,Ibex Dunes Trail,5.7,485,Moderate,35.73869,-116.38247
Death Valley National Park,California,West,Indian Pass,13.0,1870,Hard,36.54764,-116.89007
Death Valley National Park,California,West,Inyo Mine Trail,0.8,239,Moderate,36.49337,-116.70383
Death Valley National Park,California,West,Jack Gunn Maltese Peak Trail,1.1,442,Moderate,36.43698,-117.60708
Death Valley National Park,California,West,Johnson Canyon OHV Trail,23.1,5239,Moderate,36.09819,-116.8455
Death Valley National Park,California,West,Jubilee Mountain,2.2,1177,Hard,35.91015,-116.57937
Death Valley National Park,California,West,Kaleidoscope Canyon Trail,5.8,1486,Hard,35.90761,-116.62076
Death Valley National Park,California,West,Lippincott Mine Road,6.8,1958,Hard,36.62027,-117.6484
Death Valley National Park,California,West,Little Bridge Canyon Trail,6.0,1866,Hard,36.60106,-117.09666
Death Valley National Park,California,West,Lower Telephone Canyon,4.9,1190,Moderate,36.48687,-117.19928
Death Valley National Park,California,West,Manly Beacon via Zabriskie Point and Gower Gulch,3.2,541,Moderate,36.42094,-116.81009
Death Valley National Park,California,West,Marble Canyon Petroglyphs,10.8,1486,Easy,36.64162,-117.29155
Death Valley National Park,California,West,Mesquite Flat Sand Dunes Trail,2.8,206,Easy,36.60611,-117.1151
Death Valley National Park,California,West,Monarch Canyon/Mine Trail,2.4,472,Easy,36.73672,-116.91251
Death Valley National Park,California,West,Mosaic Canyon Trail,3.5,1066,Easy,36.57185,-117.14421
Death Valley National Park,California,West,Mt. Perry,8.7,2089,Moderate,36.22096,-116.72655
Death Valley National Park,California,West,Panamint Dunes Trail,3.5,544,Moderate,36.45381,-117.45123
Death Valley National Park,California,West,Pinon Mesa via Hummingbird Spring Trail,3.5,1003,Moderate,36.24851,-117.12722
Death Valley National Park,California,West,Pride Rock,2.5,13,Easy,36.60836,-117.14413
Death Valley National Park,California,West,Racetrack Valley OHV Road,28.9,2627,Moderate,37.0128,-117.45775
Death Valley National Park,California,West,"Red Canyon, Manly Beacon, Zabriskie Point Loop",4.7,1177,Moderate,36.4208,-116.81035
Death Valley National Park,Nevada,West,Rhyolite Ghost Town,1.1,118,Easy,36.89737,-116.82951
Death Valley National Park,California,West,Ridgecrest to Death Valley OHV Trail,165.9,9993,Moderate,35.61407,-117.67073
Death Valley National Park,California,West,Saline Valley Hot Spring,0.3,0,Easy,36.83402,-117.73855
Death Valley National Park,California,West,Saline Valley OHV Road,82.4,10164,Moderate,36.3308,-117.71478
Death Valley National Park,California,West,Salt Creek Interpretive Trail,0.9,26,Easy,36.5907,-116.98989
Death Valley National Park,California,West,Scotty's Spring,11.1,2454,Hard,35.91984,-116.68249
Death Valley National Park,California,West,Sidewinder Canyon,3.9,1046,Moderate,36.06593,-116.74484
Death Valley National Park,California,West,Skidoo OHV Road,17.2,1630,Moderate,36.38589,-117.15093
Death Valley National Park,California,West,Swaney Loop,14.2,2969,Moderate,36.61949,-117.33029
Death Valley National Park,California,West,Telescope Peak Trail,12.0,3323,Hard,36.22988,-117.06829
Death Valley National Park,California,West,Telescope Peak via Shorty's Well Route,19.9,11692,Hard,36.22563,-116.8816
Death Valley National Park,California,West,Texas Springs Trail,1.8,357,Easy,36.45958,-116.85234
Death Valley National Park,California,West,The Grandstand via Racetrack Trail,1.8,59,Easy,36.69389,-117.57139
Death Valley National Park,Nevada,West,Thimble Peak Trail,3.2,1646,Moderate,36.82866,-117.03255
Death Valley National Park,California,West,Titus Canyon Narrows,1.2,242,Easy,36.82184,-117.17427
Death Valley National Park,Nevada,West,Titus Canyon Road,26.0,2417,Easy,36.85936,-116.84565
Death Valley National Park,California,West,Tule Springs,0.5,3,Easy,36.24328,-116.88165
Death Valley National Park,California,West,Ubehebe Peak Trail,4.0,2306,Hard,36.69439,-117.57159
Death Valley National Park,California,West,Ubehebe and Little Hebe Crater Trail,2.2,725,Easy,37.01083,-117.4549
Death Valley National Park,California,West,Ubeheh Crater Path,0.6,127,Easy,37.01081,-117.45493
Death Valley National Park,California,West,Willow Canyon Trail,4.6,1338,Moderate,36.06574,-116.74471
Death Valley National Park,California,West,Zabriskie Point,0.4,52,Easy,36.42095,-116.80986
Death Valley National Park,California,West,Zabriskie Point and Gower Gulch Path Loop,2.7,413,Moderate,36.42082,-116.81018
Denali National Park,Alaska,Northwest,Bison Gulch,7.0,3868,Hard,63.80507,-148.95336
Denali National Park,Alaska,Northwest,Bison Gulch to Denali Visitors Center,9.8,4547,Hard,63.80495,-148.95416
Denali National Park,Alaska,Northwest,Blueberry Hill Trail,0.9,154,Moderate,63.49541,-150.88137
Denali National Park,Alaska,Northwest,Camp Ridge Trail,4.2,1768,Hard,63.52451,-150.96072
Denali National Park,Alaska,Northwest,Eldorado Creek Trail,8.5,1305,Moderate,63.52668,-150.96891
Denali National Park,Alaska,Northwest,Horseshoe Lake Trail,2.1,393,Easy,63.73661,-148.915
Denali National Park,Alaska,Northwest,Jonesville Trail,0.9,173,Easy,63.73334,-148.89618
Denali National Park,Alaska,Northwest,McKinley Bar Trail,4.6,971,Easy,63.45799,-150.85
Denali National Park,Alaska,Northwest,McKinley Station Trail,2.9,374,Easy,63.73324,-148.89659
Denali National Park,Alaska,Northwest,McKinley Station and Morino Loop Trail,0.9,111,Moderate,63.7315,-148.91785
Denali National Park,Alaska,Northwest,Mount Healy Overlook Trail,4.3,1666,Moderate,63.73049,-148.91968
Denali National Park,Alaska,Northwest,Mount Thorofare Ridge Loop,4.1,1666,Hard,63.43108,-150.31096
Denali National Park,Alaska,Northwest,Quigley Ridge Trail,9.1,2398,Moderate,63.52444,-150.96015
Denali National Park,Alaska,Northwest,Roadside Trail,3.4,705,Easy,63.73034,-148.91945
Denali National Park,Alaska,Northwest,Rock Creek Trail,4.4,944,Moderate,63.73056,-148.91955
Denali National Park,Alaska,Northwest,Spruce Tree Trail,0.4,78,Easy,63.73136,-148.91762
Denali National Park,Alaska,Northwest,Stampede Trail to Sushana River,38.2,4242,Hard,63.88374,-149.26764
Denali National Park,Alaska,Northwest,Taiga Trail,1.6,206,Moderate,63.73043,-148.91922
Denali National Park,Alaska,Northwest,Tiaga Loop and Horseshoe Lake Trail to Beaver Dam,3.0,521,Moderate,63.73128,-148.9171
Denali National Park,Alaska,Northwest,Triple Lakes Trail,18.5,3690,Hard,63.73319,-148.89682
Dry Tortugas National Park,Florida,South,Fort Jefferson Loop,0.5,3,Easy,24.62723,-82.87242
Everglades National Park,Florida,South,Anhinga Trail,1.5,0,Easy,25.38252,-80.60978
Everglades National Park,Florida,South,Bear Lake Trail,7.8,9,Easy,25.14393,-80.92357
Everglades National Park,Florida,South,Bobcat Boardwalk Trail,0.4,0,Easy,25.75662,-80.7661
Everglades National Park,Florida,South,Christian Point Trail,5.2,19,Easy,25.14418,-80.92382
Everglades National Park,Florida,South,Eco Pond Trail,0.5,3,Easy,25.13873,-80.93758
Everglades National Park,Florida,South,Everglades Coastal Prairie Trail,17.0,16,Easy,25.13673,-80.94849
Everglades National Park,Florida,South,Everglades National Park East Entrance to Flamingo Scenic Route,36.2,26,Easy,25.4036,-80.55841
Everglades National Park,Florida,South,Fakahatchee Island,19.7,0,Moderate,25.83536,-81.50646
Everglades National Park,Florida,South,Flamingo Campground,2.2,3,Easy,25.13763,-80.93821
Everglades National Park,Florida,South,Flamingo to Coot Bay,7.5,6,Easy,25.14257,-80.92257
Everglades National Park,Florida,South,Gumbo Limbo Trail,0.4,0,Easy,25.38245,-80.61006
Everglades National Park,Florida,South,Guy Bradley Trail,1.0,6,Easy,25.14033,-80.92546
Everglades National Park,Florida,South,Long Pine Key Trail,15.5,0,Easy,25.42802,-80.72079
Everglades National Park,Florida,South,Mahogany Hammock Trail,0.4,0,Easy,25.32375,-80.83196
Everglades National Park,Florida,South,Nine Mile Pond,5.5,0,Easy,25.25362,-80.79805
Everglades National Park,Florida,South,Otter Cave Hammock Trail,0.3,0,Easy,25.74861,-80.76693
Everglades National Park,Florida,South,Pa-Hay-Okee Overlook Trail,0.2,0,Easy,25.44076,-80.78342
Everglades National Park,Florida,South,Pinelands Trail,0.4,0,Easy,25.42319,-80.67959
Everglades National Park,Florida,South,Rowdy Bend Trail,5.2,6,Easy,25.17508,-80.90501
Everglades National Park,Florida,South,Shark Valley Trail,15.8,22,Easy,25.7567,-80.76584
Everglades National Park,Florida,South,Snake Bight Trail,3.6,3,Easy,25.20107,-80.87416
Everglades National Park,Florida,South,West Lake Canoe Trails,17.1,3,Easy,25.21468,-80.85047
Everglades National Park,Florida,South,West Lake Trail,0.3,0,Easy,25.21429,-80.85071
Everglades National Park,Florida,South,Wilderness Waterway,88.9,19,Moderate,25.14256,-80.92243
Fort Hunt National Park,Virginia,South,Fort Hunt Park Main Loop,1.3,32,Easy,38.71518,-77.05732
Fort Hunt National Park,Virginia,South,Fort Hunt Park Short Loop,0.7,13,Easy,38.71507,-77.05733
Fort Hunt National Park,Virginia,South,Mount Vernon Trail,18.4,620,Easy,38.7108,-77.08579
Fort Pickens National Park,Florida,South,Blackbird Marsh Trail,1.6,9,Easy,30.31943,-87.26118
Fort Pickens National Park,Florida,South,Fort Pickens Trail,8.2,88,Easy,30.31858,-87.24114
Gateway Arch National Park,Missouri,Other,Jefferson National Expansion Memorial,1.6,68,Easy,38.62327,-90.18743
Gateway Arch National Park,Missouri,Other,St. Louis Riverfront Trail,21.4,360,Easy,38.63514,-90.18118
Glacier Bay National Park,Alaska,Northwest,Bartlet Lake Trail,5.9,465,Easy,58.46205,-135.77323
Glacier Bay National Park,Alaska,Northwest,Bartlett Cove Forest Loop Trail,1.1,111,Easy,58.45462,-135.88312
Glacier Bay National Park,Alaska,Northwest,Bartlett River Trail,6.9,875,Easy,58.4543,-135.86902
Glacier Bay National Park,Alaska,Northwest,Point Gustavus,12.5,387,Moderate,58.45379,-135.88686
Glacier Bay National Park,Alaska,Northwest,Tlingit Trail,1.1,65,Easy,58.45442,-135.88565
Glacier National Park,Montana,Northwest,Akokala Lake Trail,11.4,2076,Moderate,48.82859,-114.20173
Glacier National Park,Montana,Northwest,Apgar Bike Trail,3.5,26,Easy,48.5272,-113.99454
Glacier National Park,Montana,Northwest,Apgar Lookout Trail,7.1,1860,Hard,48.50434,-114.02082
Glacier National Park,Montana,Northwest,Apikuni Falls Trail via Appekunny Creek Trail,1.8,587,Easy,48.80541,-113.63446
Glacier National Park,Montana,Northwest,Apikuni Mountain,6.4,4104,Hard,48.80544,-113.63455
Glacier National Park,Montana,Northwest,Appistoki Falls,1.2,164,Easy,48.48511,-113.36152
Glacier National Park,Montana,Northwest,Aster Park,3.5,666,Expert,48.48323,-113.36946
Glacier National Park,Montana,Northwest,Aster Park Overlook and Rockwell Falls,9.0,1020,Moderate,48.48442,-113.36922
Glacier National Park,Montana,Northwest,Avalanche Lake via the Trail of the Cedars,5.7,748,Moderate,48.68007,-113.81912
Glacier National Park,Montana,Northwest,Baring Falls Via Piegan Pass Trail,1.3,65,Easy,48.67611,-113.58136
Glacier National Park,Montana,Northwest,Baring Falls via Piegan Pass Trail,1.9,206,Moderate,48.67387,-113.60872
Glacier National Park,Montana,Northwest,Beaver Pond Trail,3.4,410,Easy,48.73799,-113.43793
Glacier National Park,Montana,Northwest,Belly River Trail,15.3,1368,Moderate,48.99586,-113.65964
Glacier National Park,Montana,Northwest,Belly River Trail to Cosley Lake,17.8,1876,Hard,48.99598,-113.65968
Glacier National Park,Montana,Northwest,Belly River Trail to Foot Glenns Lake,10.5,767,Moderate,48.99587,-113.66023
Glacier National Park,Montana,Northwest,Boulder Pass Trail,29.3,4616,Moderate,48.95783,-113.8922
Glacier National Park,Montana,Northwest,Boulder Pass to Lake Janet,8.0,1082,Moderate,48.95767,-113.89239
Glacier National Park,Montana,Northwest,Bowman Lake Trail,26.2,3090,Hard,48.83047,-114.20242
Glacier National Park,Montana,Northwest,Bowman Lake Trail to Upper Waterton Lake,43.3,5485,Moderate,48.82924,-114.20052
Glacier National Park,Montana,Northwest,Bullhead Lake Trail,6.9,442,Moderate,48.79771,-113.67863
Glacier National Park,Montana,Northwest,Chief Mountain,6.3,2880,Hard,48.95531,-113.60198
Glacier National Park,Montana,Northwest,Cobalt Lake,10.6,1551,Moderate,48.4836,-113.36931
Glacier National Park,Montana,Northwest,Cobalt Lake-Two Medicine Pass,22.9,3421,Moderate,48.49227,-113.36566
Glacier National Park,Montana,Northwest,Comeau Pass Via Sperry Lake Trail,16.5,4901,Hard,48.61682,-113.8754
Glacier National Park,Montana,Northwest,Continental Divide Trail to Fifty Mountain Shelter,32.0,17568,Moderate,48.75496,-113.80047
Glacier National Park,Montana,Northwest,Covey Meadow Loop,2.2,196,Easy,48.7838,-114.27983
Glacier National Park,Montana,Northwest,Cracker Lake Trail,12.0,1650,Moderate,48.79495,-113.65599
Glacier National Park,Montana,Northwest,Cut Bank Pass via Pitamakan Trail,29.9,6184,Expert,48.60248,-113.38368
Glacier National Park,Montana,Northwest,Dawson Pass and Pitamakan Pass Loop,17.2,3641,Expert,48.4921,-113.36553
Glacier National Park,Montana,Northwest,Dry Fork Trail,5.4,777,Moderate,48.50511,-113.32923
Glacier National Park,Montana,Northwest,Fielding Coal Creek Trail,30.4,8408,Hard,48.28443,-113.45227
Glacier National Park,Montana,Northwest,Firebrand Pass,10.7,2211,Moderate,48.37136,-113.27959
Glacier National Park,Montana,Northwest,Firebrand Trail to Ole Creek,22.7,3100,Hard,48.37171,-113.27942
Glacier National Park,Montana,Northwest,Fish Lake Trail,5.5,1338,Moderate,48.61739,-113.87692
Glacier National Park,Montana,Northwest,Florence Falls Trail,9.2,1174,Moderate,48.67734,-113.65214
Glacier National Park,Montana,Northwest,Gable Pass Trail via Otatso Creek,30.0,6459,Moderate,48.94736,-113.50028
Glacier National Park,Montana,Northwest,Glacier National Park Full Traverse - Kintla Lake to Lake McDonald,92.9,18694,Hard,48.93603,-114.34572
Glacier National Park,Montana,Northwest,Going-to-the-Sun Road: West Glacier to Saint Mary,49.0,5603,Easy,48.49653,-113.9829
Glacier National Park,Montana,Northwest,Granite Park Trail,8.1,2608,Moderate,48.75497,-113.80042
Glacier National Park,Montana,Northwest,Granite Park to Flattop Mountain Trail,27.1,6341,Expert,48.75496,-113.80046
Glacier National Park,Montana,Northwest,Granite Park via Highline Trail,11.2,1466,Hard,48.69655,-113.71766
Glacier National Park,Montana,Northwest,Grinnell Glacier Trail,11.3,2162,Hard,48.79724,-113.66887
Glacier National Park,Montana,Northwest,Grinnell Lake Trail,7.1,351,Easy,48.79602,-113.65711
Glacier National Park,Montana,Northwest,Grinnell Lake and Lake Josephine via Piegan Pass Trail,21.9,4452,Hard,48.70151,-113.66745
Glacier National Park,Montana,Northwest,Grinnell Overlook via Granite Park,11.4,3710,Hard,48.75494,-113.80044
Glacier National Park,Montana,Northwest,Gunsight Pass Trail,18.8,3727,Expert,48.6775,-113.652
Glacier National Park,Montana,Northwest,Harrison Lake,15.0,1210,Hard,48.4913,-113.8622
Glacier National Park,Montana,Northwest,Haystack Butte Trail,8.2,1689,Moderate,48.69653,-113.71816
Glacier National Park,Montana,Northwest,Hidden Lake Overlook,2.8,580,Moderate,48.69542,-113.71817
Glacier National Park,Montana,Northwest,Hidden Lake Trail,5.3,1374,Moderate,48.69563,-113.71716
Glacier National Park,Montana,Northwest,Hidden Meadow Trail,2.6,226,Easy,48.74894,-114.24938
Glacier National Park,Montana,Northwest,Highline Trail - Logan Pass to Granite Park Chalet,14.9,2578,Hard,48.69603,-113.71782
Glacier National Park,Montana,Northwest,Highline and Swiftcurrent Pass Trail,14.7,2020,Hard,48.69675,-113.71817
Glacier National Park,Montana,Northwest,Howe Lake Trail,4.3,433,Easy,48.60919,-114.02783
Glacier National Park,Montana,Northwest,Huckleberry Mountain Lookout,11.3,2772,Hard,48.59664,-114.03829
Glacier National Park,Montana,Northwest,Huckleberry Mountain Nature Trail,0.9,98,Easy,48.62452,-114.12946
Glacier National Park,Montana,Northwest,Iceberg Lake Trail,9.3,1450,Moderate,48.79961,-113.67921
Glacier National Park,Montana,Northwest,Jackson Glacier Trail,15.4,2034,Hard,48.67431,-113.60868
Glacier National Park,Montana,Northwest,Johns Lake Loop,1.9,183,Easy,48.63552,-113.86758
Glacier National Park,Montana,Northwest,Kinta Lake Boulder Pass Trail to Goat Haunt Ferry,30.4,4819,Moderate,48.93547,-114.35274
Glacier National Park,Montana,Northwest,Kinta Lake via Boulder Pass Trail,13.3,1000,Moderate,48.93527,-114.35248
Glacier National Park,Montana,Northwest,Kintla Lake Campground,9.9,875,Moderate,48.93597,-114.34573
Glacier National Park,Montana,Northwest,Kootenai Lakes Trail,5.5,364,Easy,48.95776,-113.89217
Glacier National Park,Montana,Northwest,Lake Francis Trail,16.9,2358,Moderate,48.9577,-113.89234
Glacier National Park,Montana,Northwest,Lake Isabel Trail,33.1,3927,Moderate,48.27489,-113.60325
Glacier National Park,Montana,Northwest,Lake McDonald Trail,13.7,1246,Easy,48.5525,-113.98853
Glacier National Park,Montana,Northwest,Lincoln Lake,15.6,3392,Hard,48.59939,-113.88763
Glacier National Park,Montana,Northwest,Logging Lake Trail,25.6,2158,Moderate,48.69845,-114.19204
Glacier National Park,Montana,Northwest,Loneman Lookout Trail,14.2,3861,Hard,48.43683,-113.8027
Glacier National Park,Montana,Northwest,Lower Quartz Lake via Quartz Creek Trail,13.8,1315,Easy,48.72517,-114.22817
Glacier National Park,Montana,Northwest,McDonald Creek Trail,5.0,213,Easy,48.63623,-113.86793
Glacier National Park,Montana,Northwest,McDonald Creek Via Johns Lake,1.9,262,Moderate,48.63351,-113.86239
Glacier National Park,Montana,Northwest,Medicine Grizzly to Triple Divide Pass,12.7,853,Moderate,48.60248,-113.38367
Glacier National Park,Montana,Northwest,Mokowanis River - Stoney Indian Pass,27.2,3458,Hard,48.9959,-113.65969
Glacier National Park,Montana,Northwest,Mount Brown Lookout Trail,10.0,4209,Expert,48.61682,-113.87602
Glacier National Park,Montana,Northwest,Mount Brown Lookout via Gunsight Pass Trail,9.3,4222,Hard,48.61682,-113.87545
Glacier National Park,Montana,Northwest,Mount Henry Trail and Scenic Point via East Glacier Park Village,12.4,3106,Hard,48.44911,-113.23446
Glacier National Park,Montana,Northwest,Mount Oberlin Trail,3.5,1519,Moderate,48.69552,-113.71759
Glacier National Park,Montana,Northwest,No Name Lake via Dawson Pass Trail,9.4,1295,Moderate,48.49196,-113.36562
Glacier National Park,Montana,Northwest,North Circle,49.5,10731,Expert,48.80255,-113.67983
Glacier National Park,Montana,Northwest,North Fork Flathead River Paddle,55.9,262,Moderate,48.98874,-114.46302
Glacier National Park,Montana,Northwest,Northern Traverse: Chieftan Mountain to Kintla Lake,54.0,7775,Hard,48.99592,-113.65993
Glacier National Park,Montana,Northwest,Numa Ridge Lookout Trail,11.6,3021,Hard,48.82926,-114.20074
Glacier National Park,Montana,Northwest,Nyack Creek,34.7,2687,Hard,48.43661,-113.80285
Glacier National Park,Montana,Northwest,Nyack-Coal Creek Loop,42.0,3927,Hard,48.43677,-113.80308
Glacier National Park,Montana,Northwest,Oldman Lake via Pitamakan Pass Trail,12.9,2037,Expert,48.4902,-113.36374
Glacier National Park,Montana,Northwest,Otokomi Lake,10.4,2303,Hard,48.69484,-113.51926
Glacier National Park,Montana,Northwest,Painted Tepee Peak and Cobalt Lake Trail,16.1,3103,Moderate,48.48396,-113.36959
Glacier National Park,Montana,Northwest,Paradise Point Trail,1.4,160,Moderate,48.48442,-113.36926
Glacier National Park,Montana,Northwest,Paradise Point and Aster Park,4.0,341,Moderate,48.48477,-113.36974
Glacier National Park,Montana,Northwest,Piegan Pass Trail,12.4,2014,Expert,48.70154,-113.66749
Glacier National Park,Montana,Northwest,Ptarmigan Lake Trail,8.6,1896,Hard,48.79984,-113.6791
Glacier National Park,Montana,Northwest,Ptarmigan Trail to Cosley Lake,26.6,5774,Expert,48.80004,-113.67922
Glacier National Park,Montana,Northwest,"Ptarmigan Trail to Helen Lake, Elizabeth Lake, Cosley Lake, Stoney Indian Pass, Waterton Valley Trail",39.2,5784,Moderate,48.79771,-113.6788
Glacier National Park,Montana,Northwest,Quartz Lake Loop Trail,12.7,2621,Moderate,48.82922,-114.20054
Glacier National Park,Montana,Northwest,Rainbow Falls Trail,1.9,98,Easy,48.95784,-113.89222
Glacier National Park,Montana,Northwest,Red Eagle Lake,15.1,1148,Moderate,48.73843,-113.43765
Glacier National Park,Montana,Northwest,Redgap Pass Trail,31.4,5866,Expert,48.79578,-113.65587
Glacier National Park,Montana,Northwest,Redrock Falls via Swiftcurrent Pass,3.6,236,Easy,48.79767,-113.67863
Glacier National Park,Montana,Northwest,Rockwell Falls Trail,6.6,403,Moderate,48.48319,-113.36945
Glacier National Park,Montana,Northwest,Rocky Point Trail,3.9,252,Easy,48.54772,-113.98139
Glacier National Park,Montana,Northwest,Rocky Point via Lake McDonald Trail,1.9,236,Moderate,48.5524,-113.98891
Glacier National Park,Montana,Northwest,Running Eagle Falls Trail,0.6,26,Easy,48.49608,-113.34808
Glacier National Park,Montana,Northwest,Saint Mary Lake Trail,24.1,2706,Moderate,48.67563,-113.57867
Glacier National Park,Montana,Northwest,Scalplock Lookout Trail,9.2,3225,Moderate,48.27483,-113.60317
Glacier National Park,Montana,Northwest,Scenic Point,7.4,2352,Hard,48.48516,-113.36156
Glacier National Park,Montana,Northwest,Siyeh Pass Trail,20.6,5551,Hard,48.70155,-113.66745
Glacier National Park,Montana,Northwest,Siyeh Summit,8.6,4064,Hard,48.70119,-113.66857
Glacier National Park,Montana,Northwest,Snyder Lake Trail,8.8,2050,Moderate,48.61752,-113.87713
Glacier National Park,Montana,Northwest,Snyder Ridge Trail,11.7,2542,Moderate,48.6169,-113.87557
Glacier National Park,Montana,Northwest,Sperry Chalet Trail,11.9,3500,Hard,48.61688,-113.87545
Glacier National Park,Montana,Northwest,St. Mary and Virginia Falls Trail,2.9,452,Easy,48.67435,-113.60868
Glacier National Park,Montana,Northwest,Stanton Mountain,7.5,4484,Hard,48.63763,-113.88831
Glacier National Park,Montana,Northwest,Sun Point Nature Trail,1.7,213,Easy,48.67869,-113.59547
Glacier National Park,Montana,Northwest,Sunrift Gorge Trail,1.3,360,Easy,48.67865,-113.59524
Glacier National Park,Montana,Northwest,Swiftcurrent Mountain via Granite Park Trail,12.1,4238,Hard,48.75494,-113.80044
Glacier National Park,Montana,Northwest,Swiftcurrent Nature Trail,2.6,127,Easy,48.79725,-113.66842
Glacier National Park,Montana,Northwest,Swiftcurrent Pass Loop,1.1,39,Easy,48.7976,-113.6778
Glacier National Park,Montana,Northwest,Swiftcurrent Pass Trail To Swiftcurrent Mountain,15.9,3766,Expert,48.79803,-113.67925
Glacier National Park,Montana,Northwest,The Garden Wall,14.7,3507,Hard,48.69646,-113.71774
Glacier National Park,Montana,Northwest,The Loop and Garden Wall,14.2,5177,Hard,48.75522,-113.80042
Glacier National Park,Montana,Northwest,Trail of the Cedars,0.8,36,Easy,48.68007,-113.8192
Glacier National Park,Montana,Northwest,Triple Divide Trail,30.2,5623,Expert,48.60246,-113.38372
Glacier National Park,Montana,Northwest,Twin Falls Trail via Two Medicine Lake West End Boat Dock,1.9,111,Easy,48.47434,-113.40905
Glacier National Park,Montana,Northwest,Twin Falls via Two Medicine Creek South Shore and North Shore Trail,8.4,636,Moderate,48.48308,-113.36904
Glacier National Park,Montana,Northwest,Two Medicine Lake Loop,9.7,718,Moderate,48.48479,-113.36973
Glacier National Park,Montana,Northwest,Two Medicine Lake South Shore Trail,6.6,649,Moderate,48.48327,-113.36951
Glacier National Park,Montana,Northwest,Upper Kintla Lake,23.2,1719,Hard,48.93512,-114.35243
Glacier National Park,Montana,Northwest,Upper Two Medicine Creek Loop,10.9,849,Moderate,48.48471,-113.36894
Glacier National Park,Montana,Northwest,Upper Two Medicine Trail,11.2,977,Moderate,48.4833,-113.36949
Glacier National Park,Montana,Northwest,Waterton Valley Trail,20.2,3769,Expert,48.95776,-113.89222
Glacier National Park,Montana,Northwest,West Lakes Trail  [CLOSED],20.1,5137,Hard,48.63755,-113.8887
Grand Canyon National Park,Arizona,Southwest,1.5 Mile Resthouse via Bright Angel Trail,2.9,1148,Moderate,36.05706,-112.14428
Grand Canyon National Park,Arizona,Southwest,AZ Trail Segment 37,22.3,1000,Moderate,35.95748,-111.9554
Grand Canyon National Park,Arizona,Southwest,Arizona Trail #36,16.8,613,Hard,35.95748,-111.95498
Grand Canyon National Park,Arizona,Southwest,Blue Springs Trail,17.0,2368,Moderate,36.04021,-111.82769
Grand Canyon National Park,Arizona,Southwest,Boucher Trail,17.7,5626,Expert,36.06032,-112.21239
Grand Canyon National Park,Arizona,Southwest,Boucher Trail to Hermit Trail Loop,20.2,5770,Hard,36.06059,-112.21213
Grand Canyon National Park,Arizona,Southwest,Bright Angel Point Trail,0.9,144,Easy,36.19703,-112.05258
Grand Canyon National Park,Arizona,Southwest,Bright Angel Trail to Bright Angel Campground and River Trail,17.7,5006,Hard,36.05735,-112.14381
Grand Canyon National Park,Arizona,Southwest,Bright Angel Trail to Phantom Overlook to South Kaibab Trail,17.3,5738,Hard,36.0575,-112.14411
Grand Canyon National Park,Arizona,Southwest,Bright Angel Trail to Tonto Trail,72.6,10180,Hard,36.05701,-112.14437
Grand Canyon National Park,Arizona,Southwest,Bright Angel Trail: South Rim to Phantom Ranch,18.0,4983,Hard,36.05742,-112.14421
Grand Canyon National Park,Arizona,Southwest,Cape Final,4.0,495,Easy,36.14579,-111.9355
Grand Canyon National Park,Arizona,Southwest,Cape Royal Trail,1.0,65,Easy,36.12234,-111.94949
Grand Canyon National Park,Arizona,Southwest,Clear Creek Trail,30.6,8772,Expert,36.05353,-112.08346
Grand Canyon National Park,Arizona,Southwest,Cliff Springs Trail,1.1,308,Easy,36.12463,-111.94782000000001
Grand Canyon National Park,Arizona,Southwest,Coconino Overlook,1.3,465,Easy,36.21714,-112.05658
Grand Canyon National Park,Arizona,Southwest,Deer Creek to Colorado River,18.3,5882,Expert,36.43467,-112.43005
Grand Canyon National Park,Arizona,Southwest,Desert View Visitor Center Trail,0.4,36,Easy,36.04123,-111.82692
Grand Canyon National Park,Arizona,Southwest,Dripping Springs via Dripping Springs and Hermit Trail,6.3,2614,Hard,36.06043,-112.2125
Grand Canyon National Park,Arizona,Southwest,Grand Canyon Bridle Trail,3.2,255,Easy,36.19815,-112.05291
Grand Canyon National Park,Arizona,Southwest,Grand Canyon Rim Trail,5.4,351,Easy,36.05723,-112.14378
Grand Canyon National Park,Arizona,Southwest,Grand Canyon Rim Village to Hermit's Rest,15.3,1394,Easy,36.05711,-112.14443
Grand Canyon National Park,Arizona,Southwest,Grand Canyon South Rim Scenic Drive: Cameron to Grand Canyon Village,55.0,5255,Easy,35.85497,-111.42506
Grand Canyon National Park,Arizona,Southwest,Grand Canyon West Rim Trail,12.8,557,Easy,36.05264,-112.08368
Grand Canyon National Park,Arizona,Southwest,Grandview Point to Horseshoe Mesa East Trail,7.3,2736,Hard,35.99716,-111.98813
Grand Canyon National Park,Arizona,Southwest,Grandview Point to Horseshoe Mesa Trail,5.5,2385,Moderate,35.99809,-111.98778
Grand Canyon National Park,Arizona,Southwest,Grandview Trail Loop,11.6,3900,Expert,35.99805,-111.98775
Grand Canyon National Park,Arizona,Southwest,Hermit Camp to Monument Creek Camp via Tonto Trail,6.3,1217,Moderate,36.08161,-112.21296
Grand Canyon National Park,Arizona,Southwest,Hermit Trail,15.4,5144,Hard,36.06193,-112.21112
Grand Canyon National Park,Arizona,Southwest,Hermit Trail to Dripping Springs,5.3,2004,Hard,36.06024,-112.21229
Grand Canyon National Park,Arizona,Southwest,Hermit Trail to Granite Rapids Campground,21.9,5738,Hard,36.06077,-112.21244
Grand Canyon National Park,Arizona,Southwest,Hermit's Rest Viewpoint  to Santa Maria Spring,3.4,1735,Moderate,36.06065,-112.21219
Grand Canyon National Park,Arizona,Southwest,Hermit's Rest Viewpoint to Tonto Trail to Bright Angel Trailhead,21.2,5229,Hard,36.06109,-112.21163
Grand Canyon National Park,Arizona,Southwest,Horseshoe Mesa Loop via Grand View Trail,12.2,3874,Hard,35.99855,-111.98737
Grand Canyon National Park,Arizona,Southwest,Indian Garden via Bright Angel Trail,8.2,2942,Hard,36.05745,-112.14434
Grand Canyon National Park,Arizona,Southwest,Ken Patrick Trail North from Point Imperial,4.9,472,Easy,36.27926,-111.97905
Grand Canyon National Park,Arizona,Southwest,Ken Patrick Trail South from Point Imperial,9.7,1236,Hard,36.27899,-111.97827
Grand Canyon National Park,Arizona,Southwest,Lava Falls Trail,2.6,2503,Hard,36.21165,-113.08357
Grand Canyon National Park,Arizona,Southwest,Mather Campground Trail,2.3,121,Easy,36.04858,-112.11664
Grand Canyon National Park,Arizona,Southwest,Monument Point via Bill Hall Trail,1.5,341,Easy,36.43466,-112.42976
Grand Canyon National Park,Arizona,Southwest,Nankoweap Trail,30.7,8428,Expert,36.27949,-111.97881
Grand Canyon National Park,Arizona,Southwest,New Hance Trail,13.0,4944,Hard,36.0046,-111.92426
Grand Canyon National Park,Arizona,Southwest,North Bass Trail,22.3,7109,Expert,36.33558,-112.34993
Grand Canyon National Park,Arizona,Southwest,North Bass Trail to Muav Cabin,1.5,744,Easy,36.33556,-112.34986
Grand Canyon National Park,Arizona,Southwest,North Kaibab Trail to Colorado River,28.0,6866,Expert,36.21704,-112.05675
Grand Canyon National Park,Arizona,Southwest,North Kaibab Trail to Redwall Bridge,6.9,2631,Hard,36.21699,-112.05666
Grand Canyon National Park,Arizona,Southwest,North Kaibab Trail to Roaring Springs,8.4,3517,Hard,36.21687,-112.05678
Grand Canyon National Park,Arizona,Southwest,North Kaibab Trail to Supai Tunnel and Coconino Overlook,3.7,1397,Moderate,36.21724,-112.05655
Grand Canyon National Park,Arizona,Southwest,Palisades Creek Trail,22.6,6558,Moderate,36.033,-111.85214
Grand Canyon National Park,Arizona,Southwest,Phantom Ranch to Phantom Overlook,2.1,675,Moderate,36.10485,-112.09488
Grand Canyon National Park,Arizona,Southwest,Phantom Ranch to Ribbon Falls via North Kaibab Trail,11.9,1945,Hard,36.10656,-112.09423
Grand Canyon National Park,Arizona,Southwest,Plateau Point Trail via Bright Angel Trail,12.2,3156,Hard,36.05681,-112.14201
Grand Canyon National Park,Arizona,Southwest,Point Imperial,0.1,22,Easy,36.27911,-111.97786
Grand Canyon National Park,Arizona,Southwest,Powell Plateau Trail,5.0,1778,Moderate,36.33552,-112.34981
Grand Canyon National Park,Arizona,Southwest,Ribbon Falls from the North Rim via North Kaibob Trail,16.8,5380,Hard,36.21704,-112.05675
Grand Canyon National Park,Arizona,Southwest,"Rim Trail, South Kaibab and Bright Angel Loop",21.2,4927,Hard,36.06,-112.10668
Grand Canyon National Park,Arizona,Southwest,Rim to Rim Trail Segment: Indian Garden to Colorado River,6.0,1410,Expert,36.07836,-112.12709
Grand Canyon National Park,Arizona,Southwest,Rim to Rim: North to South and Ribbon Falls,31.0,6548,Expert,36.21704,-112.05675
Grand Canyon National Park,Arizona,Southwest,Rim-to-Rim: North Kaibab to Grand Canyon Village,21.6,5298,Hard,36.21692,-112.05678
Grand Canyon National Park,Arizona,Southwest,Rim-to-Rim: North Kaibab to South Kaibab Trailhead,19.3,5469,Expert,36.21689,-112.05678
Grand Canyon National Park,Arizona,Southwest,Roosevelt Point Trail,0.3,3,Easy,36.21822,-111.95239
Grand Canyon National Park,Arizona,Southwest,Schmutz Spring,5.5,1840,Moderate,36.34069,-112.92579
Grand Canyon National Park,Arizona,Southwest,Shoshone Point Trail,2.1,150,Easy,36.03496,-112.06924
Grand Canyon National Park,Arizona,Southwest,South Bass Trail,12.2,4366,Expert,36.18375,-112.37666
Grand Canyon National Park,Arizona,Southwest,South Bass to Hermits Rest via Tonto West,41.3,9619,Expert,36.18378,-112.37658
Grand Canyon National Park,Arizona,Southwest,South Canyon,10.8,3254,Expert,36.47407,-111.92809
Grand Canyon National Park,Arizona,Southwest,South Kaibab Trail to Cedar Ridge,3.1,1177,Moderate,36.05346,-112.08361
Grand Canyon National Park,Arizona,Southwest,South Kaibab Trail to Ooh Aah Point,1.8,692,Moderate,36.05309,-112.08387
Grand Canyon National Park,Arizona,Southwest,South Kaibab Trail to Phantom Ranch,13.4,4911,Hard,36.05298,-112.0839
Grand Canyon National Park,Arizona,Southwest,South Kaibab Trail to Skeleton Point,5.4,1978,Hard,36.05356,-112.08336
Grand Canyon National Park,Arizona,Southwest,South Kaibab Trail to Tip Off,9.0,3297,Hard,36.05348,-112.08359
Grand Canyon National Park,Arizona,Southwest,South Kaibab to North Kaibab to Bright Angel Trail,40.9,11742,Expert,36.05299,-112.08351
Grand Canyon National Park,Arizona,Southwest,"South Kaibab, North Kaibab and Bright Angel Trail",35.8,8963,Expert,36.05347,-112.08347
Grand Canyon National Park,Arizona,Southwest,"South Kaibab, Phantom Ranch, and Bright Angel Trail Loop",16.7,4596,Hard,36.05344,-112.08364
Grand Canyon National Park,Arizona,Southwest,"South Kaibab, Tonto and Bright Angel Trail",12.4,3395,Expert,36.05271,-112.08398
Grand Canyon National Park,Arizona,Southwest,South to North Kaibab Trail,19.3,6453,Hard,36.05355,-112.08342
Grand Canyon National Park,Arizona,Southwest,South to North Kalbab Trail,30.9,11112,Expert,36.05288,-112.0836
Grand Canyon National Park,Arizona,Southwest,Tanner Beach and Lava Rapids Trail,19.8,5659,Moderate,36.03309,-111.85206
Grand Canyon National Park,Arizona,Southwest,Tanner Trail,13.3,5288,Expert,36.03276,-111.85322
Grand Canyon National Park,Arizona,Southwest,Tanner Trail to Grandview Trail and Grandview Point,31.6,7992,Expert,36.03297,-111.85331
Grand Canyon National Park,Arizona,Southwest,Tanner and Beamer Trail,30.8,7585,Moderate,36.03308,-111.85206
Grand Canyon National Park,Arizona,Southwest,The Escalante Route Trail,34.8,9455,Hard,36.03302,-111.85214
Grand Canyon National Park,Arizona,Southwest,Three-Mile Resthouse via Bright Angel Trail,5.4,2086,Hard,36.05701,-112.14414
Grand Canyon National Park,Arizona,Southwest,Thunder Creek to Deer Creek and Thunder Falls,29.0,7263,Hard,36.4347,-112.42932
Grand Canyon National Park,Arizona,Southwest,Thunder River Trail from Indian Hollow Parking Area,28.7,6505,Hard,36.45894,-112.48824
Grand Canyon National Park,Arizona,Southwest,Tiyo Point Trail,20.3,1653,Moderate,36.22079,-112.06151
Grand Canyon National Park,Arizona,Southwest,Tonto Trail from Grandview Point to South Kaibab Trailhead,27.2,5216,Expert,35.99763,-111.98763
Grand Canyon National Park,Arizona,Southwest,Tonto Trail to Monument Creek,28.3,5262,Hard,36.05741,-112.14433
Grand Canyon National Park,Arizona,Southwest,Tonto Trail: New Hance Trail to Grandview Point,15.6,5150,Expert,35.98342,-111.94004
Grand Canyon National Park,Arizona,Southwest,Transept Trail,2.9,282,Moderate,36.19695,-112.05287
Grand Canyon National Park,Arizona,Southwest,Tusayan Ruin Trail,0.3,16,Easy,36.01319,-111.86646
Grand Canyon National Park,Arizona,Southwest,Uncle Jim Trail,4.7,731,Easy,36.21729,-112.05643
Grand Canyon National Park,Arizona,Southwest,Waldron Trail,4.9,2309,Hard,36.06033,-112.21238
Grand Canyon National Park,Arizona,Southwest,Walhalla Overlook,0.1,0,Easy,36.1319,-111.94221
Grand Canyon National Park,Arizona,Southwest,Walhalla Ruins,0.1,0,Easy,36.13336,-111.94147
Grand Canyon National Park,Arizona,Southwest,West Rim Trail: Hermits Rest to Powell Point,12.0,761,Easy,36.06248,-112.21036
Grand Canyon National Park,Arizona,Southwest,Widforss Trail,9.1,1036,Moderate,36.22375,-112.06506
Grand Canyon National Park,Arizona,Southwest,Widforss Trail - Short Option,4.3,590,Easy,36.22388,-112.06533
Grand Canyon National Park,Arizona,Southwest,Yavapai Point via Rim Trail,1.6,82,Easy,36.06045,-112.10861
Grand Teton National Park,Wyoming,Northwest,Antelope Spring Loop Trail,6.8,1387,Moderate,43.69978,-110.61533
Grand Teton National Park,Wyoming,Northwest,Arizona Creek Trail,15.8,2332,Moderate,43.97366,-110.64604
Grand Teton National Park,Wyoming,Northwest,Aspen Ridge Trail,5.7,780,Moderate,43.62651,-110.77385
Grand Teton National Park,Wyoming,Northwest,Bearpaw and Trapper Lake Trail,7.8,137,Moderate,43.7886,-110.73093
Grand Teton National Park,Wyoming,Northwest,Berry Creek Loop,20.1,2109,Moderate,44.08984,-110.72433
Grand Teton National Park,Wyoming,Northwest,Black Tail Butte Peak Trail,6.5,1387,Moderate,43.66135,-110.69771
Grand Teton National Park,Wyoming,Northwest,Blacktail Butte Trail,7.3,1735,Hard,43.62641,-110.66468
Grand Teton National Park,Wyoming,Northwest,"Bonneville Pass, Kissinger Lakes Loop",15.6,2706,Moderate,43.74582,-109.98439
Grand Teton National Park,Wyoming,Northwest,Bradley Lake Trail,5.1,646,Moderate,43.69315,-110.73297
Grand Teton National Park,Wyoming,Northwest,Bradley and Taggart Lakes via Valley Trail and Lupine Meadows,10.3,1620,Moderate,43.73472,-110.74143
Grand Teton National Park,Wyoming,Northwest,Buck Mountain Summit,9.2,5134,Expert,43.65579,-110.78021
Grand Teton National Park,Wyoming,Northwest,Cascade Canyon Trail,9.7,1128,Moderate,43.7672,-110.74426
Grand Teton National Park,Wyoming,Northwest,Cascade Canyon to Hurricane Pass Trail,22.4,4094,Hard,43.74974,-110.7298
Grand Teton National Park,Wyoming,Northwest,Christian Pond Trail,3.5,203,Moderate,43.87811,-110.57261
Grand Teton National Park,Wyoming,Northwest,Colter Bay Hermitage Point Trail,9.6,738,Easy,43.90129,-110.64168
Grand Teton National Park,Wyoming,Northwest,Colter Bay Lakeshore Trail,2.5,85,Easy,43.90306,-110.6443
Grand Teton National Park,Wyoming,Northwest,Colter Bay Village,1.3,55,Easy,43.90369,-110.64383
Grand Teton National Park,Wyoming,Northwest,Continental Divide Snowmobile Route,33.6,4717,Moderate,43.74729,-110.0074
Grand Teton National Park,Wyoming,Northwest,Cottonwood Creek,3.3,95,Easy,43.69723,-110.73017
Grand Teton National Park,Wyoming,Northwest,Cunningham Cabin,0.2,6,Easy,43.77771,-110.55751
Grand Teton National Park,Wyoming,Northwest,Death Canyon Loop,25.5,6020,Hard,43.65579,-110.7811
Grand Teton National Park,Wyoming,Northwest,Death Canyon Trail,18.7,3792,Hard,43.65579,-110.7811
Grand Teton National Park,Wyoming,Northwest,Death Canyon Trailhead to Jenny Lake Dock,32.0,6272,Moderate,43.65579,-110.7811
Grand Teton National Park,Wyoming,Northwest,Death Canyon and Phelps Lake Loop,7.6,1279,Moderate,43.65578,-110.78109
Grand Teton National Park,Wyoming,Northwest,Death Canyon to Patrol Cabin,7.3,2027,Moderate,43.65579,-110.7811
Grand Teton National Park,Wyoming,Northwest,Delta Lake via Amphitheater Lake Trail,9.0,2329,Hard,43.73484,-110.74153
Grand Teton National Park,Wyoming,Northwest,"Devil Staircase, Death Canyon Shelf and Phelps Lake",21.3,3425,Expert,43.75571,-110.91539
Grand Teton National Park,Wyoming,Northwest,Emma Matilda Lake Trail,11.0,977,Moderate,43.87812,-110.5727
Grand Teton National Park,Wyoming,Northwest,Fuzzy Bunny Trail to Phillips Connector,3.7,1020,Moderate,43.49722,-110.94923
Grand Teton National Park,Wyoming,Northwest,Garnet Canyon Trail to Cleft Falls,7.7,2260,Hard,43.73458,-110.74161
Grand Teton National Park,Wyoming,Northwest,Garnet Canyon to The Lower Saddle Trail,12.3,5321,Hard,43.73523,-110.74103
Grand Teton National Park,Wyoming,Northwest,Glade Creek Trail,7.1,580,Moderate,44.08979,-110.72416
Grand Teton National Park,Wyoming,Northwest,Grand Teton National Park Pathway,10.6,479,Easy,43.65123,-110.70768
Grand Teton National Park,Wyoming,Northwest,Grand Teton National Park Road Trip,40.8,1499,Easy,44.04762,-110.68966
Grand Teton National Park,Wyoming,Northwest,Grand View Point Trail,5.1,1364,Moderate,43.89414,-110.56905
Grand Teton National Park,Wyoming,Northwest,Granite Canyon Trail,11.7,1876,Moderate,43.60742,-110.79302
Grand Teton National Park,Wyoming,Northwest,Granite Canyon and Teton Crest Trail Loop,56.3,11092,Expert,43.65698,-110.78044
Grand Teton National Park,Wyoming,Northwest,Granite Canyon to the Tram,13.2,4799,Hard,43.58867,-110.82754
Grand Teton National Park,Wyoming,Northwest,Gros Ventre Slide: Bridger-Teton National Forest,12.7,912,Easy,43.5743,-110.73319
Grand Teton National Park,Wyoming,Northwest,Hanging Canyon to Lake of the Crags,7.9,3064,Hard,43.78382,-110.72882
Grand Teton National Park,Wyoming,Northwest,Hidden Falls Trail,4.9,590,Easy,43.75043,-110.72455
Grand Teton National Park,Wyoming,Northwest,Hidden Falls Trail,1.4,223,Moderate,43.7673,-110.74414
Grand Teton National Park,Wyoming,Northwest,Hidden Falls via String Lake Trail,4.6,472,Easy,43.78482,-110.72815
Grand Teton National Park,Wyoming,Northwest,Holly Lake Trail,12.4,2749,Hard,43.78486,-110.72742
Grand Teton National Park,Wyoming,Northwest,Holly Lake via Leigh Lake Trail to Paintbrush Canyon Trail,13.0,2713,Hard,43.78852,-110.73063
Grand Teton National Park,Wyoming,Northwest,Inspiration Point via Jenny Lake Boat Shuttle,1.8,410,Easy,43.767,-110.74415
Grand Teton National Park,Wyoming,Northwest,Jackson Hole Mountain Resort Loop,3.1,1076,Moderate,43.59724,-110.87128
Grand Teton National Park,Wyoming,Northwest,"Jade,  Upper Brooks, Rainbow Lakes Loop",8.9,898,Moderate,43.75188,-110.00698
Grand Teton National Park,Wyoming,Northwest,Jenny Lake Loop via String Lake Trailhead,7.5,688,Moderate,43.78485,-110.72729
Grand Teton National Park,Wyoming,Northwest,Jenny Lake Trail,7.7,728,Moderate,43.75094,-110.72384
Grand Teton National Park,Wyoming,Northwest,Lake Solitude Trail,16.0,2637,Hard,43.78486,-110.72747
Grand Teton National Park,Wyoming,Northwest,Lake Solitude via Lake Solitude and Cascade Canyon Trail,13.7,2375,Hard,43.76705,-110.74415
Grand Teton National Park,Wyoming,Northwest,Lake of the Crags Trail,4.3,2893,Hard,43.76718,-110.74424
Grand Teton National Park,Wyoming,Northwest,Leigh Lake Trail,7.0,111,Easy,43.78906,-110.73163
Grand Teton National Park,Wyoming,Northwest,Leigh Lake Trail: Short Version,2.9,42,Easy,43.78867,-110.73062
Grand Teton National Park,Wyoming,Northwest,Lookout Rock Trail,4.4,374,Moderate,43.87804,-110.5724
Grand Teton National Park,Wyoming,Northwest,Lost Lake,3.1,597,Easy,43.77562,-110.11846
Grand Teton National Park,Wyoming,Northwest,Lunch Tree Hill Trail,0.5,104,Easy,43.87751,-110.57794
Grand Teton National Park,Wyoming,Northwest,Marion Lake Trail,13.4,3812,Hard,43.59701,-110.87123
Grand Teton National Park,Wyoming,Northwest,Middle Pilgram Creek Trail,23.8,3353,Moderate,43.92488,-110.56443
Grand Teton National Park,Wyoming,Northwest,Middle Teton Southwest Couloir,13.0,5314,Expert,43.73476,-110.74149
Grand Teton National Park,Wyoming,Northwest,Moose Ponds Trail,3.2,150,Easy,43.75094,-110.72377
Grand Teton National Park,Wyoming,Northwest,Mormon Row's Moulton Barn,0.2,0,Easy,43.66052,-110.66434
Grand Teton National Park,Wyoming,Northwest,Mount Hunt Divide via Death Canyon Trail,22.5,5692,Hard,43.65578,-110.7811
Grand Teton National Park,Wyoming,Northwest,North South Highway: Moose to Rockefeller Parkway,38.7,2047,Easy,43.65573,-110.71829
Grand Teton National Park,Wyoming,Northwest,Open Canyon Trail to Marion Lake,25.2,6732,Hard,43.60738,-110.79301
Grand Teton National Park,Wyoming,Northwest,Owl Creek Trail to Moose Basin Divide,29.7,4885,Hard,44.08974,-110.72554
Grand Teton National Park,Wyoming,Northwest,Paintbrush Canyon & String Lake Loop Trail to Lake Solitude,20.4,5721,Moderate,43.78488,-110.72746
Grand Teton National Park,Wyoming,Northwest,Paintbrush Divide and Lake Solitude,19.2,4064,Hard,43.78818,-110.73054
Grand Teton National Park,Wyoming,Northwest,Phelps Lake,4.4,994,Moderate,43.6558,-110.78132
Grand Teton National Park,Wyoming,Northwest,Phelps Lake Overlook,2.0,413,Easy,43.65616,-110.7815
Grand Teton National Park,Wyoming,Northwest,Phelps Lake Trail,7.0,725,Moderate,43.62661,-110.77327
Grand Teton National Park,Wyoming,Northwest,Rendezvous Mountain Trail,6.9,1998,Hard,43.59695,-110.87107
Grand Teton National Park,Wyoming,Northwest,Rendezvous Mountain Trail to String Lake,43.3,7089,Hard,43.59597,-110.87359000000001
Grand Teton National Park,Wyoming,Northwest,Schwabacher's Landing Trail,1.8,22,Easy,43.71148,-110.67055
Grand Teton National Park,Wyoming,Northwest,Sheffield Creek Trail,12.4,3441,Hard,44.09338,-110.66305
Grand Teton National Park,Wyoming,Northwest,Signal Mountain Trail,8.3,1184,Moderate,43.84321,-110.61073
Grand Teton National Park,Wyoming,Northwest,South Fork Cascade Canyon to Hurricane Pass,18.1,3523,Expert,43.76719,-110.74422
Grand Teton National Park,Wyoming,Northwest,Static Peak,16.8,5423,Hard,43.65587,-110.7813
Grand Teton National Park,Wyoming,Northwest,String Lake Trail,3.7,262,Easy,43.78854,-110.73063
Grand Teton National Park,Wyoming,Northwest,Surprise and Amphitheater Lakes Trail,8.9,2942,Expert,43.73458,-110.74157
Grand Teton National Park,Wyoming,Northwest,"Surprise, Amphitheater and Delta Lakes via Amphitheater Trail",11.5,3667,Hard,43.73443,-110.74154
Grand Teton National Park,Wyoming,Northwest,Swan Lake and Heron Pond Trail,3.2,236,Easy,43.90115,-110.64166
Grand Teton National Park,Wyoming,Northwest,Taggart Lake Loop,4.1,429,Easy,43.69309,-110.73286
Grand Teton National Park,Wyoming,Northwest,Taggart Lake and Bradley Lake Loop,6.0,761,Moderate,43.69286,-110.73287
Grand Teton National Park,Wyoming,Northwest,"Taggart Lake, Lake Taminah, Shoshoko Falls",13.2,2821,Hard,43.69301,-110.73289
Grand Teton National Park,Wyoming,Northwest,Teton Canyon Road,7.9,347,Moderate,43.76045,-110.98733
Grand Teton National Park,Wyoming,Northwest,Teton Canyon to Jenny Lake,21.3,4317,Hard,43.75596,-110.91551
Grand Teton National Park,Wyoming,Northwest,Teton Canyon to Phelps Lake via Alaska Basin Trail,20.1,4238,Expert,43.75571,-110.91539
Grand Teton National Park,Wyoming,Northwest,"Teton Canyon to Phelps Lake via Alaska Basin, Teton Crest, and Death Canyon Trails",23.2,3671,Hard,43.75569,-110.91538
Grand Teton National Park,Wyoming,Northwest,Teton Crest Trail,25.7,3828,Hard,43.59711,-110.87089
Grand Teton National Park,Wyoming,Northwest,Teton Park Road,15.5,731,Easy,43.69806,-110.72893
Grand Teton National Park,Wyoming,Northwest,Teton Valley Trail,15.5,2444,Moderate,43.73452,-110.74156
Grand Teton National Park,Wyoming,Northwest,Teton Village Tram Ride,2.3,2037,Easy,43.58756,-110.82792
Grand Teton National Park,Wyoming,Northwest,Teton Village Wildflower Trail to Gondola Summit,7.4,2700,Hard,43.5877,-110.83016
Grand Teton National Park,Wyoming,Northwest,The Grand Teton Loop Trail,31.6,6909,Hard,43.7527,-110.7233
Grand Teton National Park,Wyoming,Northwest,Two Ocean Lake Trail,6.1,462,Moderate,43.90098,-110.50135
Grand Teton National Park,Wyoming,Northwest,Upper Jade Lake Trek,5.1,659,Easy,43.75166,-110.00545
Grand Teton National Park,Wyoming,Northwest,Webb Canyon Trail-Moose Basin Divide-Owl Creek Canyon,31.2,4917,Hard,44.08943,-110.72416
Grand Teton National Park,Wyoming,Northwest,Woodland and Lake Creek Trail Loop,3.3,272,Moderate,43.62649,-110.77364
Grand Teton National Park,Wyoming,Northwest,Wyoming Centennial Scenic Byway (North): Moran Junction to Dubois,55.5,4035,Moderate,43.84152,-110.50777
Great Basin National Park,Nevada,West,Alpine Lakes Trail,2.7,469,Easy,39.00984,-114.30709
Great Basin National Park,Nevada,West,Baker Lake Trail,10.4,2670,Hard,38.97643,-114.24575
Great Basin National Park,Nevada,West,Baker Lake-Johnson Lake Loop,12.9,4366,Hard,38.97645,-114.24538
Great Basin National Park,Nevada,West,Bristlecone Pine Glacier Trail,4.5,1059,Moderate,39.01015,-114.30698
Great Basin National Park,Nevada,West,Bristlecone and Alpine Lakes Loop,5.3,1013,Moderate,39.01015,-114.30705
Great Basin National Park,Nevada,West,Dead Lake Trail,3.6,1384,Hard,38.92589,-114.25184
Great Basin National Park,Nevada,West,Johnson Lake via Snake Creek,7.0,2506,Hard,38.92864,-114.25566
Great Basin National Park,Nevada,West,Johnson Lake via South Fork Baker Creek,10.4,3392,Hard,38.97652,-114.24505
Great Basin National Park,Nevada,West,Lehman Cave,0.4,45,Easy,39.00545,-114.2195
Great Basin National Park,Nevada,West,Lehman Caves Visitor Center and Mountain View Nature Trail,0.4,42,Easy,39.00609,-114.21966
Great Basin National Park,Nevada,West,Lehman Creek Trail,8.2,2480,Hard,39.01738,-114.2391
Great Basin National Park,Nevada,West,Lexington Arch Trail,2.9,1118,Moderate,38.8429,-114.19067
Great Basin National Park,Nevada,West,Osceola Ditch Intepretive Trail,2.7,196,Easy,39.02865,-114.26691
Great Basin National Park,Nevada,West,Pole Canyon Trail,7.4,1709,Moderate,38.98987,-114.21267
Great Basin National Park,Nevada,West,Serviceberry Loop,3.0,728,Moderate,38.92515,-114.24638
Great Basin National Park,Nevada,West,Sky Islands Forest Trail,0.3,19,Easy,39.01031,-114.30696
Great Basin National Park,Nevada,West,Snake Creek Overlook,1.3,331,Moderate,38.92609,-114.25169
Great Basin National Park,Nevada,West,Stella Lake Trail,2.1,442,Moderate,39.0102,-114.30736
Great Basin National Park,Nevada,West,Teresa Lake,1.5,305,Moderate,39.01039,-114.30701
Great Basin National Park,Nevada,West,Wheeler Peak Scenic Drive,23.3,3858,Easy,39.01006,-114.20887
Great Basin National Park,Nevada,West,Wheeler Peak Trail via Alpine Lakes Trail,7.8,3087,Hard,39.0102,-114.30727
Great Basin National Park,Nevada,West,Wheeler Peak Trail via Stella Lake Trail,8.2,2906,Hard,39.01731,-114.30329
Great Sand Dunes National Park and Preserve,Colorado,Central,Dunes Overlook Sand Ramp Trail,1.5,265,Moderate,37.75804,-105.50116
Great Sand Dunes National Park and Preserve,Colorado,Central,Dunes Overlook Trail,2.7,472,Moderate,37.74456,-105.50741
Great Sand Dunes National Park and Preserve,Colorado,Central,Dunes Trail from Pinyon Flats,4.5,954,Hard,37.74456,-105.50692
Great Sand Dunes National Park and Preserve,Colorado,Central,High Dune Trail,3.0,629,Hard,37.73995,-105.51672
Great Sand Dunes National Park and Preserve,Colorado,Central,High and Star Dune Loop,7.9,1325,Moderate,37.73916,-105.51819
Great Sand Dunes National Park and Preserve,Colorado,Central,Little Medano Creek Trail to Medano Lake,25.1,3543,Moderate,37.75799,-105.50116
Great Sand Dunes National Park and Preserve,Colorado,Central,Medano Lake Trail,7.9,2290,Moderate,37.8558,-105.43223
Great Sand Dunes National Park and Preserve,Colorado,Central,Montville Nature Trail,0.5,88,Easy,37.73423,-105.5086
Great Sand Dunes National Park and Preserve,Colorado,Central,Mosca Pass Trail,6.4,1459,Moderate,37.7341,-105.50849
Great Sand Dunes National Park and Preserve,Colorado,Central,Pinion Flats Campground Trail,1.0,88,Easy,37.74457,-105.50727
Great Sand Dunes National Park and Preserve,Colorado,Central,Sand Dunes Loop Trail,5.0,741,Moderate,37.74001,-105.51679
Great Sand Dunes National Park and Preserve,Colorado,Central,Sand Sheet Loop,0.4,29,Easy,37.73285,-105.51244
Great Sand Dunes National Park and Preserve,Colorado,Central,Upper Sand Creek Lake Trail,7.4,1965,Expert,37.92438,-105.48759
Great Sand Dunes National Park and Preserve,Colorado,Central,Wellington Ditch Trail,1.8,157,Easy,37.73399,-105.50871
Great Smoky Mountains National Park,Tennessee,South,"Abram Falls, Hatcher Mountain, Copper Road and Wet Bottom Loop",12.9,2109,Moderate,35.59137,-83.85285
Great Smoky Mountains National Park,Tennessee,South,Abrams Creek Trail,9.3,374,Moderate,35.60628,-83.77778
Great Smoky Mountains National Park,Tennessee,South,Abrams Creek and Cooper Road Loop Trail,11.2,2391,Moderate,35.60931,-83.93526
Great Smoky Mountains National Park,Tennessee,South,Abrams Creek to Cades Cove Loop,15.6,2778,Moderate,35.60787,-83.93623
Great Smoky Mountains National Park,Tennessee,South,Abrams Falls Trail,4.9,629,Moderate,35.59095,-83.85201
Great Smoky Mountains National Park,Tennessee,South,Abrams Falls Via Abrams Creek Campground,9.7,1430,Moderate,35.61058,-83.93256
Great Smoky Mountains National Park,Tennessee,South,Abrams Falls Via Cooper Road and Little Bottoms Trails,9.9,1433,Moderate,35.61055,-83.93256
Great Smoky Mountains National Park,Tennessee,South,Ace Gap Trail,10.2,1768,Moderate,35.64565,-83.80544
Great Smoky Mountains National Park,Tennessee,South,Alum Cave Trail to Mount LeConte,10.7,3008,Hard,35.62957,-83.45172
Great Smoky Mountains National Park,North Carolina,Southeast,Andrews Bald Trail,3.5,856,Moderate,35.5569,-83.49613
Great Smoky Mountains National Park,Tennessee,South,Anthony Creek Leadbetter Ridge Loop Trail,12.9,3244,Hard,35.60421,-83.77067
Great Smoky Mountains National Park,Tennessee,South,"Anthony Creek Trail, Russell Field Trail, Appalachian Trail, and Bote Mountain Trail Loop",14.6,3638,Hard,35.60495,-83.77005
Great Smoky Mountains National Park,Tennessee,South,Anthony Creek and Middle Prong Trail,18.9,4786,Hard,35.60296,-83.76684
Great Smoky Mountains National Park,Tennessee,South,"Anthony Creek, Bote Mountain and Crib Gap Loop",13.3,2903,Moderate,35.60412,-83.7688
Great Smoky Mountains National Park,Tennessee,South,"Anthony Creek, Bote Mountain, Eagle Creek, and Lakeshore to Hazel Creek",19.9,3904,Hard,35.60569,-83.77627
Great Smoky Mountains National Park,Tennessee,South,Appalachian Trail and Chestnut Branch Trail Loop,5.3,1368,Moderate,35.7705,-83.11108
Great Smoky Mountains National Park,North Carolina,Southeast,"Appalachian Trail, Lost Cove, and Lakeshore Loop",11.0,2919,Expert,35.46104,-83.81105
Great Smoky Mountains National Park,North Carolina,Southeast,"Appalachian Trail, Rocky Top, Eagle Creek and Lakeshore Trail",32.8,7047,Hard,35.46052,-83.81104
Great Smoky Mountains National Park,North Carolina,Southeast,Appalachian Trail: Charlie's Bunion and Kephart Loop,16.4,4550,Hard,35.60952,-83.44666
Great Smoky Mountains National Park,Tennessee,South,Appalachian Trail: Clingman Dome to Cades Cove,23.9,3402,Hard,35.56271,-83.49999
Great Smoky Mountains National Park,Tennessee,South,Appalachian Trail: Davenport Gap to Max Patch,13.3,5442,Hard,35.78333,-83.10927
Great Smoky Mountains National Park,North Carolina,Southeast,Appalachian Trail: Fontana Dam to Davenport Gap,75.6,17490,Hard,35.45184,-83.80168
Great Smoky Mountains National Park,Tennessee,South,Appalachian Trail: Fontana Lake to Mount Squires,15.3,5219,Moderate,35.46048,-83.81107
Great Smoky Mountains National Park,North Carolina,Southeast,Appalachian Trail: Lake Fontana Dam to Clingmans Dome,31.7,5570,Hard,35.56292,-83.49841
Great Smoky Mountains National Park,Tennessee,South,Appalachian Trail: Mount Cammerer to Clingmans Dome,35.2,10111,Hard,35.77038,-83.11131
Great Smoky Mountains National Park,Tennessee,South,Appalachian Trail: Newfound Gap to Davenport Gap,30.4,5698,Expert,35.61071,-83.42556
Great Smoky Mountains National Park,Tennessee,South,Appalachian Trail: Newfound Gap to Fontana Lake,38.3,8077,Expert,35.61105,-83.42533
Great Smoky Mountains National Park,Tennessee,South,Appalachian Trail: Newfound Gap to Sweat Heifer Creek Trail,3.3,862,Moderate,35.61084,-83.42526
Great Smoky Mountains National Park,Tennessee,South,Balsam Mountain Loop,25.1,6076,Hard,35.70024,-83.09743
Great Smoky Mountains National Park,North Carolina,Southeast,Balsam Mountain Nature Trail,1.2,121,Easy,35.5672,-83.17548
Great Smoky Mountains National Park,North Carolina,Southeast,Balsam Mountain Trail to Appalachian Trail Junction,19.5,2965,Moderate,35.63363,-83.17906
Great Smoky Mountains National Park,Tennessee,South,Baskins Creek Falls Trail to Greenbrier Cove,9.8,1837,Moderate,35.67703,-83.47849
Great Smoky Mountains National Park,Tennessee,South,Baskins Creek Trail and Baskins Creek Falls,6.4,1738,Moderate,35.67745,-83.47853
Great Smoky Mountains National Park,North Carolina,Southeast,Baxter Creek Trail,15.7,4996,Hard,35.75111,-83.10966
Great Smoky Mountains National Park,Tennessee,South,Beard Cane Trail,18.5,2841,Hard,35.64563,-83.80542
Great Smoky Mountains National Park,North Carolina,Southeast,Beech Flats Quiet Walkway,1.3,236,Moderate,35.59888,-83.4125
Great Smoky Mountains National Park,North Carolina,Southeast,Beech Gap Trail,4.8,1912,Moderate,35.62414,-83.21144
Great Smoky Mountains National Park,North Carolina,Southeast,Beech Gap Trail to McGee Springs,7.1,2112,Expert,35.62122,-83.21094
Great Smoky Mountains National Park,North Carolina,Southeast,Benton MacKaye Trail: Smokemount to Big Creek,29.5,8244,Hard,35.75109,-83.10962
Great Smoky Mountains National Park,North Carolina,Southeast,Big Creek Perimeter Loop,32.9,7339,Expert,35.7595,-83.10597
Great Smoky Mountains National Park,North Carolina,Southeast,Big Creek Trail,10.4,1312,Hard,35.7519,-83.11021
Great Smoky Mountains National Park,North Carolina,Southeast,Big Creek and Mt Sterling Loop,27.4,4881,Hard,35.75188,-83.11022
Great Smoky Mountains National Park,North Carolina,Southeast,Big Fork Ridge Loop Trail,9.0,1863,Moderate,35.61729,-83.11951
Great Smoky Mountains National Park,North Carolina,Southeast,Big Fork Ridge/Caldwell Fork/Boogerman/Caldwell,8.6,1574,Hard,35.61641,-83.12079
Great Smoky Mountains National Park,Tennessee,South,Bote Mountain Trail,13.3,3448,Hard,35.62813,-83.72532
Great Smoky Mountains National Park,Tennessee,South,Bradley Fork Trail,8.3,856,Easy,35.56287,-83.31063
Great Smoky Mountains National Park,North Carolina,Southeast,Bradley Fork and Chasteen Creek Loop Trail,16.6,3556,Moderate,35.56294,-83.31057
Great Smoky Mountains National Park,North Carolina,Southeast,"Bradley Fork, Dry Sluice Gap, Appalachian, Hughes Ridge and Chasteen Creek Loop",24.4,5232,Hard,35.56286,-83.31066
Great Smoky Mountains National Park,Tennessee,South,Brushy Mountain,6.3,1735,Hard,35.68026,-83.46246
Great Smoky Mountains National Park,Tennessee,South,Brushy Mountain Trail,11.2,3064,Hard,35.69686,-83.3878
Great Smoky Mountains National Park,Tennessee,South,Cades Cove Loop Hike,10.3,2700,Moderate,35.60674,-83.79496
Great Smoky Mountains National Park,Tennessee,South,Cades Cove Loop Road,10.1,692,Easy,35.60651,-83.77419
Great Smoky Mountains National Park,Tennessee,South,Cades Cove to Ledbetter Ridge,4.9,1072,Moderate,35.60413,-83.76884
Great Smoky Mountains National Park,North Carolina,Southeast,Caldwell Fork Loop,16.4,3435,Expert,35.63137,-83.08812
Great Smoky Mountains National Park,Tennessee,South,Cat Stairs,7.0,2867,Moderate,35.70277,-83.35788
Great Smoky Mountains National Park,North Carolina,Southeast,Cataloochee Divide Trail,13.8,2791,Hard,35.63257,-83.045
Great Smoky Mountains National Park,Tennessee,South,Cataract Falls,1.1,29,Easy,35.68551,-83.53714
Great Smoky Mountains National Park,Tennessee,South,Cataract Falls ADA Route,0.7,26,Easy,35.68574,-83.53732
Great Smoky Mountains National Park,Tennessee,South,Charlies Bunion via Appalachian Trail,8.6,1981,Moderate,35.61098,-83.42475
Great Smoky Mountains National Park,North Carolina,Southeast,Charlies Bunion via Kephart Loop,13.8,3677,Expert,35.5858,-83.3583
Great Smoky Mountains National Park,North Carolina,Southeast,Chasteen Creek Trail,10.4,2654,Moderate,35.56269,-83.31071
Great Smoky Mountains National Park,North Carolina,Southeast,Cherokee to Clingmans Dome via 441,23.0,5180,Easy,35.50533,-83.30143
Great Smoky Mountains National Park,Tennessee,South,Chestnut Branch Trail to Mount Cammerer,10.1,3300,Hard,35.75946,-83.10599
Great Smoky Mountains National Park,Tennessee,South,Chestnut Top Trail,8.5,1666,Hard,35.66048,-83.70866
Great Smoky Mountains National Park,Tennessee,South,Chestnut Top Trail to Whiteoak Sink,10.1,1978,Moderate,35.66054,-83.70901
Great Smoky Mountains National Park,Tennessee,South,Chimney Tops Trail,3.6,1289,Hard,35.63544,-83.46976
Great Smoky Mountains National Park,North Carolina,Southeast,Clingmans Dome Observation Tower Trail,1.2,331,Easy,35.55689,-83.4961
Great Smoky Mountains National Park,North Carolina,Southeast,Clingsman Dome Loop,61.5,10104,Expert,35.55681,-83.49603
Great Smoky Mountains National Park,North Carolina,Southeast,Cold Spring Gap Trail,25.9,7004,Hard,35.4591,-83.53813
Great Smoky Mountains National Park,North Carolina,Southeast,Cooper Creek Trail,4.1,1227,Easy,35.49208,-83.37095
Great Smoky Mountains National Park,North Carolina,Southeast,"Cooper Creek Trail, Deeplow Gap Trail, Mingus Creek Trail, and Thomas Divide Trail Loop",12.6,2801,Hard,35.4924,-83.3708
Great Smoky Mountains National Park,Tennessee,South,Cooper Road and Rabbit Creek Loop Trail,15.6,2959,Hard,35.59124,-83.85210000000001
Great Smoky Mountains National Park,Tennessee,South,Cosby Self-Guided Nature Trail,1.1,157,Easy,35.7559,-83.2078
Great Smoky Mountains National Park,Tennessee,South,Courthouse Rock Trail,2.2,725,Moderate,35.65007,-83.5128
Great Smoky Mountains National Park,Tennessee,South,Cove Hardwoods Nature Trail,0.8,206,Moderate,35.63642,-83.49171
Great Smoky Mountains National Park,Tennessee,South,Cove Mountain Laurel Falls Loop Trail,15.7,2975,Moderate,35.68795,-83.53817
Great Smoky Mountains National Park,Tennessee,South,Cove Mountain Trail to Little Brier Gap,13.3,2936,Moderate,35.68823,-83.5381
Great Smoky Mountains National Park,Tennessee,South,Crib Gap Trail,3.9,741,Moderate,35.60484,-83.77035
Great Smoky Mountains National Park,Tennessee,South,Crib Gap-Turkeypen Ridge-Schoolhouse Gap,6.0,856,Moderate,35.60407,-83.76865
Great Smoky Mountains National Park,Tennessee,South,Crooked Arm Scott Mountain Trail,11.8,3320,Hard,35.60654,-83.77723
Great Smoky Mountains National Park,Tennessee,South,Cucumber Gap and Huskey Branch Falls via Jake's Creek Trail,6.1,1200,Moderate,35.65245,-83.58135
Great Smoky Mountains National Park,Tennessee,South,Cucumber Gap and Little River Loop Trail,5.6,793,Moderate,35.65342,-83.58016
Great Smoky Mountains National Park,Tennessee,South,Curry Mountain Trail,6.4,1286,Moderate,35.67542,-83.64643
Great Smoky Mountains National Park,North Carolina,Southeast,Davenport Gap to Low Gap Loop Trail,20.4,4281,Hard,35.7595,-83.10574
Great Smoky Mountains National Park,North Carolina,Southeast,Deep Creek Loop Trail,4.9,895,Easy,35.46438,-83.43412000000001
Great Smoky Mountains National Park,North Carolina,Southeast,Deep Creek Martin's Gap Sunkota Ridge Trail Loop,13.4,2857,Moderate,35.464150000000004,-83.43449
Great Smoky Mountains National Park,North Carolina,Southeast,Deep Creek Trail,14.1,921,Moderate,35.59945,-83.42296
Great Smoky Mountains National Park,North Carolina,Southeast,Deep Creek Waterfall Loop,2.7,456,Easy,35.4643,-83.43433
Great Smoky Mountains National Park,North Carolina,Southeast,Deep Creek to Clingman's Dome Loop,35.2,7467,Hard,35.45982,-83.4385
Great Smoky Mountains National Park,North Carolina,Southeast,"Deep Creek, Loop and Indian Creek Loop Trail",4.7,629,Moderate,35.46393,-83.43495
Great Smoky Mountains National Park,North Carolina,Southeast,Deep Creek/Indian Creek Loop,13.0,2093,Moderate,35.46494,-83.43356
Great Smoky Mountains National Park,Tennessee,South,Doe Knob to Spence Field via Appalachian Trail,31.2,7493,Moderate,35.5625,-83.84611
Great Smoky Mountains National Park,North Carolina,Southeast,"Eagle Creek, Spence Field, and Hazel Creek Loop Trail",37.4,6788,Expert,35.46115,-83.81104
Great Smoky Mountains National Park,Tennessee,South,Elijah Oliver Place Trail,1.2,98,Easy,35.59758,-83.84334
Great Smoky Mountains National Park,Tennessee,South,Elkmont Nature Trail,0.8,95,Easy,35.65775,-83.58068
Great Smoky Mountains National Park,Tennessee,South,Elkmont to Fontana Lake,40.5,7112,Hard,35.65366,-83.58021
Great Smoky Mountains National Park,North Carolina,Southeast,Enloe Creek Trail,6.5,2375,Moderate,35.60892,-83.2232
Great Smoky Mountains National Park,North Carolina,Southeast,Ferguson Cabin Trail Loop,1.1,141,Easy,35.58205,-83.07052
Great Smoky Mountains National Park,Tennessee,South,Fighting Creek Nature Trail,1.4,124,Easy,35.68552,-83.53706
Great Smoky Mountains National Park,Tennessee,South,Finley Cane Trail,5.2,626,Easy,35.60662,-83.74499
Great Smoky Mountains National Park,North Carolina,Southeast,Flat Creek Trail,5.1,820,Moderate,35.57313,-83.18052
Great Smoky Mountains National Park,North Carolina,Southeast,Fontana Dam To Fire Tower,9.0,2526,Moderate,35.45235,-83.8026
Great Smoky Mountains National Park,North Carolina,Southeast,Fontana Dam to Cade’s Cove,21.4,5167,Hard,35.45231,-83.80138
Great Smoky Mountains National Park,North Carolina,Southeast,Fork Mountain Loop Trail,18.2,4678,Hard,35.70021,-83.09743
Great Smoky Mountains National Park,North Carolina,Southeast,Fork Ridge Trail,9.7,2821,Moderate,35.59061,-83.46959
Great Smoky Mountains National Park,North Carolina,Southeast,Forney Creek Trail,23.0,4878,Expert,35.55696,-83.49619
Great Smoky Mountains National Park,North Carolina,Southeast,Forney Loop,26.9,5905,Moderate,35.5568,-83.49606
Great Smoky Mountains National Park,North Carolina,Southeast,Forney Ridge Trail,10.7,2769,Moderate,35.5568,-83.49607
Great Smoky Mountains National Park,North Carolina,Southeast,Forney Ridge Trail to Clingmans Dome Loop,4.5,1102,Moderate,35.5568,-83.49606
Great Smoky Mountains National Park,North Carolina,Southeast,Forney Ridge and Forney Creek Loop,18.6,4642,Hard,35.55682,-83.49605
Great Smoky Mountains National Park,North Carolina,Southeast,Forney Ridge and Noland Divide Loop Trail,18.1,4071,Expert,35.5566,-83.49584
Great Smoky Mountains National Park,North Carolina,Southeast,Forney Ridge to Silers Bald to Clingman Loop,21.0,5278,Moderate,35.557,-83.49626
Great Smoky Mountains National Park,Tennessee,South,Gabes Mountain Trail to Greenbrier Creek,8.4,1653,Moderate,35.75762,-83.20969
Great Smoky Mountains National Park,Tennessee,South,Gabes Mountain Trail to Hen Wallow Falls,4.3,974,Moderate,35.75779,-83.20967
Great Smoky Mountains National Park,Tennessee,South,"Gabes Mountaun, Maddron Bald and Snake Den Ridge Loop",17.0,4274,Expert,35.75722,-83.20895
Great Smoky Mountains National Park,Tennessee,South,Gatlinburg Trail,3.8,164,Easy,35.68562,-83.53732
Great Smoky Mountains National Park,Tennessee,South,Gold Mine & Cane Creek Trails,7.2,984,Moderate,35.64565,-83.90975
Great Smoky Mountains National Park,Tennessee,South,Gold Mine Trail,2.0,406,Easy,35.64568,-83.90975
Great Smoky Mountains National Park,North Carolina,Southeast,"Goldmine, Forney and Noland Loop",21.3,3776,Moderate,35.45873,-83.53759
Great Smoky Mountains National Park,Tennessee,South,Grapeyard Ridge Trail,14.4,3218,Hard,35.70772,-83.38335
Great Smoky Mountains National Park,North Carolina,Southeast,Gregory Bald via Twentymile,15.5,3759,Expert,35.46735,-83.87679
Great Smoky Mountains National Park,Tennessee,South,Gregory Ridge Trail to Gregory Bald,11.6,3359,Expert,35.56245,-83.84573
Great Smoky Mountains National Park,Tennessee,South,Gregory's Little Bald Trail,10.0,2552,Hard,35.54295,-83.89432
Great Smoky Mountains National Park,Tennessee,South,Grotto Falls Trail,2.6,534,Moderate,35.68027,-83.46261
Great Smoky Mountains National Park,Tennessee,South,Hannah Mountain Trail,18.1,2910,Moderate,35.54287,-83.8945
Great Smoky Mountains National Park,North Carolina,Southeast,Hazel Creek and Bone Valley Trail,39.9,6863,Hard,35.46757,-83.87672
Great Smoky Mountains National Park,North Carolina,Southeast,Hemp Hill Road Trail,4.1,823,Moderate,35.57429,-83.07494
Great Smoky Mountains National Park,North Carolina,Southeast,Hemphill Bald via Caldwell Fork Trail,16.1,3051,Hard,35.63132,-83.08812
Great Smoky Mountains National Park,North Carolina,Southeast,Hemphill Bald via Cataloochee Divide Trail,6.2,1335,Moderate,35.58202,-83.07022
Great Smoky Mountains National Park,Tennessee,South,Huskey Branch Falls,4.7,383,Easy,35.65364,-83.58022
Great Smoky Mountains National Park,Tennessee,South,Huskey Gap Trail,3.8,1250,Easy,35.66318,-83.52673
Great Smoky Mountains National Park,North Carolina,Southeast,Hyatt Ridge Loop Trail,9.1,2372,Moderate,35.62111,-83.21086
Great Smoky Mountains National Park,Tennessee,South,Icewater Spring via Appalachian Trail,6.2,1364,Hard,35.61096,-83.42467
Great Smoky Mountains National Park,North Carolina,Southeast,Indian Creek and Sunkota Ridge Trail,11.5,2076,Moderate,35.46417,-83.43438
Great Smoky Mountains National Park,North Carolina,Southeast,Indian Creek to Martin's Gap Trail,14.6,2549,Hard,35.46399,-83.4346
Great Smoky Mountains National Park,Tennessee,South,Indian Flats Falls via Middle Prong Trail,8.1,1279,Moderate,35.61853,-83.66995
Great Smoky Mountains National Park,Tennessee,South,Injun Creek Trail,6.9,1469,Moderate,35.72964,-83.40584
Great Smoky Mountains National Park,Tennessee,South,Jakes Creek Trail to Avent Cabin,2.7,482,Easy,35.65229,-83.58147
Great Smoky Mountains National Park,Tennessee,South,Jakes Creek and Lynn Camp Prong,16.8,3923,Moderate,35.65234,-83.58154
Great Smoky Mountains National Park,Tennessee,South,Jakes Creek via Miry Ridge Trail and Appalachian Trail Loop,25.2,5091,Hard,35.65201,-83.58122
Great Smoky Mountains National Park,Tennessee,South,John Oliver Cabin Access,0.5,39,Easy,35.60664,-83.79467
Great Smoky Mountains National Park,Tennessee,South,Jump Off Trail via Appalachian Trail,6.2,1482,Moderate,35.61097,-83.42474
Great Smoky Mountains National Park,North Carolina,Southeast,Juney Whank Falls Trail,0.6,170,Easy,35.46429,-83.43434
Great Smoky Mountains National Park,North Carolina,Southeast,Kanati Fork Trail,5.4,2083,Expert,35.58788,-83.36388
Great Smoky Mountains National Park,North Carolina,Southeast,Kephart Prong Trail - Charlies Bunion - Mount LeConte,25.1,6824,Expert,35.58572,-83.35803
Great Smoky Mountains National Park,North Carolina,Southeast,Kephart Shelter via Kephart Prong Trail,3.9,833,Easy,35.5858,-83.3583
Great Smoky Mountains National Park,North Carolina,Southeast,Lakeshore Loop,46.4,7896,Hard,35.459,-83.53779
Great Smoky Mountains National Park,North Carolina,Southeast,Lakeshore Trail via Fontana Dam,32.7,5547,Moderate,35.46129,-83.81097
Great Smoky Mountains National Park,North Carolina,Southeast,Lakeshore and Tunnel Bypass Trail Loop,3.2,446,Easy,35.45897,-83.53783
Great Smoky Mountains National Park,Tennessee,South,Laurel Creek Loop Trail,10.1,2362,Moderate,35.62834,-83.72625
Great Smoky Mountains National Park,Tennessee,South,Laurel Falls Trail,2.4,396,Easy,35.6719,-83.58062
Great Smoky Mountains National Park,Tennessee,South,Laurel Falls and Cove Mountain,7.7,1876,Moderate,35.6719,-83.58056
Great Smoky Mountains National Park,Tennessee,South,Laurel Falls via Little Greenbrier Trail,12.5,3106,Hard,35.69409,-83.64606
Great Smoky Mountains National Park,Tennessee,South,Lead Cove Trail,3.3,1161,Moderate,35.60661,-83.74485
Great Smoky Mountains National Park,Tennessee,South,Lead Cove and Finley Cane Trail,6.7,1466,Moderate,35.60663,-83.74499
Great Smoky Mountains National Park,Tennessee,South,Little Bottoms Trail,6.9,951,Moderate,35.60914,-83.93525
Great Smoky Mountains National Park,North Carolina,Southeast,Little Cataloochee Trail,10.2,2345,Moderate,35.67639,-83.08731
Great Smoky Mountains National Park,Tennessee,South,Little Mountain via Little Greenbrier Trail,3.9,643,Moderate,35.69412,-83.646
Great Smoky Mountains National Park,Tennessee,South,Little River Trail to Little River Upper Falls and Grouse Creek Campground,12.3,1213,Easy,35.65366,-83.58015
Great Smoky Mountains National Park,Tennessee,South,Little River and Goshen Prong Trail,13.5,4475,Hard,35.65359,-83.58002
Great Smoky Mountains National Park,North Carolina,Southeast,Little Tennessee Lakeshore Trail,32.6,5459,Hard,35.45901,-83.53806
Great Smoky Mountains National Park,North Carolina,Southeast,Lonesome Pine Overlook,6.6,2273,Hard,35.45958,-83.43861
Great Smoky Mountains National Park,North Carolina,Southeast,Long Bunk Trail via Mount Sterling Trail,10.1,2217,Moderate,35.70024,-83.09743
Great Smoky Mountains National Park,Tennessee,South,Look Rock Tower,0.6,49,Easy,35.63748,-83.93763
Great Smoky Mountains National Park,Tennessee,South,Look Rock Tower Trail,0.9,170,Easy,35.63124,-83.94022
Great Smoky Mountains National Park,Tennessee,South,Low Gap and Gabes Mountain Trail Loop,20.1,4901,Hard,35.75198,-83.20504
Great Smoky Mountains National Park,Tennessee,South,Lower Mount Cammerer Trail,14.5,1899,Hard,35.75396,-83.20703
Great Smoky Mountains National Park,Tennessee,South,Lumber Ridge to Middle Prong Loop,20.0,3828,Moderate,35.64143,-83.68957
Great Smoky Mountains National Park,Tennessee,South,Lynn Camp Prong Trail,18.4,3792,Moderate,35.61744,-83.66945
Great Smoky Mountains National Park,Tennessee,South,Lynn Camp Prong and Appalachian Trail Loop,20.3,3674,Hard,35.61869,-83.67008
Great Smoky Mountains National Park,Tennessee,South,Lynn Camp Via Middle Prong Trail,4.4,515,Moderate,35.61861,-83.67006
Great Smoky Mountains National Park,Tennessee,South,Maddron Bald,13.8,3540,Hard,35.76937,-83.26669
Great Smoky Mountains National Park,Tennessee,South,Maddron Bald Trail to Albright Grove Loop,6.6,1456,Moderate,35.76935,-83.2667
Great Smoky Mountains National Park,Tennessee,South,Meigs Creek Trail,6.5,1325,Moderate,35.6693,-83.66208
Great Smoky Mountains National Park,Tennessee,South,Meigs Creek Trail: Short Version,3.5,744,Moderate,35.66942,-83.66239
Great Smoky Mountains National Park,Tennessee,South,Meigs Mountain Trail,9.2,1479,Moderate,35.65192,-83.58124
Great Smoky Mountains National Park,Tennessee,South,Metcalf Bottoms Trail,1.5,187,Easy,35.67828,-83.64769
Great Smoky Mountains National Park,Tennessee,South,Metcalf Bottoms Trail to Laurel Falls,12.3,3074,Hard,35.67822,-83.64762
Great Smoky Mountains National Park,Tennessee,South,Middle Prong Trail,7.9,1253,Moderate,35.61741,-83.66946
Great Smoky Mountains National Park,Tennessee,South,"Middle Prong, Lynn Camp, Miry Ridge-Panther Creek Loop",14.3,2824,Moderate,35.6179,-83.66969
Great Smoky Mountains National Park,North Carolina,Southeast,Mingus Mill and Newton Bald Trail,10.1,3008,Hard,35.52091,-83.30918
Great Smoky Mountains National Park,Tennessee,South,Mount Cammerer Loop - Low Gap and Lower Cammerer,16.2,3448,Hard,35.75595,-83.208
Great Smoky Mountains National Park,North Carolina,Southeast,Mount Cammerer and Mount Sterling Loop,29.3,8891,Hard,35.75948,-83.10595
Great Smoky Mountains National Park,North Carolina,Southeast,Mount Cammerer via Big Creek Trail,16.4,3815,Expert,35.75232,-83.10997
Great Smoky Mountains National Park,Tennessee,South,Mount Cammerer via Groundhog Ridge Manway,15.5,6348,Hard,35.78288,-83.17382
Great Smoky Mountains National Park,Tennessee,South,Mount Cammerer via Low Gap Trail,11.9,3169,Hard,35.75637,-83.20788
Great Smoky Mountains National Park,Tennessee,South,Mount Collins via Little River Trail and Sugarland Mountain Trail,24.4,4540,Hard,35.65366,-83.58021
Great Smoky Mountains National Park,Tennessee,South,Mount Crammerer to Mount Sterling Rd,9.7,1515,Moderate,35.75274,-83.20308
Great Smoky Mountains National Park,Tennessee,South,Mount Guyot via Maddron Bald,22.5,5187,Hard,35.76926,-83.26684
Great Smoky Mountains National Park,Tennessee,South,Mount Le Conte,12.5,3261,Hard,35.68029,-83.46251
Great Smoky Mountains National Park,North Carolina,Southeast,Mount LeConte and Rainbow Falls and Grotto Falls via Appalachian Trail,31.7,7723,Hard,35.61103,-83.42493
Great Smoky Mountains National Park,Tennessee,South,Mount LeConte and Rainbow Falls via The Bullhead Trail,12.8,3887,Hard,35.67573,-83.48563
Great Smoky Mountains National Park,Tennessee,South,Mount LeConte via Appalachian Trail and Boulevard Trail,15.6,3671,Expert,35.61095,-83.42487
Great Smoky Mountains National Park,Tennessee,South,Mount LeConte via Rainbow Falls Trail,13.0,4002,Expert,35.67577,-83.48556
Great Smoky Mountains National Park,Tennessee,South,Mount LeConte via Trillium Gap Loop Trail,14.9,4022,Hard,35.68006,-83.46228
Great Smoky Mountains National Park,North Carolina,Southeast,Mount Sterling Backpacking Trail,27.6,8316,Hard,35.75107,-83.1095
Great Smoky Mountains National Park,Tennessee,South,"Mount Sterling Loop (via Low Gap, Big Creek, Swallow Fork)",28.5,8116,Hard,35.75576,-83.20782
Great Smoky Mountains National Park,North Carolina,Southeast,Mount Sterling Overnight Loop Trail,16.9,4281,Hard,35.75146,-83.10969
Great Smoky Mountains National Park,Tennessee,South,Mount Sterling via Mount Sterling Gap,5.1,1935,Hard,35.70021,-83.09749
Great Smoky Mountains National Park,North Carolina,Southeast,Mouse Creek Falls via Big Creek Trail,5.7,813,Easy,35.75185,-83.11035
Great Smoky Mountains National Park,Tennessee,South,Mt. Cammerer Backpacking Loop,32.7,7001,Hard,35.75632,-83.20835
Great Smoky Mountains National Park,North Carolina,Southeast,"Mt. Collins Shelter, Clingman/Forney Trail and Camp 68",15.9,4333,Hard,35.5904,-83.46936
Great Smoky Mountains National Park,Tennessee,South,Mt. Sterling via Baxter Creek Trail,11.7,4120,Hard,35.75117,-83.10971
Great Smoky Mountains National Park,Tennessee,South,Myrtle Point and Mount LeConte via Alum Cave Trail,11.5,3097,Hard,35.62909,-83.45096
Great Smoky Mountains National Park,Tennessee,South,Myrtle Point via Appalachian Trail and Boulevard Trail,15.7,3710,Moderate,35.61041,-83.42557
Great Smoky Mountains National Park,Tennessee,South,Newfound Gap Loop via Goshen Prong to Sugarland Mountain,28.9,6640,Hard,35.61123,-83.42527
Great Smoky Mountains National Park,Tennessee,South,Newfound Gap Overlook to Campsite 49 via Appalachian Trail,18.0,5049,Moderate,35.61101,-83.42492
Great Smoky Mountains National Park,Tennessee,South,Newfound Gap Road Drive,29.4,3910,Moderate,35.68449,-83.53498
Great Smoky Mountains National Park,North Carolina,Southeast,Newfound Gap and Low Gap,31.3,6115,Hard,35.55655,-83.49595
Great Smoky Mountains National Park,North Carolina,Southeast,Newfound Gap to Clingmans Dome Trail,14.9,3841,Hard,35.61035,-83.42528
Great Smoky Mountains National Park,Tennessee,South,Newfound Gap to Grassy Patch,13.7,2677,Hard,35.61114,-83.42486
Great Smoky Mountains National Park,Tennessee,South,Newfound Gap to Indian Gap,3.3,843,Easy,35.61057,-83.42605
Great Smoky Mountains National Park,North Carolina,Southeast,Newfound Gap to Long Ridge Campsite,11.5,2624,Hard,35.61047,-83.42583
Great Smoky Mountains National Park,North Carolina,Southeast,Newton Bald Loop Trail,23.1,5187,Hard,35.46411,-83.43396
Great Smoky Mountains National Park,North Carolina,Southeast,Newton Bald Trail,9.0,2896,Hard,35.55287,-83.31003
Great Smoky Mountains National Park,Tennessee,South,"Noah ""Bud"" Ogle Self-Guiding Trail",0.7,72,Easy,35.68348,-83.49042
Great Smoky Mountains National Park,North Carolina,Southeast,Noland Creek Trail,18.5,2500,Moderate,35.45755,-83.5266
Great Smoky Mountains National Park,North Carolina,Southeast,Noland Divide Trail,11.1,4783,Hard,35.45919,-83.43792
Great Smoky Mountains National Park,North Carolina,Southeast,Noland Divide Trail to Deep Creek Trail Loop,17.8,3802,Hard,35.45986,-83.43873
Great Smoky Mountains National Park,North Carolina,Southeast,Oconaluftee River Trail,3.1,52,Easy,35.51326,-83.30637
Great Smoky Mountains National Park,Tennessee,South,Old Settlers Trail,16.2,3454,Moderate,35.70774,-83.37997
Great Smoky Mountains National Park,Tennessee,South,Old Sugarlands Trail,7.5,1256,Moderate,35.68804,-83.53492
Great Smoky Mountains National Park,Tennessee,South,"Old Sugarlands, Twin Creeks, Gatlinburg Loop Trail",10.0,1528,Moderate,35.68757,-83.53477
Great Smoky Mountains National Park,North Carolina,Southeast,Palmer Creek Trail,9.2,1814,Moderate,35.62695,-83.11333
Great Smoky Mountains National Park,Tennessee,South,Peregrine Peak and Rainbow Falls via Alum Cave Trail,17.1,4776,Hard,35.62955,-83.45154
Great Smoky Mountains National Park,Tennessee,South,Peregrine Peak via Alum Cave Bluffs Trail,4.2,1059,Moderate,35.62874,-83.45078
Great Smoky Mountains National Park,Tennessee,South,Pine Mountain Loop Trail,8.0,1410,Moderate,35.60784,-83.9362
Great Smoky Mountains National Park,Tennessee,South,Pine Oak Nature Trail,0.8,203,Easy,35.60039,-83.77414
Great Smoky Mountains National Park,North Carolina,Southeast,Polls Gap-Rough Fork Tr to Caldwell Fork Tr,9.7,85,Moderate,35.56326,-83.16157
Great Smoky Mountains National Park,Tennessee,South,Porters Creek Trail,7.0,1512,Moderate,35.69662,-83.38846
Great Smoky Mountains National Park,North Carolina,Southeast,Pretty Hollow Gap Trail,11.2,2470,Hard,35.62655,-83.11245
Great Smoky Mountains National Park,North Carolina,Southeast,Purchase Knob Trail,0.9,183,Easy,35.58625,-83.06837
Great Smoky Mountains National Park,North Carolina,Southeast,"Purchase Road, Ferguson Cabin, and Catalochee Divide Loop",5.6,1263,Moderate,35.57397,-83.07516
Great Smoky Mountains National Park,Tennessee,South,Quilliam Cave via Courthouse Rock Trail,2.7,1161,Moderate,35.65192,-83.51326
Great Smoky Mountains National Park,Tennessee,South,Rabbit Creek Trail to Abrams Falls Trail Loop,11.1,1824,Hard,35.59133,-83.85286
Great Smoky Mountains National Park,Tennessee,South,Rabbit and Abrams Creeks Loop Trail,15.2,4002,Moderate,35.60777,-83.93649
Great Smoky Mountains National Park,Tennessee,South,Rainbow Falls Trail,5.5,1653,Moderate,35.67592,-83.48668
Great Smoky Mountains National Park,Tennessee,South,Rainbow Falls Trail and Cliff Tops Trail,12.6,3920,Hard,35.6755,-83.48568
Great Smoky Mountains National Park,Tennessee,South,Ramsey Cascades Trail,8.1,2224,Hard,35.70272,-83.35747
Great Smoky Mountains National Park,North Carolina,Southeast,Rich Gap via Long Hungry Ridge Trail,7.5,3280,Hard,35.46722,-83.87692
Great Smoky Mountains National Park,Tennessee,South,Rich Mountain Loop Trail,8.3,1991,Moderate,35.60645,-83.77646
Great Smoky Mountains National Park,Tennessee,South,Rich Mountain to Indian Grave Gap,4.2,1528,Moderate,35.64465,-83.80521
Great Smoky Mountains National Park,Tennessee,South,Riverview Quiet Walkway,0.9,141,Easy,35.66337,-83.52636
Great Smoky Mountains National Park,North Carolina,Southeast,Road Prong Trail,6.0,1840,Moderate,35.60949,-83.4465
Great Smoky Mountains National Park,Tennessee,South,Roaring Fork Motor Nature Trail,6.7,1200,Moderate,35.68552,-83.49645
Great Smoky Mountains National Park,Tennessee,South,Rocky Top from Lead Cove Trailhead,10.5,3864,Hard,35.60686,-83.74488
Great Smoky Mountains National Park,Tennessee,South,Rocky Top via Anthony Creek Trail,11.7,3671,Hard,35.60501,-83.7701
Great Smoky Mountains National Park,North Carolina,Southeast,Rough Fork Trail,12.3,2293,Moderate,35.6161,-83.12108
Great Smoky Mountains National Park,Tennessee,South,Roundtop Trail,14.7,2972,Moderate,35.69245,-83.64608
Great Smoky Mountains National Park,Tennessee,South,Russell Field Trail,11.5,2598,Moderate,35.6057,-83.77778
Great Smoky Mountains National Park,Tennessee,South,Schoolhouse Gap Trail,4.7,597,Moderate,35.627250000000004,-83.72644
Great Smoky Mountains National Park,Tennessee,South,"Schoolhouse Gap Trail, Turkeypen Ridge Trail, and Finley Cane Trail Loop",9.2,1181,Moderate,35.62733,-83.72649
Great Smoky Mountains National Park,North Carolina,Southeast,Shuckstack Tower via Appalachian Trail,6.6,2244,Hard,35.46045,-83.81108
Great Smoky Mountains National Park,North Carolina,Southeast,Shuckstack via Twenty Mile Loop,11.9,2942,Hard,35.46736,-83.87677
Great Smoky Mountains National Park,North Carolina,Southeast,Shuckstack via Twentymile,10.4,2618,Hard,35.46741,-83.87679
Great Smoky Mountains National Park,North Carolina,Southeast,Silers Bald Trail,9.0,2208,Moderate,35.55683,-83.49607
Great Smoky Mountains National Park,North Carolina,Southeast,Silers Bald and Forney Creek Loop Trail,18.6,5216,Expert,35.55707,-83.49615
Great Smoky Mountains National Park,North Carolina,Southeast,"Silers Bald via Lakeshore Trail, Bear Creek Trail, and Welch Ridge Trail",35.7,7778,Hard,35.45893,-83.53792
Great Smoky Mountains National Park,North Carolina,Southeast,Smokemont Loop Trail,5.9,1407,Moderate,35.5556,-83.31197
Great Smoky Mountains National Park,North Carolina,Southeast,Smokemont Self-Guided Nature Trail,0.6,157,Easy,35.557900000000004,-83.3126
Great Smoky Mountains National Park,Tennessee,South,Snake Den Ridge Low Gap Trail,12.7,3937,Hard,35.75363,-83.20682
Great Smoky Mountains National Park,Tennessee,South,Snake Den Ridge Trail,10.6,3490,Hard,35.75377,-83.20691
Great Smoky Mountains National Park,Tennessee,South,Snake Den Ridge Trail to Low Den Gap Trail Loop,26.1,7162,Hard,35.7559,-83.2076
Great Smoky Mountains National Park,North Carolina,Southeast,Springhouse Branch Trail via Forney Ridge Trail,16.4,4215,Moderate,35.5568,-83.49606
Great Smoky Mountains National Park,North Carolina,Southeast,Spruce Fir Self-Guiding Nature Trail,0.3,26,Easy,35.5956,-83.45901
Great Smoky Mountains National Park,Tennessee,South,Spruce Flats Falls Trail,1.8,413,Moderate,35.64105,-83.68926
Great Smoky Mountains National Park,Tennessee,South,Spruce Flats Falls via Lumber Ridge Loop,7.0,1509,Moderate,35.64146,-83.68935
Great Smoky Mountains National Park,North Carolina,Southeast,Spruce Mountain Loop Trail,21.4,5328,Hard,35.56302,-83.16221
Great Smoky Mountains National Park,North Carolina,Southeast,Spruce Mountain Trail,2.2,744,Moderate,35.61102,-83.18451
Great Smoky Mountains National Park,Tennessee,South,Sugarland Mountain Trail,11.7,4422,Hard,35.67171,-83.58043
Great Smoky Mountains National Park,North Carolina,Southeast,Sugarland Mountain and Huskey Gap Trail,12.5,741,Hard,35.59047,-83.46953
Great Smoky Mountains National Park,Tennessee,South,Sugarlands Valley Nature Trail,0.5,19,Easy,35.67956,-83.53127
Great Smoky Mountains National Park,Tennessee,South,Sutton Ridge Overlook Trail,3.0,314,Moderate,35.75322,-83.20661
Great Smoky Mountains National Park,North Carolina,Southeast,Swag Loop,9.4,2286,Hard,35.57408,-83.09357
Great Smoky Mountains National Park,North Carolina,Southeast,The Boogerman Trail,7.3,1128,Hard,35.63138,-83.08809
Great Smoky Mountains National Park,North Carolina,Southeast,"Thomas Divide, Newton Bald and Mingus Creek Trail",11.0,1338,Expert,35.58568,-83.39889
Great Smoky Mountains National Park,Tennessee,South,Thunderhead Prong Quiet Walkway,1.3,213,Easy,35.617490000000004,-83.66965
Great Smoky Mountains National Park,North Carolina,Southeast,Tow String Trail,4.7,725,Moderate,35.55293,-83.30943
Great Smoky Mountains National Park,Tennessee,South,Tremont Logging History Auto Tour,6.1,557,Easy,35.64103,-83.69049
Great Smoky Mountains National Park,Tennessee,South,Tremont Thunderhead Prong Trail,14.2,3766,Hard,35.61756,-83.66961
Great Smoky Mountains National Park,Tennessee,South,Tricorner Knob and Mount Guyot via Snake Den Ridge Trail,19.8,5157,Hard,35.75324,-83.20788
Great Smoky Mountains National Park,Tennessee,South,Trillium Gap Trail to Grotto Falls,6.8,1243,Moderate,35.67558,-83.4857
Great Smoky Mountains National Park,Tennessee,South,"Trillium Gap, Grotto Falls, Brushy Mountain,  Bull Head Trail Loop",16.5,4199,Hard,35.67578,-83.48589
Great Smoky Mountains National Park,Tennessee,South,Turkeypen Ridge Trail to White Oak Sinks,9.4,1227,Moderate,35.60674,-83.74514
Great Smoky Mountains National Park,North Carolina,Southeast,Twentymile Loop Trail,7.7,500,Moderate,35.46718,-83.87698
Great Smoky Mountains National Park,North Carolina,Southeast,"Twentymile, Gregory Bald, and Shuckstack Loop",17.5,4370,Expert,35.46749,-83.87672
Great Smoky Mountains National Park,Tennessee,South,Twin Creeks Trail,4.5,790,Easy,35.70124,-83.51204
Great Smoky Mountains National Park,Tennessee,South,Walker Sisters Home via Little Brier Gap Trail,3.9,442,Easy,35.67828,-83.64753
Great Smoky Mountains National Park,Tennessee,South,Walker Sisters Home via Little Greenbrier Trail,4.9,774,Easy,35.69408,-83.64598
Great Smoky Mountains National Park,Tennessee,South,West Prong Trail,5.0,1361,Moderate,35.64091,-83.69115
Great Smoky Mountains National Park,Tennessee,South,Wet Bottom Trail,1.7,85,Moderate,35.59784,-83.84342
Great Smoky Mountains National Park,Tennessee,South,Whiteoak Sinks,4.4,639,Easy,35.62771,-83.72638
Great Smoky Mountains National Park,North Carolina,Southeast,Wolf Ridge Trail to Gregory Bald,7.2,3687,Hard,35.46732,-83.8768
Guadalupe Mountains National Park,Texas,South,Bush Mountain,12.5,3562,Expert,31.89674,-104.8286
Guadalupe Mountains National Park,Texas,South,Bush Mountain Trail to Blue Ridge Loop,15.2,4242,Hard,31.89664,-104.82824
Guadalupe Mountains National Park,Texas,South,Devil's Hall Loop Trail,3.7,590,Moderate,31.89653,-104.82799
Guadalupe Mountains National Park,Texas,South,Devil's Hall Trail,3.6,577,Moderate,31.89668,-104.82815
Guadalupe Mountains National Park,Texas,South,El Capitan Trail,9.6,1689,Moderate,31.89653,-104.82816
Guadalupe Mountains National Park,Texas,South,Guadalupe Pass: Salt Flat to McKittrick Canyon,31.6,2805,Moderate,31.74306,-105.09144
Guadalupe Mountains National Park,Texas,South,Guadalupe Peak Texas Highpoint Trail,8.1,2867,Hard,31.89666,-104.82815
Guadalupe Mountains National Park,Texas,South,Hunter Peak,7.8,2657,Hard,31.89671,-104.8286
Guadalupe Mountains National Park,Texas,South,Manzanita Spring Trail,0.5,13,Easy,31.90778,-104.8014
Guadalupe Mountains National Park,Texas,South,Marcus Trail,13.5,3175,Hard,31.99556,-104.8324
Guadalupe Mountains National Park,Texas,South,McKittrick Canyon Trail,20.2,4366,Moderate,31.97778,-104.75232
Guadalupe Mountains National Park,Texas,South,McKittrick Ridge,14.1,2332,Hard,31.99349,-104.83409
Guadalupe Mountains National Park,Texas,South,McKittrock Canyon to Pine Springs,21.9,6295,Moderate,31.97727,-104.75221
Guadalupe Mountains National Park,Texas,South,Permian Reef Trail,9.2,2391,Hard,31.97782,-104.75233
Guadalupe Mountains National Park,Texas,South,Pine Springs Campground,0.2,6,Easy,31.8954,-104.82557
Guadalupe Mountains National Park,Texas,South,Pine Springs to McKittrick Canyon,17.7,4068,Moderate,31.8963,-104.82781
Guadalupe Mountains National Park,Texas,South,Pratt Lodge via McKittrick Canyon Trail,4.8,341,Moderate,31.97719,-104.75202
Guadalupe Mountains National Park,Texas,South,Smith Spring Trail,2.4,387,Easy,31.90662,-104.8016
Guadalupe Mountains National Park,Texas,South,Tejas Trail to Mckittrick Canyon,17.5,3562,Hard,31.89671,-104.82848
Guadalupe Mountains National Park,Texas,South,"Tejas Trail, Juniper Trail to the Bowl and Hunter Peak",12.5,3293,Hard,31.89629,-104.82772
Guadalupe Mountains National Park,Texas,South,Tejas and Bear Canyon Loop to the Bowl Trail,9.8,2696,Expert,31.89363,-104.82258
Guadalupe Mountains National Park,Texas,South,The Bowl and Hunter Peak via Frijole and Bear Canyon Trails,8.4,3067,Hard,31.89618,-104.82768
Guadalupe Mountains National Park,Texas,South,The Pinery,0.9,78,Easy,31.89409,-104.82201
Guadalupe Mountains National Park,Texas,South,The Tejas Trail,11.2,2854,Expert,31.89658,-104.82809
Haleakala National Park,Maui,Other,Halalai'i and Pu'unaue Trail,12.5,3211,Hard,20.71417,-156.25093
Haleakala National Park,Maui,Other,Haleakala Crater Trail,11.2,3054,Hard,20.71449,-156.25072
Haleakala National Park,Maui,Other,Halemau'u Haleakala Overlook Trail,7.6,2375,Hard,20.75236,-156.22844
Haleakala National Park,Maui,Other,Ka Lu'u o ka O'o Cinder Cone via Crater and Sliding Sands Trail [CLOSED],5.2,1676,Moderate,20.71449,-156.25085
Haleakala National Park,Maui,Other,Kaupo Trail,12.0,5482,Hard,20.64981,-156.137
Haleakala National Park,Maui,Other,Keonehe'ehe'e Trail,17.6,3845,Hard,20.714480000000002,-156.25072
Haleakala National Park,Maui,Other,Leleiwi Overlook Trail,0.3,101,Easy,20.74424,-156.23037
Haleakala National Park,Maui,Other,Pa Ka'oao Trail,0.6,134,Moderate,20.71479,-156.25102
Haleakala National Park,Maui,Other,Pa ka'oao Trail (White Hill Trail),0.5,108,Easy,20.71442,-156.25102
Haleakala National Park,Maui,Other,Pipiwai Trail and Waimoku Falls,3.4,820,Moderate,20.66233,-156.04445
Haleakala National Park,Maui,Other,Red Hill Overlook Summit Trail,0.2,13,Easy,20.71007,-156.25357
Haleakala National Park,Maui,Other,Seven Sacred Pools Trail ('Ohe'o Gulch),0.6,108,Easy,20.662,-156.04514
Haleakala National Park,Maui,Other,Silversword Loop Via Halemau'u Trail,12.5,3628,Hard,20.75275,-156.22884
Haleakala National Park,Maui,Other,Sliding Sands Trail,11.0,2795,Expert,20.71473,-156.25053
Hawaii Volcanoes National Park,Hawaii,Pacific,Byron Ledge & Halema'uma'u Loop [CLOSED],3.2,485,Moderate,19.43001,-155.25985
Hawaii Volcanoes National Park,Hawaii,Pacific,Byron Ledge Trail from Devastation Trailhead [CLOSED],4.4,406,Moderate,19.40613,-155.25297
Hawaii Volcanoes National Park,Hawaii,Pacific,Crater Rim Drive,2.2,223,Easy,19.40536,-155.25306
Hawaii Volcanoes National Park,Hawaii,Pacific,Crater Rim Trail: East from Jaggar Museum,2.6,282,Moderate,19.42019,-155.28883
Hawaii Volcanoes National Park,Hawaii,Pacific,Devastation Trail to Puu Puai Overlook,1.0,124,Easy,19.4064,-155.25293
Hawaii Volcanoes National Park,Hawaii,Pacific,End of Chain of Craters Road Trail to Lava Viewing,10.3,429,Moderate,19.29555,-155.09752
Hawaii Volcanoes National Park,Hawaii,Pacific,End of Chain of Craters Road to Active Lava Flow,6.8,1630,Hard,19.33504,-155.02078
Hawaii Volcanoes National Park,Hawaii,Pacific,Halape Trail,13.1,3077,Hard,19.32556,-155.2785
Hawaii Volcanoes National Park,Hawaii,Pacific,Halema'uma'u Trail,1.7,429,Moderate,19.42964,-155.25883
Hawaii Volcanoes National Park,Hawaii,Pacific,Halema’uma’u Steam Bluff and Sulfur Banks,1.3,82,Easy,19.42902,-155.25833
Hawaii Volcanoes National Park,Hawaii,Pacific,Hilina Pali Trail,9.9,1938,Hard,19.29546,-155.30693
Hawaii Volcanoes National Park,Hawaii,Pacific,Kalapana Lava Viewing,9.5,646,Easy,19.3557,-154.98677
Hawaii Volcanoes National Park,Hawaii,Pacific,Kau Desert Footprints Trail,3.8,547,Easy,19.36885,-155.36754
Hawaii Volcanoes National Park,Hawaii,Pacific,Keauhou Trail,17.3,3750,Hard,19.3572,-155.22412
Hawaii Volcanoes National Park,Hawaii,Pacific,Kilauea Craters Trail [CLOSED],8.0,1328,Moderate,19.41351,-155.23894
Hawaii Volcanoes National Park,Hawaii,Pacific,Kilauea Iki Trail,1.6,449,Easy,19.42964,-155.25812
Hawaii Volcanoes National Park,Hawaii,Pacific,Kilauea Iki Trail and Crater Rim Trail,3.0,688,Moderate,19.41648,-155.24294
Hawaii Volcanoes National Park,Hawaii,Pacific,Kipuka Puaulu Trail,1.1,160,Easy,19.43748,-155.30324
Hawaii Volcanoes National Park,Hawaii,Pacific,Mauna Iki Trail to Kulanaokuaiki Campground,14.9,1548,Moderate,19.36842,-155.36769
Hawaii Volcanoes National Park,Hawaii,Pacific,Mauna Loa Cabin Trail via Observatory Trail,12.4,2362,Expert,19.53804,-155.57516
Hawaii Volcanoes National Park,Hawaii,Pacific,Mauna Loa Trail,36.1,7283,Expert,19.49264,-155.3854
Hawaii Volcanoes National Park,Hawaii,Pacific,Mauna Loa Trail to Red Hill,13.9,3431,Hard,19.49266,-155.38535
Hawaii Volcanoes National Park,Hawaii,Pacific,Mauna Loa via Observatory Trail and Summit Trail,12.9,2972,Expert,19.53805,-155.57531
Hawaii Volcanoes National Park,Hawaii,Pacific,Mauna Ulu Eruption Trail,0.6,62,Easy,19.36525,-155.21625
Hawaii Volcanoes National Park,Hawaii,Pacific,Napau Crater Trail to Makaopuhi Crater,11.8,2040,Hard,19.36522,-155.21615
Hawaii Volcanoes National Park,Hawaii,Pacific,Nāulu Trail,6.3,1062,Moderate,19.31753,-155.16243
Hawaii Volcanoes National Park,Hawaii,Pacific,Old Hawaiian Trail,12.1,1210,Moderate,19.26041,-155.61541
Hawaii Volcanoes National Park,Hawaii,Pacific,Palm Trail,2.7,479,Easy,19.08609,-155.68402
Hawaii Volcanoes National Park,Hawaii,Pacific,Pu'u Huluhulu via Napau Crater Trail,2.5,311,Moderate,19.36539,-155.2165
Hawaii Volcanoes National Park,Hawaii,Pacific,Puna Kau Trail,18.2,1381,Hard,19.29054,-155.13412
Hawaii Volcanoes National Park,Hawaii,Pacific,Puna Kau Trail to Apua Point,9.4,190,Expert,19.29037,-155.13408
Hawaii Volcanoes National Park,Hawaii,Pacific,Puna Kau Trail to Halape Trail,15.7,3671,Expert,19.29056,-155.1341
Hawaii Volcanoes National Park,Hawaii,Pacific,Puu Loa Petroglyphs Trail,1.2,85,Moderate,19.28898,-155.12998
Hawaii Volcanoes National Park,Hawaii,Pacific,Sandalwood (Iliahi) Trail,1.2,45,Moderate,19.4314,-155.26536
Hawaii Volcanoes National Park,Hawaii,Pacific,Thurston Lava Tube Trail [CLOSED],0.4,39,Easy,19.41357,-155.2389
Hot Springs National Park,Arkansas,South,Dead Chief Trail,2.7,400,Moderate,34.51359,-93.05238
Hot Springs National Park,Arkansas,South,Goat Rock Trail,2.4,380,Moderate,34.52802,-93.03995
Hot Springs National Park,Arkansas,South,Goat Rock via Dead Chief Trail,1.3,288,Moderate,34.52559,-93.03619
Hot Springs National Park,Arkansas,South,Grand Promenade,0.7,68,Easy,34.51656,-93.05239
Hot Springs National Park,Arkansas,South,Gulpha Gorge Trail,1.2,383,Moderate,34.52556,-93.03645
Hot Springs National Park,Arkansas,South,Hot Springs Mountain Trail,3.3,672,Easy,34.52598,-93.03645
Hot Springs National Park,Arkansas,South,Hot Springs Sunset Trail Full Circle,12.8,2234,Expert,34.5117,-93.05353
Hot Springs National Park,Arkansas,South,Lower Dogwood Trail,1.6,406,Easy,34.52375,-93.04166
Hot Springs National Park,Arkansas,South,Mountaintop Loop,1.3,370,Easy,34.51813,-93.05016
Hot Springs National Park,Arkansas,South,Peak Trail,1.3,357,Easy,34.51334,-93.05276
Hot Springs National Park,Arkansas,South,Sugarloaf Mountain Via Sunset Trail,7.1,1945,Moderate,34.50846,-93.06853
Hot Springs National Park,Arkansas,South,Sunset Trail,13.0,2372,Hard,34.5256,-93.03637
Hot Springs National Park,Arkansas,South,Sunset Trail: Sugarloaf Mountain Section,2.9,603,Moderate,34.51403,-93.09383
Hot Springs National Park,Arkansas,South,The Grand Promenade and Side Trails,1.2,111,Moderate,34.51165,-93.05319
Hot Springs National Park,Arkansas,South,Upper Dogwood Trail,1.4,226,Easy,34.52373,-93.0417
Hot Springs National Park,Arkansas,South,West Mountain Trail,1.9,354,Moderate,34.51279,-93.05836
Indiana Dunes National Park,Indiana,Other,Bailey Cemetary Trail,0.5,16,Easy,41.62953,-87.09132
Indiana Dunes National Park,Indiana,Other,Bailey Homestead Loop,1.1,68,Easy,41.62449,-87.08932
Indiana Dunes National Park,Indiana,Other,Beach Trail to Waverly Beach,1.0,19,Easy,41.65898,-87.05661
Indiana Dunes National Park,Indiana,Other,Calumet Trail,9.2,45,Easy,41.63696,-87.08704
Indiana Dunes National Park,Indiana,Other,Cowles Bog Trail,4.3,213,Moderate,41.64508,-87.0857
Indiana Dunes National Park,Indiana,Other,Dune Ridge Trail,0.9,88,Moderate,41.67729,-87.00886
Indiana Dunes National Park,Indiana,Other,Dune Succession and West Beach Walk,2.7,144,Easy,41.62209,-87.20799
Indiana Dunes National Park,Indiana,Other,Great Marsh Trail Loop,1.4,6,Easy,41.67481,-86.98662
Indiana Dunes National Park,Indiana,Other,Indiana's Lake Michigan Shoreline Scenic Drive,21.8,278,Moderate,41.59516,-87.29994
Indiana Dunes National Park,Indiana,Other,Little Calumet River Trail Loop,3.9,167,Moderate,41.6245,-87.08934
Indiana Dunes National Park,Indiana,Other,Miller Woods Trail,3.8,134,Easy,41.60671,-87.26868
Indiana Dunes National Park,Indiana,Other,Portage Lake Front River Walk,1.9,134,Easy,41.61986,-87.17965
Indiana Dunes National Park,Indiana,Other,Tolleston Dunes,3.2,173,Moderate,41.61477,-87.19301
Indiana Dunes National Park,Indiana,Other,Trail 3,1.4,108,Easy,41.65986,-87.06605
Indiana Dunes National Park,Indiana,Other,West Beach Loop,1.1,95,Easy,41.62254,-87.20827
Indiana Dunes National Park,Indiana,Other,West Beach Loop with Scallop Dunes and Long Lake Trail,3.4,259,Moderate,41.62244,-87.20793
Isle Royale National Park,Michigan,Northeast,Greenstone Ridge Trail: Windigo to Tobin Harbor,39.5,3992,Hard,47.91214,-89.15641
Isle Royale National Park,Michigan,Northeast,Ishpeming Trail to Ishpeming Point,14.6,1115,Moderate,47.98499,-88.79938
Isle Royale National Park,Michigan,Northeast,Malone Bay to Hatchett Lake,23.4,2181,Moderate,47.98498,-88.79939
Isle Royale National Park,Michigan,Northeast,Rainbow Cove Trail,1.4,72,Easy,47.84193,-89.19248
Joshua Tree National Park,California,West,"5 Tanks Including Twin Tanks, Ivanpah and Live Oak Tanks",5.3,367,Moderate,33.98986,-116.02328
Joshua Tree National Park,California,West,Arch Rock Nature Trail,0.7,26,Easy,33.984140000000004,-116.01655
Joshua Tree National Park,California,West,Bajada Nature Walk,0.3,6,Moderate,33.68143,-115.80178
Joshua Tree National Park,California,West,Barker Dam Nature Trail,1.8,65,Easy,34.02511,-116.14173
Joshua Tree National Park,California,West,Berdoo Canyon,24.3,1348,Moderate,34.0062,-116.08486
Joshua Tree National Park,California,West,Big Pine Trail,8.5,836,Moderate,34.08099,-116.24233
Joshua Tree National Park,California,West,Black Eagle Mine OHV Trail,24.0,1286,Moderate,33.82554,-115.75997
Joshua Tree National Park,California,West,Black Rock Canyon Trail,3.0,400,Moderate,34.07152,-116.39088
Joshua Tree National Park,California,West,Black Rock Canyon Trail to Warren Peak,5.0,1023,Hard,34.07138,-116.39113
Joshua Tree National Park,California,West,Black Rock Canyon to Panorama Loop Trail,6.4,1194,Moderate,34.0752,-116.38802
Joshua Tree National Park,California,West,Boy Scout Trail To Willow Hole Extended Route,17.6,1656,Moderate,34.11311,-116.15582
Joshua Tree National Park,California,West,Brooklyn Mine OHV Trail,10.4,882,Moderate,33.97667,-115.68128
Joshua Tree National Park,California,West,Burnt Hill Trail,5.9,859,Moderate,34.0714,-116.39115
Joshua Tree National Park,California,West,Burnt Hill Trail and Canyon View Trail Loop,5.9,935,Moderate,34.07513,-116.38798
Joshua Tree National Park,California,West,California Riding & Hiking Trail,39.1,4235,Expert,34.07424,-116.03185
Joshua Tree National Park,California,West,California Riding and Hiking Trail,37.6,3175,Hard,34.07328,-116.39056
Joshua Tree National Park,California,West,California Riding and Hiking Trail: Keys View Road to Pinto Basin Road,10.6,462,Moderate,33.97758,-116.16596
Joshua Tree National Park,California,West,Candlestein Pass Trail,4.0,416,Easy,34.01195,-116.16811
Joshua Tree National Park,California,West,Cap Rock and Gram Parsons Nature Trail,0.7,39,Easy,33.98907,-116.16396
Joshua Tree National Park,California,West,Careys Castle Trail [CLOSED],7.5,1276,Moderate,33.69963,-115.6785
Joshua Tree National Park,California,West,Cholla Cactus Garden Nature Trail,0.2,6,Easy,33.92531,-115.92893
Joshua Tree National Park,California,West,Conejo Well and Eagle Mountains Trail,13.5,1122,Moderate,33.73715,-115.81099
Joshua Tree National Park,California,West,Contact Mine Trail,4.2,711,Moderate,34.07219,-116.03284
Joshua Tree National Park,California,West,Corral Wall Trail,1.1,232,Moderate,34.08599,-116.14047
Joshua Tree National Park,California,West,Cottonwood Spring Nature Trail,1.5,180,Easy,33.74456,-115.81238
Joshua Tree National Park,California,West,Covington Loop Segment and Deer Horn Trail,4.2,616,Moderate,34.03196,-116.31427
Joshua Tree National Park,California,West,Covington Trail,19.5,1824,Moderate,34.09423,-116.37039
Joshua Tree National Park,California,West,Crest View Trail,2.9,173,Easy,34.00955,-116.30599
Joshua Tree National Park,California,West,Crown Prince Lookout Trail,3.9,367,Easy,33.99185,-116.06787
Joshua Tree National Park,California,West,Desert Queen Mine and Eagle Cliff Boulder House,3.4,580,Easy,34.02366,-116.07747
Joshua Tree National Park,California,West,Eagle Cliff Mine,2.3,580,Moderate,34.00957,-116.05583
Joshua Tree National Park,California,West,Eagle Cliffs Lucky Boy Vista loop,4.8,862,Moderate,34.0093,-116.05584
Joshua Tree National Park,California,West,Eureka Peak Trail,9.9,1758,Hard,34.07332,-116.39031
Joshua Tree National Park,California,West,Fortynine Palms Oasis Trail,2.8,620,Moderate,34.11922,-116.11198
Joshua Tree National Park,California,West,Garrett's Arch,4.5,239,Moderate,34.0251,-116.14182
Joshua Tree National Park,California,West,Golden Bee Mine Trail,4.2,807,Expert,33.92521,-115.92883
Joshua Tree National Park,California,West,Golden Bell and Eldorado Mine Trail,2.0,436,Moderate,33.93303,-115.9597
Joshua Tree National Park,California,West,Hall of Horrors,0.6,26,Easy,33.99859,-116.14504
Joshua Tree National Park,California,West,Hexahedron Mine Trail,8.9,1013,Moderate,33.92355,-116.05423
Joshua Tree National Park,California,West,Hidden Valley Campground to Barker Dam Nature Trail,4.4,160,Easy,34.01578,-116.16277
Joshua Tree National Park,California,West,Hidden Valley Nature Trail,1.0,114,Easy,34.01234,-116.16807
Joshua Tree National Park,California,West,High View Nature Trail,1.3,321,Moderate,34.07652,-116.39906
Joshua Tree National Park,California,West,Indian Cove Campground Trail,0.6,52,Easy,34.09477,-116.16852
Joshua Tree National Park,California,West,Joshua Tree Boy Scout Trail,7.8,173,Moderate,34.04114,-116.18583
Joshua Tree National Park,California,West,Joshua Tree Burro Loop Trail Hike,7.8,1125,Moderate,34.08972,-116.25897
Joshua Tree National Park,California,West,Joshua Tree National Park Geology OHV Tour Road,17.1,1584,Moderate,34.00616,-116.0849
Joshua Tree National Park,California,West,Joshua Tree National Park Scenic Drive,101.6,5695,Easy,34.13363,-116.31525
Joshua Tree National Park,California,West,Joshua Tree Peak Trail,3.0,1020,Hard,34.09467,-116.16849
Joshua Tree National Park,California,West,Joshua Tree Queen Mountain,6.2,1282,Moderate,34.0237,-116.07775
Joshua Tree National Park,California,West,Joshua Tree Short Loop Trail and Canyon View Trail Hike,6.2,954,Moderate,34.07442,-116.38985
Joshua Tree National Park,California,West,Joshua Tree West Side Trail,3.1,298,Moderate,34.08971,-116.25895
Joshua Tree National Park,California,West,Jumbo Rocks Campground Loop,0.8,39,Easy,33.99257,-116.06751
Joshua Tree National Park,California,West,Keys View Loop to Inspiration Point Trail,1.2,501,Easy,33.92689,-116.18735
Joshua Tree National Park,California,West,Keys View Nature Trail,0.2,19,Easy,33.92719,-116.18747
Joshua Tree National Park,California,West,Live Oak Tank and Ivanpah Tank,1.5,131,Moderate,34.00125,-116.04996
Joshua Tree National Park,California,West,Lost Horse Mine Loop Trail,6.9,912,Moderate,33.95082,-116.15985
Joshua Tree National Park,California,West,Lost Palms Oasis,7.2,1026,Moderate,33.73685,-115.81058
Joshua Tree National Park,California,West,Love Land Wash,2.7,498,Easy,34.00938,-116.05554
Joshua Tree National Park,California,West,Lucky Boy Vista Trail to Elton Mine,3.0,193,Easy,34.01797,-116.08247
Joshua Tree National Park,California,West,Mastodon Peak Loop Trail,2.4,367,Easy,33.73697,-115.8107
Joshua Tree National Park,California,West,Mastodon Peak and Eagle Mountain,12.3,2732,Moderate,33.73717,-115.81073
Joshua Tree National Park,California,West,Monument Mountain from Pinkham Canyon Trailhead,14.0,1948,Hard,33.74828,-115.82429
Joshua Tree National Park,California,West,Moorten's Mill Trail,1.2,154,Easy,33.73692,-115.81082
Joshua Tree National Park,California,West,Morbid Mound Trail,0.8,118,Moderate,34.09317,-116.15598
Joshua Tree National Park,California,West,Mount Bob Loop from Indian Cove Campground,4.6,1197,Hard,34.09708,-116.15675
Joshua Tree National Park,California,West,Negro Hill Trail,1.1,426,Moderate,34.02376,-116.07768
Joshua Tree National Park,California,West,Negropolis Trail,1.4,423,Easy,34.0656,-116.2294
Joshua Tree National Park,California,West,North Canyon Trail,3.7,488,Moderate,34.0812,-116.24199
Joshua Tree National Park,California,West,North View and Maze Trails,5.9,685,Moderate,34.08105,-116.24199
Joshua Tree National Park,California,West,Oasis of Mara Nature Trail,0.6,16,Easy,34.12848,-116.03731
Joshua Tree National Park,California,West,Old Dale Road,26.3,2148,Hard,34.12131,-115.79436
Joshua Tree National Park,California,West,Old Dale Road: Pinto Basin Road to Route 62,25.8,830,Moderate,33.82808,-115.75899
Joshua Tree National Park,California,West,Park Blvd Scenic Drive,23.8,2040,Easy,34.06802,-116.02395
Joshua Tree National Park,California,West,Pine City Trail,4.1,170,Moderate,34.02377,-116.07778
Joshua Tree National Park,California,West,Pinkham Canyon OHV Road,19.0,328,Moderate,33.74795,-115.82493
Joshua Tree National Park,California,West,Pinto Basin Fried Liver Wash,9.4,574,Moderate,33.91086,-115.86521
Joshua Tree National Park,California,West,Pinto Mountain Trail,10.5,2490,Hard,33.90172,-115.83481
Joshua Tree National Park,California,West,Pleasant Valley To El Dorado Mine and Pinto Basin,17.1,1614,Moderate,33.92358,-116.05416
Joshua Tree National Park,California,West,Porcupine Wash Ruby Lee Mill Site Trail,8.8,875,Moderate,33.84607,-115.77752
Joshua Tree National Park,California,West,Porcupine Wash Ruby Lee Mill Site Trail,7.6,784,Moderate,33.84594,-115.77769
Joshua Tree National Park,California,West,Porcupine Wash to Monument Mountain Trail,18.3,2670,Hard,33.84607,-115.77752
Joshua Tree National Park,California,West,Pushawalla Plateau and Canyon Trail,9.8,2391,Moderate,33.90111,-116.08596
Joshua Tree National Park,California,West,Quail Mountain Trail,15.2,2217,Hard,34.04105,-116.18524
Joshua Tree National Park,California,West,Quail Mountain from Covington Crest Trailhead,8.8,1906,Moderate,34.00958,-116.3057
Joshua Tree National Park,California,West,Quail Mountain via Juniper Flats,12.8,1679,Hard,33.97674,-116.16497
Joshua Tree National Park,California,West,Quail Wash to West Entrance Wash Trail,17.9,1614,Moderate,34.04029,-116.19784
Joshua Tree National Park,California,West,Rattle Snake Canyon to Oh-Bay-Yo-Yo Shelter Hike,6.0,1056,Moderate,34.09307,-116.15632
Joshua Tree National Park,California,West,Rattlesnake Canyon from Indian Cove Picnic Area,2.8,396,Easy,34.08599,-116.14036
Joshua Tree National Park,California,West,Reggie Dome,0.9,52,Easy,34.0409,-116.18523
Joshua Tree National Park,California,West,Rock Caves Loop,4.1,282,Moderate,34.01167,-116.16202
Joshua Tree National Park,California,West,Ryan Mountain Trail,3.0,1069,Moderate,34.00264,-116.13594
Joshua Tree National Park,California,West,Ryan Ranch Trail,1.5,134,Easy,33.9887,-116.15398
Joshua Tree National Park,California,West,Samuelsons Rocks Trail,3.1,206,Moderate,34.0616,-116.22756
Joshua Tree National Park,California,West,Sand Dunes via Mecca Dale Road,11.5,75,Easy,33.82806,-115.75912
Joshua Tree National Park,California,West,Scorpius Arch Loop,3.7,213,Easy,34.10363,-115.45105
Joshua Tree National Park,California,West,Silver Bell Mine Hike,1.3,308,Moderate,33.93303,-115.95977
Joshua Tree National Park,California,West,Skull Rock Discovery Trail,0.7,68,Easy,33.99795,-116.06016
Joshua Tree National Park,California,West,Skull Rock Nature Trail,1.7,160,Easy,33.99797,-116.05998
Joshua Tree National Park,California,West,Sneakeye Spring Trail,1.0,295,Moderate,34.09453,-116.16852
Joshua Tree National Park,California,West,Split Rock Loop Trail,1.9,252,Easy,34.00947,-116.05576
Joshua Tree National Park,California,West,Stubby Springs Loop,12.8,1128,Moderate,33.97667,-116.16523
Joshua Tree National Park,California,West,The Maze Loop,4.7,360,Moderate,34.08116,-116.24206
Joshua Tree National Park,California,West,Turkey Flats Sand Dunes,2.3,104,Moderate,33.90174,-115.83487
Joshua Tree National Park,California,West,Wall Street Mill Trail,2.4,88,Easy,34.02475,-116.14185
Joshua Tree National Park,California,West,West Side Loop Trail,4.4,784,Moderate,34.07305,-116.39161
Joshua Tree National Park,California,West,Willow Hole Trail,6.8,246,Moderate,34.04111,-116.18577
Joshua Tree National Park,California,West,Wonderland Of Rocks Traverse,5.5,147,Hard,34.04113,-116.18574
Joshua Tree National Park,California,West,Wonderland Wash,2.0,216,Moderate,34.02515,-116.14195
Katmai National Park,Alaska,Northwest,Brooks Falls,2.9,209,Easy,58.55986,-155.77752
Katmai National Park,Alaska,Northwest,Dumpling Mountain,3.0,741,Moderate,58.55626,-155.77832
Kenai Fjords National Park,Alaska,Northwest,Exit Glacier Trail,1.8,269,Easy,60.18879,-149.631
Kenai Fjords National Park,Alaska,Northwest,Harding Ice Field Trail,9.7,3812,Hard,60.18852,-149.63156
Kings Canyon National Park,California,West,Avalanche Pass Trail to Roaring River Via Kanawyers Trail,28.4,8382,Expert,36.7947,-118.58295
Kings Canyon National Park,California,West,Azalea Campground to Big Stump Grove,5.8,1437,Moderate,36.74348,-118.97142
Kings Canyon National Park,California,West,Bench Lake Trail,22.3,7227,Expert,37.00979,-118.32743
Kings Canyon National Park,California,West,Big SEKI Loop,145.2,35908,Expert,36.79608,-118.58322
Kings Canyon National Park,California,West,Big Stump Loop Trail,1.8,236,Easy,36.72091,-118.97058
Kings Canyon National Park,California,West,Bishop OHV Loop,137.6,21358,Moderate,37.3714,-118.39686
Kings Canyon National Park,California,West,Bishop Pass Trail,21.8,5649,Hard,37.16922,-118.56599
Kings Canyon National Park,California,West,Bubbs Creek Trail,24.6,4767,Hard,36.79437,-118.58393
Kings Canyon National Park,California,West,Bubbs Creek Trail,21.6,5872,Hard,36.77268,-118.34024
Kings Canyon National Park,California,West,Buena Vista Trail,2.0,413,Easy,36.71824,-118.89684
Kings Canyon National Park,California,West,Bullfrog Lake,13.1,3658,Hard,36.7725,-118.34112
Kings Canyon National Park,California,West,Copper Creek Trail,22.8,7700,Hard,36.79631,-118.58385
Kings Canyon National Park,California,West,Deer Cove To Cedar Grove,12.7,4698,Expert,36.80398,-118.71388
Kings Canyon National Park,California,West,Don Cecil Trail,9.3,3339,Hard,36.78882,-118.67036
Kings Canyon National Park,California,West,East Kennedy Lake Trail,22.1,8763,Hard,36.79343,-118.66864
Kings Canyon National Park,California,West,Florence Lake via Kings Canyon on the John Muir and Pacific Crest Trail,78.8,14940,Hard,36.79494,-118.58292
Kings Canyon National Park,California,West,General Grant Loop Trail,0.5,29,Easy,36.74697,-118.97319
Kings Canyon National Park,California,West,Granite Lake and Granite Pass Trail,19.1,7769,Hard,36.79423,-118.58248
Kings Canyon National Park,California,West,Grizzly Falls,0.1,19,Easy,36.80293,-118.74364
Kings Canyon National Park,California,West,"Hart Tree, Fallen Goliath, Redwood Creek Loop",7.1,1354,Moderate,36.70747,-118.92094
Kings Canyon National Park,California,West,Hotel Creek Trail to Cedar Grove Overlook,3.8,1614,Moderate,36.79343,-118.66871
Kings Canyon National Park,California,West,John Muir Trail in Kings Canyon,83.7,14776,Expert,37.61304,-119.07511
Kings Canyon National Park,California,West,Junction Meadow Via Kearsarge Pass and Bubbs Creek Trails,20.0,6286,Hard,36.77249,-118.34127
Kings Canyon National Park,California,West,King's Canyon to Mt Whitney,80.3,19383,Expert,36.79469,-118.58285
Kings Canyon National Park,California,West,Kings Canyon National Scenic Byway,74.4,9891,Moderate,36.71731,-118.9639
Kings Canyon National Park,California,West,Kings River,14.1,931,Easy,36.79039,-118.66787
Kings Canyon National Park,California,West,Lost Lake Trail,17.3,4169,Hard,36.74321,-118.77517
Kings Canyon National Park,California,West,Manzanita and Azalea Trail,4.3,902,Moderate,36.73996,-118.96256
Kings Canyon National Park,California,West,Mist Falls Trail,8.1,889,Moderate,36.79495,-118.58315
Kings Canyon National Park,California,West,Mount Gould Trail,9.0,3772,Hard,36.77248,-118.34138
Kings Canyon National Park,California,West,Mount Tyndall Trail,19.4,8772,Hard,36.72711,-118.27889
Kings Canyon National Park,California,West,Mount Williamson Trail,22.2,10206,Hard,36.72699,-118.279
Kings Canyon National Park,California,West,Mt. Whitney Loop,87.5,21473,Expert,36.79494,-118.58292
Kings Canyon National Park,California,West,North Grove Loop Trail,2.8,449,Easy,36.74707,-118.97456
Kings Canyon National Park,California,West,North Grove and Sunset Trail,3.4,666,Easy,36.74707,-118.97488
Kings Canyon National Park,California,West,North Lake Loop via Lamarck Col and Alpine Col,17.1,4967,Expert,37.22668,-118.62804
Kings Canyon National Park,California,West,Onion Valley Campground to Rae Lakes via Kearsarge Pass,23.8,7221,Hard,36.77292,-118.3399
Kings Canyon National Park,California,West,Onion Valley to Gardiner Lake,35.1,11341,Hard,36.7725,-118.34123
Kings Canyon National Park,California,West,"Onion Valley, Kearsarge Pass, Forrester Pass, Shepherds Pass Backpacking Trip",54.9,17490,Expert,36.77243,-118.34139
Kings Canyon National Park,California,West,Palisade Basin,17.0,4858,Expert,37.16926,-118.56601
Kings Canyon National Park,California,West,Panoramic Point,0.5,55,Easy,36.75378,-118.94655
Kings Canyon National Park,California,West,Paradise Valley Trail,17.1,2972,Moderate,36.79469,-118.58292
Kings Canyon National Park,California,West,Paradise Valley Trail to Woods Creek Crossing,27.8,4327,Moderate,36.79495,-118.58291
Kings Canyon National Park,California,West,Park Ridge Trail Panoramic Point to Park Ridge Fire Lookout,4.9,1049,Moderate,36.7538,-118.94648
Kings Canyon National Park,California,West,Rae Lake via Bubbs Creek,35.6,8540,Expert,36.79494,-118.58292
Kings Canyon National Park,California,West,Rae Lakes Trail,41.4,7844,Hard,36.79468,-118.58289
Kings Canyon National Park,California,West,Redwood Canyon Sugar Bowl Trail,10.9,2185,Moderate,36.70761,-118.92096
Kings Canyon National Park,California,West,Redwood Canyon to Redwood Creek,10.5,2060,Moderate,36.70907,-118.92144
Kings Canyon National Park,California,West,Redwood Creek Trail,4.1,839,Moderate,36.70906,-118.92146
Kings Canyon National Park,California,West,Road's End to the Bailey Bridge,4.4,209,Easy,36.79439,-118.58391
Kings Canyon National Park,California,West,Roads End to Onion Valley Trail,19.7,6925,Hard,36.7947,-118.5829
Kings Canyon National Park,California,West,Roaring River Falls Trail,0.3,26,Easy,36.78377,-118.62213
Kings Canyon National Park,California,West,Rowell Trailhead to Comanche Meadows,12.5,3166,Hard,36.72279,-118.7653
Kings Canyon National Park,California,West,Sequoia Lake Trail,6.0,1302,Easy,36.74012,-118.96288
Kings Canyon National Park,California,West,Seville Lake Trail,12.9,2276,Moderate,36.72313,-118.76552
Kings Canyon National Park,California,West,Sugar Bowl - Redwood Creek Loop,6.5,1522,Moderate,36.70906,-118.92146
Kings Canyon National Park,California,West,Vidette Meadow Trail,21.4,5869,Hard,36.77253,-118.34124
Kings Canyon National Park,California,West,Viola Falls Trail,2.7,534,Moderate,36.73995,-118.96254
Kings Canyon National Park,California,West,Zumwalt Meadow And Roaring River Falls,4.0,291,Easy,36.78362,-118.62215
Kings Canyon National Park,California,West,Zumwalt Meadow Loop Trail,1.5,134,Easy,36.79375,-118.59833
Kings Canyon National Park,California,West,Zumwalt Meadow Trail to Kanawyers Trail Loop,6.9,462,Easy,36.79374,-118.59844
Lassen Volcanic National Park,California,West,Bathtub Lake Trail,0.9,104,Easy,40.5652,-121.30133
Lassen Volcanic National Park,California,West,Boiling Springs Lake Loop Trail,2.3,249,Easy,40.44391,-121.40467
Lassen Volcanic National Park,California,West,Boiling Springs Lake via Kings Creek and Pacific Crest Trail,13.9,2437,Hard,40.49455,-121.42319
Lassen Volcanic National Park,California,West,Brokeoff Mountain Trail,7.6,2582,Hard,40.43107,-121.53624
Lassen Volcanic National Park,California,West,Bumpass Hell Trail  [CLOSED],2.7,439,Easy,40.46601,-121.51412
Lassen Volcanic National Park,California,West,Bumpass Hell from Kohm Yah-mah-nee visitor center,11.5,2706,Moderate,40.43769,-121.53295
Lassen Volcanic National Park,California,West,Butte Lake to Snag Lake loop,14.7,2034,Moderate,40.56501,-121.30178
Lassen Volcanic National Park,California,West,"Butte Lake, Cluster Lakes and Cinder Cone Loop",20.3,2746,Hard,40.56481,-121.30189
Lassen Volcanic National Park,California,West,"Butte Lake, Snag Lake, Twin Lake, Silver Lake Loop",26.6,3454,Hard,40.56631,-121.29701
Lassen Volcanic National Park,California,West,Butte Lake-Snag Lake-Cinder Cone Loop,12.4,2073,Hard,40.56518,-121.30164
Lassen Volcanic National Park,California,West,Chaos Crags Trail,4.0,990,Moderate,40.53591,-121.5594
Lassen Volcanic National Park,California,West,Cinder Cone Nature Trail,4.8,1043,Hard,40.56491,-121.30184
Lassen Volcanic National Park,California,West,Cluster Lakes Loop Trail,10.4,1482,Moderate,40.49452,-121.42323
Lassen Volcanic National Park,California,West,Cold Boiling Lake Trail,1.4,98,Moderate,40.45994,-121.47426
Lassen Volcanic National Park,California,West,Cold Boiling Lake Trail to Bumpass Hell Trail,5.4,1003,Moderate,40.45992,-121.47442
Lassen Volcanic National Park,California,West,Corral Meadow Loop Trail,9.8,1843,Moderate,40.48827,-121.42236
Lassen Volcanic National Park,California,West,Crumbaugh Lake via Cold Boiling Lake Trail,2.6,298,Moderate,40.45996,-121.4744
Lassen Volcanic National Park,California,West,Crystal Lake Trail,1.0,377,Moderate,40.45434,-121.29614
Lassen Volcanic National Park,California,West,Devastated Area Interpretive Trail,0.3,13,Easy,40.51565,-121.46505
Lassen Volcanic National Park,California,West,Devil's Kitchen Trail,4.6,616,Moderate,40.44312,-121.39747
Lassen Volcanic National Park,California,West,Diamond Peak Trail,1.3,741,Moderate,40.44493,-121.52686
Lassen Volcanic National Park,California,West,Drake Lake Trail,4.4,918,Moderate,40.44314,-121.39745
Lassen Volcanic National Park,California,West,Dream Lake Trail,1.4,118,Easy,40.44319,-121.39741
Lassen Volcanic National Park,California,West,Echo Lake Trail,4.7,810,Moderate,40.49808,-121.42736
Lassen Volcanic National Park,California,West,Forest Lake Trail,3.0,813,Moderate,40.43104,-121.5363
Lassen Volcanic National Park,California,West,Horseshoe Lake Trail,4.3,649,Easy,40.46688,-121.30954
Lassen Volcanic National Park,California,West,Inspiration Point Trail,1.3,416,Moderate,40.46657,-121.30786
Lassen Volcanic National Park,California,West,Jakey Lake Trail,5.9,1135,Easy,40.46698,-121.30947
Lassen Volcanic National Park,California,West,Juniper Lake to Butte Lake Loop,22.0,2988,Hard,40.46665,-121.30926
Lassen Volcanic National Park,California,West,King Creek Falls and Bench Lake Loop,4.3,744,Moderate,40.46061,-121.4594
Lassen Volcanic National Park,California,West,"King Creek Falls, Bench and Seaford Lakes",5.1,777,Moderate,40.46061,-121.4594
Lassen Volcanic National Park,California,West,King's Creek Falls to Devil's Kitchen,13.6,2388,Hard,40.4606,-121.45942
Lassen Volcanic National Park,California,West,Kings Creek Falls Trail,2.7,472,Moderate,40.46067,-121.4593
Lassen Volcanic National Park,California,West,"Kings Creek Falls, Bench Lake, and Sifford Lake Loop Trail",6.3,984,Moderate,40.46058,-121.45938
Lassen Volcanic National Park,California,West,Lassen Peak,5.1,1968,Hard,40.47458,-121.5057
Lassen Volcanic National Park,California,West,Lassen Volcanic National Park Scenic Drive,62.7,5889,Easy,40.31167,-121.22726
Lassen Volcanic National Park,California,West,Lily Pond Nature Trail,0.7,26,Easy,40.53652,-121.56198
Lassen Volcanic National Park,California,West,Lower Twin and Snag Lakes Loop Trail,14.5,1719,Moderate,40.56379,-121.3023
Lassen Volcanic National Park,California,West,Manzanita Creek Trail,6.7,1220,Moderate,40.52691,-121.56122
Lassen Volcanic National Park,California,West,Manzanita Lake Loop,1.9,45,Easy,40.53626,-121.56251
Lassen Volcanic National Park,California,West,Mill Creek Falls Trail,3.8,780,Moderate,40.43732,-121.53306
Lassen Volcanic National Park,California,West,Mount Harkness Loop Trail,5.7,1335,Moderate,40.45104,-121.29546
Lassen Volcanic National Park,California,West,Paradise Meadow Trail,2.7,616,Moderate,40.50963,-121.46519
Lassen Volcanic National Park,California,West,Prospect Peak Trail,6.9,2263,Hard,40.56515,-121.30146
Lassen Volcanic National Park,California,West,Rainbow Lake Trail,10.2,1358,Moderate,40.49451,-121.42319
Lassen Volcanic National Park,California,West,Raker Peak Loop,3.6,1138,Moderate,40.51578,-121.4651
Lassen Volcanic National Park,California,West,Reflection Lake Trail,0.6,9,Easy,40.538,-121.56756
Lassen Volcanic National Park,California,West,Ridge Lakes Trail,2.0,987,Moderate,40.44875,-121.5358
Lassen Volcanic National Park,California,West,Shadow Lake Trail,1.8,475,Easy,40.47637,-121.47912
Lassen Volcanic National Park,California,West,Sifford Lakes Trail,5.7,715,Easy,40.46056,-121.45942
Lassen Volcanic National Park,California,West,Sulphur Works,0.6,252,Easy,40.44862,-121.5357
Lassen Volcanic National Park,California,West,Summit Lake to Kings Creek Trail,5.1,639,Easy,40.49803,-121.42714
Lassen Volcanic National Park,California,West,"Summit Lake, Horshoe Lake, Snag Lake, Cinder Cone, Twin Lakes, and Echo Lake loop",26.4,3408,Hard,40.49811,-121.42703
Lassen Volcanic National Park,California,West,"Summit, Horshoe, Snag, Cinder Cone, Rainbow, Twin, and Echo Lakes Loop",25.9,3385,Moderate,40.49788,-121.42716
Lassen Volcanic National Park,California,West,Terminal Geyser & Boiling Springs Lake,5.7,1105,Moderate,40.44308,-121.39718
Lassen Volcanic National Park,California,West,"Terrace, Shadow, and Cliff Lakes",3.3,725,Easy,40.47636,-121.47908
Lassen Volcanic National Park,California,West,"Twin Lakes, Horseshoe Lake, and Summit Lake",15.9,1870,Moderate,40.49452,-121.42316
Lassen Volcanic National Park,California,West,Twin Meadows Trail,4.7,744,Moderate,40.46002,-121.47469
Lassen Volcanic National Park,California,West,Upper and Lower Twin Lake Trail,9.3,1299,Easy,40.49453,-121.42289
Mammoth Cave National Park,Kentucky,South,Big Hollow North and South Loops Trail,11.1,587,Moderate,37.2057,-86.13904
Mammoth Cave National Park,Kentucky,South,Blair Spring Trail,5.8,669,Moderate,37.24522,-86.19145
Mammoth Cave National Park,Kentucky,South,Buffalo Creek and Saw Hollow Loop,11.9,984,Moderate,37.20563,-86.13903
Mammoth Cave National Park,Kentucky,South,Buffalo Trail,5.5,206,Easy,37.20566,-86.13908
Mammoth Cave National Park,Kentucky,South,Cedar Sink Trail,1.8,232,Easy,37.15571,-86.16037
Mammoth Cave National Park,Kentucky,South,Collie Ridge Loop,10.0,938,Easy,37.24757,-86.19074
Mammoth Cave National Park,Kentucky,South,Dixon Cave Trail Loop,1.5,275,Easy,37.18657,-86.10066
Mammoth Cave National Park,Kentucky,South,Echo River Spring Trail,2.2,160,Easy,37.17972,-86.11153
Mammoth Cave National Park,Kentucky,South,Echo River Spring and Sinkhole Loop,3.1,403,Easy,37.18708,-86.10115
Mammoth Cave National Park,Kentucky,South,Echo River and River Styx Springs Trail,3.4,426,Easy,37.17961,-86.11159
Mammoth Cave National Park,Kentucky,South,First Creek Lake Trail,3.6,521,Moderate,37.21868,-86.22205
Mammoth Cave National Park,Kentucky,South,Good Spring West Trail [CLOSED],3.2,377,Moderate,37.20887,-86.14675
Mammoth Cave National Park,Kentucky,South,Green River Bluffs Trail,4.5,557,Moderate,37.18836,-86.101
Mammoth Cave National Park,Kentucky,South,Heritage Trail Loop,0.8,42,Easy,37.1857,-86.10101
Mammoth Cave National Park,Kentucky,South,Mammoth Cave National Park Scenic Drive,10.9,570,Easy,37.13587,-85.97919
Mammoth Cave National Park,Kentucky,South,Mammoth Cave Park Long Loop Trail,16.1,1889,Moderate,37.24578,-86.19162
Mammoth Cave National Park,Kentucky,South,Mammoth Cave Railroad Trail,16.0,862,Moderate,37.10426,-86.05828
Mammoth Cave National Park,Kentucky,South,"Maple Springs, Raymer Hollow Trail, and Mill Branch Trail Loop",13.3,1066,Moderate,37.20574,-86.13906
Mammoth Cave National Park,Kentucky,South,McCoy Hollow Trail,12.3,1427,Hard,37.21868,-86.22196
Mammoth Cave National Park,Kentucky,South,Raymer Hollow Trail,7.0,702,Moderate,37.25578,-86.15843
Mammoth Cave National Park,Kentucky,South,Sal Hollow and Buffalo Creek Loop Trail,5.4,331,Easy,37.2057,-86.13892
Mammoth Cave National Park,Kentucky,South,Sand Cave Trail,0.2,22,Easy,37.15271,-86.04777
Mammoth Cave National Park,Kentucky,South,Sinkhole Trail,2.4,357,Easy,37.18574,-86.1011
Mammoth Cave National Park,Kentucky,South,Sloan's Crossing Pond Trail,0.4,6,Easy,37.1511,-86.09842
Mammoth Cave National Park,Kentucky,South,Turnhole Bend Nature Trail,0.5,98,Easy,37.16245,-86.15842
Mammoth Cave National Park,Kentucky,South,Turnhole Bend via Buffalo Trail,6.0,387,Easy,37.20567,-86.13913
Mammoth Cave National Park,Kentucky,South,Wet Prong Trail,7.3,1118,Moderate,37.24427,-86.19118
Mammoth Cave National Park,Kentucky,South,White Oak Trail,5.1,515,Moderate,37.24397,-86.06576
Mesa Verde National Park,Colorado,Central,Badger House Community Trail,2.3,137,Easy,37.19574,-108.53807
Mesa Verde National Park,Colorado,Central,Balcony House Loop Trail,0.4,91,Easy,37.1624,-108.46512
Mesa Verde National Park,Colorado,Central,Cliff Palace Loop Trail,0.4,85,Easy,37.16609,-108.47224
Mesa Verde National Park,Colorado,Central,Far View Sites Complex,0.8,82,Easy,37.23786,-108.50393
Mesa Verde National Park,Colorado,Central,Farming Terraces Trail,0.4,75,Easy,37.19833,-108.48369
Mesa Verde National Park,Colorado,Central,Knife Edge Trail,2.0,154,Easy,37.30423,-108.4253
Mesa Verde National Park,Colorado,Central,Long House Trail,2.1,285,Moderate,37.19588,-108.53785
Mesa Verde National Park,Colorado,Central,Mesa Top Loop Road,4.6,337,Easy,37.18449,-108.48454
Mesa Verde National Park,Colorado,Central,Mesa Verde National Park Scenic Drive,15.0,2618,Easy,37.34014,-108.41197
Mesa Verde National Park,Colorado,Central,Mesa Verde Point Lookout Trail,2.1,531,Moderate,37.30649,-108.42017
Mesa Verde National Park,Colorado,Central,Park Point Overlook Trail,0.4,45,Easy,37.2797,-108.4621
Mesa Verde National Park,Colorado,Central,Petroglyph Point Trail,2.6,433,Moderate,37.18421,-108.48892
Mesa Verde National Park,Colorado,Central,Prater Ridge Trail,7.3,1023,Moderate,37.29679,-108.41841
Mesa Verde National Park,Colorado,Central,Soda Canyon Overlook Trail,1.2,59,Easy,37.16756,-108.46994
Mesa Verde National Park,Colorado,Central,Spruce Canyon Trail,3.1,675,Moderate,37.18653,-108.48823
Mesa Verde National Park,Colorado,Central,Spruce Tree House Trail [CLOSED],0.5,157,Easy,37.1843,-108.48833
Mesa Verde National Park,Colorado,Central,Step House Trail,0.8,154,Moderate,37.19601,-108.53723
Mount Rainier National Park,Washington,Northwest,Alta Vista Trail,1.8,616,Moderate,46.78386,-121.74238
Mount Rainier National Park,Washington,Northwest,Bench Lake,1.3,278,Easy,46.76775,-121.70792
Mount Rainier National Park,Washington,Northwest,Bench and Snow Lakes Trail,2.7,498,Moderate,46.76777,-121.70782
Mount Rainier National Park,Washington,Northwest,Berkeley Park Trail,7.0,1683,Moderate,46.91444,-121.64262
Mount Rainier National Park,Washington,Northwest,Box Canyon Trail,0.3,19,Easy,46.76576,-121.63502
Mount Rainier National Park,Washington,Northwest,Burroughs Mountain Loop Trail,9.4,2562,Moderate,46.9142,-121.64181
Mount Rainier National Park,Washington,Northwest,Burroughs Mountain Loop Via Glacier Basin,10.3,3261,Hard,46.90221,-121.6428
Mount Rainier National Park,Washington,Northwest,Burroughs Mountain Trail,8.9,2496,Moderate,46.91447,-121.64127
Mount Rainier National Park,Washington,Northwest,Camp Muir Route Via Skyline Trail,8.4,4606,Expert,46.78616,-121.73599
Mount Rainier National Park,Washington,Northwest,Carbon Glacier Trail,18.9,2112,Moderate,46.99482,-121.91792
Mount Rainier National Park,Washington,Northwest,"Carbon Glacier, Mowich Lake and Itsup Creek Loop Trail",27.7,5964,Hard,46.99496,-121.9155
Mount Rainier National Park,Washington,Northwest,Carbon River Rain Forest Nature Trail,0.3,65,Easy,46.99498,-121.91548
Mount Rainier National Park,Washington,Northwest,Carter Falls,2.7,554,Easy,46.76687,-121.7908
Mount Rainier National Park,Washington,Northwest,Castle Traverse,5.4,2427,Hard,46.76776,-121.70817
Mount Rainier National Park,Washington,Northwest,Chenuis Falls Trail,7.6,419,Moderate,46.99496,-121.91649
Mount Rainier National Park,Washington,Northwest,Comet and Christine Falls,4.3,2004,Moderate,46.77868,-121.7839
Mount Rainier National Park,Washington,Northwest,Cowlitz Divide Trail,10.4,3067,Hard,46.7371,-121.56679
Mount Rainier National Park,Washington,Northwest,Crystal Lake via Sourdough gap and Sheep Lake,7.8,1761,Moderate,46.8754,-121.5184
Mount Rainier National Park,Washington,Northwest,Crystal Lakes Trail to Sourdough Gap,7.4,2913,Moderate,46.92257,-121.5335
Mount Rainier National Park,Washington,Northwest,Crystal Peak Trail,6.9,2995,Moderate,46.92273,-121.53331
Mount Rainier National Park,Washington,Northwest,Dalles Falls Trail,2.6,1040,Moderate,47.04921,-121.5702
Mount Rainier National Park,Washington,Northwest,Dead Horse Creek Trail,2.2,725,Easy,46.78497,-121.7416
Mount Rainier National Park,Washington,Northwest,Deadhouse Creek Trail to Golden Gate Trail Loop,4.8,1617,Moderate,46.78643,-121.73585
Mount Rainier National Park,Washington,Northwest,Deer Creek Falls to Owyhigh Lakes Trail,9.3,2860,Hard,46.83372,-121.53505
Mount Rainier National Park,Washington,Northwest,Dege Peak Trail,3.1,820,Moderate,46.91734,-121.58929
Mount Rainier National Park,Washington,Northwest,Dege Peak Trail,4.1,780,Moderate,46.91445,-121.64236
Mount Rainier National Park,Washington,Northwest,Dege Peak and Frozen Lake via Sourdough Ridge Trail,8.5,1725,Moderate,46.91737,-121.58869
Mount Rainier National Park,Washington,Northwest,Dewey Lake Trail,6.0,1282,Moderate,46.87407,-121.51615
Mount Rainier National Park,Washington,Northwest,Eagle Peak Trail,7.2,3054,Hard,46.74759,-121.80875
Mount Rainier National Park,Washington,Northwest,Emerald Ridge Trail,14.4,3471,Hard,46.77909,-121.88458
Mount Rainier National Park,Washington,Northwest,Emmons Glacier Summit via Glacier Basin Trail,16.0,10209,Expert,46.90206,-121.64227
Mount Rainier National Park,Washington,Northwest,Emmons Moraine Trail,4.2,902,Moderate,46.90199,-121.64489
Mount Rainier National Park,Washington,Northwest,Faraway Rock via Reflection Lakes,1.3,351,Easy,46.76895,-121.72436
Mount Rainier National Park,Washington,Northwest,Fay Peak Trail,2.5,1276,Hard,46.93274,-121.86306
Mount Rainier National Park,Washington,Northwest,Florence Peak Trail,7.1,3697,Hard,46.99496,-121.9155
Mount Rainier National Park,Washington,Northwest,Forest Lake Via Huckleberry Creek and Sourdough Ridge Trails,5.3,1729,Moderate,46.91463,-121.64169
Mount Rainier National Park,Washington,Northwest,Fourth Crossing Trail,0.6,229,Moderate,46.7897,-121.72653
Mount Rainier National Park,Washington,Northwest,Frozen Lake,2.9,557,Moderate,46.91471,-121.64139
Mount Rainier National Park,Washington,Northwest,Glacier Basin Trail,7.8,2194,Moderate,46.90199,-121.64489
Mount Rainier National Park,Washington,Northwest,Glacier Basin to Burroughs Mountain to Wonderland Trail Loop,9.7,3159,Hard,46.90207,-121.6425
Mount Rainier National Park,Washington,Northwest,Glacier Vista Loop via Skyline Trail,2.6,918,Easy,46.78651,-121.73651
Mount Rainier National Park,Washington,Northwest,"Glacier Vista via Avalanche Lily, DeadHorse Creek and Skyline Trail",2.9,912,Moderate,46.7865,-121.73648
Mount Rainier National Park,Washington,Northwest,Goat Island Mountain Trail,8.7,3868,Expert,46.88791,-121.61007
Mount Rainier National Park,Washington,Northwest,Golden Gate Trail,3.8,1099,Moderate,46.7865,-121.7363
Mount Rainier National Park,Washington,Northwest,Golden Lakes Trail,15.4,5078,Expert,46.93296,-121.86289
Mount Rainier National Park,Washington,Northwest,Grand Park Trail past Lake Eleanor,8.1,1430,Moderate,46.99633,-121.6417
Mount Rainier National Park,Washington,Northwest,Green Lake Trail,9.7,1502,Moderate,46.9951,-121.91522
Mount Rainier National Park,Washington,Northwest,Grove of the Patriarchs Nature Trail,1.2,45,Easy,46.7573,-121.55769
Mount Rainier National Park,Washington,Northwest,Hidden Lake Spur Via Palisades Lake Trail,6.2,1627,Moderate,46.9177,-121.58769
Mount Rainier National Park,Washington,Northwest,High Lakes Loop Trail,3.2,557,Moderate,46.76848,-121.7313
Mount Rainier National Park,Washington,Northwest,Indian Bar Trail,14.4,4773,Hard,46.76539,-121.63566
Mount Rainier National Park,Washington,Northwest,Indian Henrys Hunting Ground Trail to Mirror Lakes,11.8,3969,Hard,46.7364,-121.85586
Mount Rainier National Park,Washington,Northwest,Ipsut Creek Campground via Carbon River Trail,9.7,639,Easy,46.99489,-121.91588
Mount Rainier National Park,Washington,Northwest,Kautz Creek Trail to Mirror Lakes,11.8,3969,Hard,46.73639,-121.85583
Mount Rainier National Park,Washington,Northwest,Kautz to Longmire via Indian Henry's Hunting Ground,12.1,3868,Hard,46.73598,-121.85581
Mount Rainier National Park,Washington,Northwest,Lake George Trail,8.7,1473,Easy,46.780030000000004,-121.88524
Mount Rainier National Park,Washington,Northwest,Lakeshore Trail and Wonderland Trail to Ipsut Pass,2.7,272,Moderate,46.93317,-121.86435
Mount Rainier National Park,Washington,Northwest,Longmire to Mowich Lake,34.8,11558,Hard,46.75012,-121.81246
Mount Rainier National Park,Washington,Northwest,Madcap Falls Trail,2.9,646,Easy,46.76646,-121.79048
Mount Rainier National Park,Washington,Northwest,Marcus Peak Trail,8.4,3074,Moderate,46.91761,-121.58777
Mount Rainier National Park,Washington,Northwest,Mazama Ridge Trail to Faraway Rock,5.2,1184,Moderate,46.78704,-121.73503
Mount Rainier National Park,Washington,Northwest,Mazama Ridge Trail via 4th Crossing Trail,3.6,1000,Moderate,46.7901,-121.72674
Mount Rainier National Park,Washington,Northwest,Mildred Point via Comet Falls,6.1,2657,Hard,46.77864,-121.78353
Mount Rainier National Park,Washington,Northwest,Mildred Point via Wonderland Trail,9.2,3248,Hard,46.75011,-121.81253
Mount Rainier National Park,Washington,Northwest,Moraine Trail,2.5,629,Moderate,46.78475,-121.74164
Mount Rainier National Park,Washington,Northwest,Mount Fremont Lookout Trail,5.6,1145,Moderate,46.91435,-121.6423
Mount Rainier National Park,Washington,Northwest,Mount Rainier Eastside Trail,7.2,603,Moderate,46.75817,-121.55743
Mount Rainier National Park,Washington,Northwest,Mount Rainier Northern Loop Trail,31.2,9314,Expert,46.91577,-121.64369
Mount Rainier National Park,Washington,Northwest,Mount Rainier Standard Summit Route,14.7,8986,Expert,46.78577,-121.73554
Mount Rainier National Park,Washington,Northwest,Mowich Lake to Mystic Lake Trail,22.8,8769,Hard,46.93344,-121.86518
Mount Rainier National Park,Washington,Northwest,Muir Snowfield Ski Tour,8.3,4635,Hard,46.78446,-121.74129
Mount Rainier National Park,Washington,Northwest,Myrtle Falls Viewpoint via Skyline Trail,0.9,150,Easy,46.7866,-121.73549
Mount Rainier National Park,Washington,Northwest,Mystic Lake via Carbon River and Wonderland Trails,25.2,4950,Hard,46.99498,-121.91548
Mount Rainier National Park,Washington,Northwest,Naches Peak Loop Trail,3.3,636,Easy,46.86978,-121.51945
Mount Rainier National Park,Washington,Northwest,Narada Falls,0.3,72,Easy,46.77516,-121.74664
Mount Rainier National Park,Washington,Northwest,Narada Falls Trail,2.4,862,Moderate,46.78554,-121.7334
Mount Rainier National Park,Washington,Northwest,Nisqually Vista Trail,0.9,164,Easy,46.78527,-121.74152
Mount Rainier National Park,Washington,Northwest,Norada Falls to Mazama Ridge Loop,7.4,2080,Moderate,46.78603,-121.73489000000001
Mount Rainier National Park,Washington,Northwest,Ohanapecosh Hot Springs Trail,1.0,52,Easy,46.73258,-121.56891
Mount Rainier National Park,Washington,Northwest,Old Mine Trail,2.8,252,Moderate,46.99497,-121.91549
Mount Rainier National Park,Washington,Northwest,Owyhigh Lakes Trail,7.5,1610,Moderate,46.89089,-121.59658
Mount Rainier National Park,Washington,Northwest,Palisades Lakes Trail,7.0,1633,Moderate,46.91765,-121.58781
Mount Rainier National Park,Washington,Northwest,Panorama Point from Paradise Inn,4.1,1263,Moderate,46.78662,-121.73409
Mount Rainier National Park,Washington,Northwest,Paradise Glacier Caves via Skyline Trail Spur,5.4,1269,Moderate,46.78642,-121.73576
Mount Rainier National Park,Washington,Northwest,Paradise Glacier Trail,3.5,1056,Moderate,46.78934,-121.72596
Mount Rainier National Park,Washington,Northwest,Paul Peak Trail,6.3,1368,Moderate,46.93472,-121.90727
Mount Rainier National Park,Washington,Northwest,Pinnacle Peak Saddle Trail,2.4,1056,Moderate,46.76825,-121.73115
Mount Rainier National Park,Washington,Northwest,Plummer Peak via Pinnacle Peak Trail,3.2,1443,Hard,46.76844,-121.73141
Mount Rainier National Park,Washington,Northwest,Rampart Ridge Loop Trail,4.8,1417,Moderate,46.74963,-121.81216
Mount Rainier National Park,Washington,Northwest,Reflection Lake to Narada Falls,3.6,931,Moderate,46.76851,-121.73146
Mount Rainier National Park,Washington,Northwest,Reflection Lake to Narada Falls via Wonderland Trail,3.0,751,Moderate,46.76854,-121.73162
Mount Rainier National Park,Washington,Northwest,Reflection Lakes via Mazada Ridge Loop,6.5,1706,Moderate,46.78574,-121.73531
Mount Rainier National Park,Washington,Northwest,Shadow Lakes Trail,2.6,269,Easy,46.91402,-121.64187
Mount Rainier National Park,Washington,Northwest,Shriner Peak Lookout Trail,7.5,3356,Hard,46.80192,-121.5551
Mount Rainier National Park,Washington,Northwest,Silver Falls Trail,4.0,705,Easy,46.73646,-121.56605
Mount Rainier National Park,Washington,Northwest,Silver Falls via Silver Falls Trail,0.5,134,Easy,46.75154,-121.55744
Mount Rainier National Park,Washington,Northwest,Silver Forest Trail,1.9,200,Easy,46.91431,-121.64181
Mount Rainier National Park,Washington,Northwest,Skyline Trail,5.3,1758,Moderate,46.78647,-121.73641
Mount Rainier National Park,Washington,Northwest,"Skyline, Glacier Vista, Upper Skyline and Golden Gate Loop",4.6,1633,Moderate,46.78619,-121.73611
Mount Rainier National Park,Washington,Northwest,"Skyline, Mazama Ridge, Wonderland and Lower Lakes Trail Loop",5.3,1220,Moderate,46.78629,-121.73403
Mount Rainier National Park,Washington,Northwest,Skyscraper Mountain via Wonderland Trail,7.9,1732,Hard,46.91434,-121.64278
Mount Rainier National Park,Washington,Northwest,Sourdough Gap (past Sheep Lake),6.7,1440,Moderate,46.8751,-121.51795
Mount Rainier National Park,Washington,Northwest,Sourdough Ridge Nature Trail,3.9,708,Easy,46.91467,-121.64085
Mount Rainier National Park,Washington,Northwest,Spray Park Trail to Mount Pleasant,6.9,2086,Moderate,46.93268,-121.8634
Mount Rainier National Park,Washington,Northwest,Stevens Creek Trail,1.2,429,Moderate,46.75997,-121.63921
Mount Rainier National Park,Washington,Northwest,Steven’s Canyon Waterfalls Trail,8.2,1768,Moderate,46.75992,-121.63936
Mount Rainier National Park,Washington,Northwest,Summerland Trail,8.2,2152,Moderate,46.88801,-121.61005
Mount Rainier National Park,Washington,Northwest,Sunrise Backcountry Camp Loop,2.7,275,Easy,46.91416,-121.64274
Mount Rainier National Park,Washington,Northwest,Sunrise Lake Trail,1.4,390,Easy,46.9176,-121.58773
Mount Rainier National Park,Washington,Northwest,Sunrise Nature Trail,1.5,370,Easy,46.91468,-121.64182
Mount Rainier National Park,Washington,Northwest,Sunrise Rim Trail,5.5,1115,Moderate,46.91491,-121.64159
Mount Rainier National Park,Washington,Northwest,Sunrise Rim Trail Loop and Mount Fremont Lookout,8.7,1952,Moderate,46.91444,-121.64202
Mount Rainier National Park,Washington,Northwest,Sunrise to Mystic Lake via Wonderland Trail,17.4,4780,Moderate,46.91574,-121.64378
Mount Rainier National Park,Washington,Northwest,Suntop Trail,1.0,452,Moderate,47.04128,-121.59603
Mount Rainier National Park,Washington,Northwest,Tahoma Creek Suspension Bridge,6.3,1450,Moderate,46.78001,-121.8853
Mount Rainier National Park,Washington,Northwest,Tahoma Creek Suspension Bridge to Emerald Ridge Loop,12.0,3231,Hard,46.77839,-121.88297
Mount Rainier National Park,Washington,Northwest,Tatoosh Ridge Trail,11.0,4081,Expert,46.71303,-121.71581
Mount Rainier National Park,Washington,Northwest,The Wonderland Trail,96.2,25341,Expert,46.76641,-121.79122
Mount Rainier National Park,Washington,Northwest,Tipsoo Lake Loop,0.8,39,Easy,46.86977,-121.51942
Mount Rainier National Park,Washington,Northwest,Tipsoo Lake to American Ridge,15.9,2680,Hard,46.87433,-121.51667
Mount Rainier National Park,Washington,Northwest,Tolmie Peak Trail,5.5,1522,Moderate,46.93736,-121.8677
Mount Rainier National Park,Washington,Northwest,Trail of the Shadows Trail,0.7,39,Easy,46.75004,-121.81321
Mount Rainier National Park,Washington,Northwest,Twin Firs Loop Trail,0.4,95,Easy,46.73364,-121.8382
Mount Rainier National Park,Washington,Northwest,Westside Road and South Puyallup Trail,12.3,2017,Hard,46.77861,-121.8837
Mount Rainier National Park,Washington,Northwest,Wonderland Trail Ipsut Creek Loop to Ipsut Pass and Mowich Lake,17.5,4671,Hard,46.93264,-121.86336
Mount Rainier National Park,Washington,Northwest,Wonderland Trail Loop,89.5,25436,Expert,46.93329,-121.86486
Mount Rainier National Park,Washington,Northwest,Wonderland Trail to Carter Falls and Narada Falls,5.6,1404,Hard,46.76831,-121.79061
Mount Rainier National Park,Washington,Northwest,Wonderland Trail to Panhandle Gap,11.1,3159,Hard,46.88802,-121.61005
Mount Rainier National Park,Washington,Northwest,Wonderland Trail to Shadow Lake,6.4,1994,Moderate,46.90211,-121.64231
Mount Rainier National Park,Washington,Northwest,Wonderland Trail: Mowich Lake Campground to Ipsut Creek Campground,9.8,2988,Hard,46.93329,-121.86485
North Cascades National Park,Washington,Northwest,Blue Lake Trail,5.3,958,Moderate,48.51941,-120.67423
North Cascades National Park,Washington,Northwest,Bridge Creek Trail,13.9,3648,Hard,48.43243,-120.87163
North Cascades National Park,Washington,Northwest,Cascade Pass Trail,6.5,1781,Hard,48.47497,-121.07505
North Cascades National Park,Washington,Northwest,Cascade Pass Trail to Cottonwood Camp,15.9,4668,Hard,48.4754,-121.07502
North Cascades National Park,Washington,Northwest,Cascade Pass and Sahale Arm Trail,10.9,3858,Hard,48.4754,-121.07501
North Cascades National Park,Washington,Northwest,Forbidden Peak Trail,6.9,5423,Hard,48.48056,-121.07977
North Cascades National Park,Washington,Northwest,Fourth of July Pass via Panther Creek Trail,9.3,2493,Moderate,48.68838,-121.09453
North Cascades National Park,Washington,Northwest,Gorge Creek Falls Trail,0.5,39,Easy,48.70006,-121.21053
North Cascades National Park,Washington,Northwest,Howard Lake via PCT,2.9,682,Easy,48.38008,-120.83826
North Cascades National Park,Washington,Northwest,Little Beaver Trail via Hannegan Pass,31.9,5990,Hard,48.91022,-121.592
North Cascades National Park,Washington,Northwest,Mount Challenger: Challenger Glacier Route,35.1,16358,Expert,48.91017,-121.59214
North Cascades National Park,Washington,Northwest,Mount Shuksan via the Fischer Chimneys Approach,15.7,6364,Expert,48.85009,-121.68649
North Cascades National Park,Washington,Northwest,Old Wagon Trail,9.2,1830,Moderate,48.38019,-120.83793
North Cascades National Park,Washington,Northwest,Ptarmigan Traverse,30.6,10905,Hard,48.4754,-121.07501
North Cascades National Park,Washington,Northwest,Ruby Mountain Summit via Fourth of July and Thunder Creek Trail,14.5,6397,Hard,48.6854,-121.09254
North Cascades National Park,Washington,Northwest,Sahale Arm Trail to Quien Sabe Glacier,12.4,5419,Hard,48.47543,-121.07498
North Cascades National Park,Washington,Northwest,Sourdough Mountain Trail,9.1,5104,Hard,48.71784,-121.14496
North Cascades National Park,Washington,Northwest,Stetattle Trail,6.6,1574,Moderate,48.71904,-121.14768
North Cascades National Park,Washington,Northwest,Stiletto Lake via Twisp Pass Trail,17.6,4091,Hard,48.5049,-120.7188
North Cascades National Park,Washington,Northwest,Trail of the Cedars Nature Walk,1.9,72,Easy,48.67253,-121.24657
Olympic National Park,Washington,Northwest,Aurora Ridge Trail,28.9,7946,Hard,48.0644,-123.99621
Olympic National Park,Washington,Northwest,Badger Valley Trail to Grand Pass Trail Loop,10.2,3333,Hard,47.91833,-123.38225
Olympic National Park,Washington,Northwest,Badger Valley to Grand Lake and Grand Pass Loop,8.6,2657,Moderate,47.91827,-123.38221
Olympic National Park,Washington,Northwest,Baldy Trail,13.9,6210,Expert,47.96515,-123.19349
Olympic National Park,Washington,Northwest,Baldy Trail (historical) Via Gray Wolf Trail,17.7,6246,Hard,47.96708,-123.12743
Olympic National Park,Washington,Northwest,Barnes Creek Trail,17.4,4327,Hard,48.05805,-123.78922
Olympic National Park,Washington,Northwest,Beach 1 Nature Trail,1.7,36,Easy,47.56765,-124.36139
Olympic National Park,Washington,Northwest,Beach Trail 2,3.5,55,Easy,47.56782,-124.36173
Olympic National Park,Washington,Northwest,Black and White Lakes Primitive Trail,14.9,4396,Hard,47.51523,-123.32909
Olympic National Park,Washington,Northwest,Blue Mountain Trail,0.4,131,Easy,47.95642,-123.25986
Olympic National Park,Washington,Northwest,Bon Jon Pass OHV Route,32.3,3904,Moderate,47.85856,-122.88835
Olympic National Park,Washington,Northwest,Boulder Lake Trail,11.9,3700,Hard,47.98665,-123.65158
Olympic National Park,Washington,Northwest,Bovies Meadow Trail,0.4,6,Easy,48.05695,-123.79984
Olympic National Park,Washington,Northwest,Cameron Creek via Three Forks Trail,32.9,10610,Hard,47.94896,-123.25807
Olympic National Park,Washington,Northwest,Cameron Pass Trail,27.9,8106,Hard,47.94896,-123.25814
Olympic National Park,Washington,Northwest,Canyon Creek and Mink Lake Loop Trail,14.1,3549,Hard,47.95475,-123.83461
Olympic National Park,Washington,Northwest,Cascading Terraces Nature Trail,0.7,39,Easy,47.57285,-123.57995
Olympic National Park,Washington,Northwest,Cedar Lake Primitive Trail via Grey Wolf River,25.6,8228,Expert,47.94895,-123.25802
Olympic National Park,Washington,Northwest,Church Creek - Satsop Lakes Trail,4.6,2375,Moderate,47.4491,-123.48942
Olympic National Park,Washington,Northwest,Cirque Rim Nature Trail,1.6,377,Easy,47.96962,-123.50002
Olympic National Park,Washington,Northwest,Deadfall Trail,4.6,2030,Moderate,47.89263,-122.98753
Olympic National Park,Washington,Northwest,Deer Lake Trail,6.3,1935,Moderate,47.95356,-123.83299
Olympic National Park,Washington,Northwest,Deer Lake and Little Divide Trail,13.5,3635,Hard,47.95481,-123.83475
Olympic National Park,Washington,Northwest,Deer Park Road,11.8,4455,Moderate,48.04284,-123.33987
Olympic National Park,Washington,Northwest,Deer Ridge Trail,9.2,2952,Hard,47.9652,-123.19346
Olympic National Park,Washington,Northwest,Devil's Punchbowl via Spruce Railroad Trail,2.4,144,Easy,48.09319,-123.80257
Olympic National Park,Washington,Northwest,Dodger Point via Long Ridge Trail,33.6,11010,Hard,47.96785,-123.58244
Olympic National Park,Washington,Northwest,Dosewallips River Road Trail,12.6,1837,Moderate,47.74158,-123.04937
Olympic National Park,Washington,Northwest,Dosweallips Road to Constance Pass Trail,33.0,9773,Hard,47.7416,-123.04939
Olympic National Park,Washington,Northwest,Dry Creek Trail,6.8,1085,Moderate,47.50168,-123.32083
Olympic National Park,Washington,Northwest,Elk Lake Trail,3.5,485,Easy,47.57923,-123.12017
Olympic National Park,Washington,Northwest,Elk Mountain Trail Loop,4.3,1371,Moderate,47.91849,-123.38205
Olympic National Park,Washington,Northwest,Elk Mountain from Deer Pass Campground,10.9,2660,Moderate,47.94983,-123.26489
Olympic National Park,Washington,Northwest,Elwha River Trail,25.7,6115,Moderate,47.96785,-123.58248
Olympic National Park,Washington,Northwest,Elwha River and Lillian River Trails,12.5,2503,Moderate,47.96784,-123.58248
Olympic National Park,Washington,Northwest,Enchanted Valley Chalet via East Fork Quinault River Trail,30.6,4642,Hard,47.57271,-123.57014
Olympic National Park,Washington,Northwest,Enchanted Valley LaCrosse Basin O'Neill Pass Loop,50.7,11036,Expert,47.57272,-123.57051
Olympic National Park,Washington,Northwest,Enchanted Valley with O'Neil Pass Loop and Anderson Glacier Trek,46.6,10193,Hard,47.57273,-123.56998
Olympic National Park,Washington,Northwest,Ericsons Bay Primitive Trail,11.1,839,Moderate,48.15345,-124.67018
Olympic National Park,Washington,Northwest,"Everett Peak, and Mount Appleton Loop Trail",17.0,7112,Hard,47.98651,-123.65142
Olympic National Park,Washington,Northwest,Fallsview Canyon Trail,1.3,285,Easy,47.78962,-122.92835
Olympic National Park,Washington,Northwest,Flapjack Lakes Trail,13.9,3658,Hard,47.51545,-123.32934
Olympic National Park,Washington,Northwest,Four Stream Trail,7.1,1069,Easy,47.51532,-123.32901
Olympic National Park,Washington,Northwest,Gladys Divide Primitive Trail,16.4,4675,Hard,47.51612,-123.32797
Olympic National Park,Washington,Northwest,Grand Lake via Badger Valley Trail,8.3,2831,Hard,47.9184,-123.38219
Olympic National Park,Washington,Northwest,Grand Pass Trail,14.0,5869,Expert,47.91836,-123.3822
Olympic National Park,Washington,Northwest,Graves Creek Trail,17.5,6942,Hard,47.57276,-123.57004
Olympic National Park,Washington,Northwest,Gray Wolf Pass,32.6,10278,Expert,47.949,-123.25792
Olympic National Park,Washington,Northwest,Green Mountain from Deer Park Campground,3.0,816,Easy,47.94984,-123.26487
Olympic National Park,Washington,Northwest,Grey Wolf Deer Loop,44.6,14747,Hard,47.94902,-123.25838
Olympic National Park,Washington,Northwest,Griff Creek Trail,4.7,2782,Hard,48.01696,-123.58866
Olympic National Park,Washington,Northwest,Happy Lake Ridge Trail,19.2,7716,Hard,47.98354,-123.6256
Olympic National Park,Washington,Northwest,Hayden Pass Trail,23.7,6561,Moderate,47.72971,-123.14178
Olympic National Park,Washington,Northwest,Heart O' the Forest Trail,4.4,846,Moderate,48.03515,-123.42584
Olympic National Park,Washington,Northwest,Heather Park via Lake Angeles Trail,15.1,6663,Hard,48.03896,-123.4314
Olympic National Park,Washington,Northwest,High Divide - Seven Lakes Basin Loop,19.0,5308,Hard,47.95481,-123.83471
Olympic National Park,Washington,Northwest,High Divide Trail and Cat Basin Primitive Trail to Swimming Bear Lakeway Trail,21.9,6174,Hard,47.95473,-123.8346
Olympic National Park,Washington,Northwest,High Divide and Seven Lakes Basin,21.6,6811,Hard,47.95477,-123.83458
Olympic National Park,Washington,Northwest,Hoh Rain Forest Hall of Moss,1.0,78,Easy,47.86023,-123.9345
Olympic National Park,Washington,Northwest,Hoh River Trail,32.8,5114,Moderate,47.86009,-123.93447
Olympic National Park,Washington,Northwest,Hoh River Trail to Blue Glacier Trail,34.0,6026,Hard,47.86042,-123.93462
Olympic National Park,Washington,Northwest,Hoh River Trail to Hoh Lake Trail,28.6,4514,Expert,47.86025,-123.93487
Olympic National Park,Washington,Northwest,Hoh River Trail to Mineral Creek Falls,5.5,213,Easy,47.8601,-123.93447
Olympic National Park,Washington,Northwest,Hoh River and Jackson Creek Trail,3.5,531,Moderate,47.85971,-123.93613
Olympic National Park,Washington,Northwest,Hole-in-the-Wall Trail,3.8,383,Moderate,47.92074,-124.63833
Olympic National Park,Washington,Northwest,Humes Ranch Loop Trail,5.9,1030,Moderate,47.96786,-123.58245
Olympic National Park,Washington,Northwest,Hurricane Hill,10.9,5328,Hard,48.01335,-123.58713
Olympic National Park,Washington,Northwest,Hurricane Hill Nature Trail to Little River Trail,15.4,4970,Hard,47.9765,-123.51781
Olympic National Park,Washington,Northwest,Hurricane Hill via Hurricane Ridge,3.1,797,Moderate,47.97651,-123.5178
Olympic National Park,Washington,Northwest,Hurricane Ridge to Heart of the Hills via Heather Park Trail,9.4,1837,Hard,47.9704,-123.49405
Olympic National Park,Washington,Northwest,Ikeny Lake Trail to Big Creek Trail,12.7,3221,Hard,47.56773,-123.65521
Olympic National Park,Washington,Northwest,Irely Lake Trail,2.2,101,Easy,47.56755,-123.65481
Olympic National Park,Washington,Northwest,Irely Lake Trail,2.1,91,Moderate,47.56776,-123.65525
Olympic National Park,Washington,Northwest,Kalaloch Nature Trail,2.0,45,Easy,47.61273,-124.37558
Olympic National Park,Washington,Northwest,Kalaloch to Browns Point Trail,5.6,255,Easy,47.60532,-124.37168
Olympic National Park,Washington,Northwest,Klahhane Ridge Trail to Lake Angeles,12.6,4514,Hard,47.97003,-123.49505
Olympic National Park,Washington,Northwest,Lake Angeles Trail,6.4,2437,Hard,48.03893,-123.43147
Olympic National Park,Washington,Northwest,Lake Constance Trail,14.5,4898,Hard,47.74152,-123.04939
Olympic National Park,Washington,Northwest,Lake Sundown Trail,9.8,3910,Hard,47.513,-123.54366
Olympic National Park,Washington,Northwest,Lena Lake Trail to Upper Lena Lake Trail,12.0,4570,Hard,47.59963,-123.15135
Olympic National Park,Washington,Northwest,Lillian Ridge Way Trail,7.8,2919,Hard,47.91832,-123.38225
Olympic National Park,Washington,Northwest,Little Divide Loop,14.1,3556,Expert,47.95476,-123.83469
Olympic National Park,Washington,Northwest,Lost Pass Primitive Trail,43.9,11706,Hard,47.91849,-123.38209
Olympic National Park,Washington,Northwest,Lovers Lane Trail,6.1,590,Moderate,47.96981,-123.86434
Olympic National Park,Washington,Northwest,Lower Dungeness Trail,11.4,2516,Moderate,47.87802,-123.13699
Olympic National Park,Washington,Northwest,Lower South Fork Skokomish Trail,10.1,1125,Moderate,47.41887,-123.32941
Olympic National Park,Washington,Northwest,Lunch Lake Trail,14.7,4347,Hard,47.95486,-123.83479
Olympic National Park,Washington,Northwest,Madison Falls Trail,0.3,42,Easy,48.04083,-123.58995
Olympic National Park,Washington,Northwest,Maiden Peak from Deer Park Campground,7.0,1692,Moderate,47.94984,-123.26487
Olympic National Park,Washington,Northwest,Main Fork Dosewallips River Trail,40.8,8868,Expert,47.74157,-123.04937
Olympic National Park,Washington,Northwest,Maple Glade Nature Trail,0.5,19,Easy,47.50517,-123.82119
Olympic National Park,Washington,Northwest,Marymere Falls Trail,1.7,298,Easy,48.05808,-123.78914
Olympic National Park,Washington,Northwest,Marymere Falls Trail from Lake Crescent Lodge,2.0,305,Easy,48.05731,-123.79917
Olympic National Park,Washington,Northwest,Mildred Lakes Trail,6.2,2965,Expert,47.57541,-123.26115
Olympic National Park,Washington,Northwest,Mink Lake,5.0,1696,Moderate,47.97033,-123.86501
Olympic National Park,Washington,Northwest,Mink Lake Trail to Blackwood Lake,9.4,4087,Hard,47.96965,-123.86517
Olympic National Park,Washington,Northwest,Mink Lake Trail to Bogachiel River and Slide Peak Route #2,12.5,5042,Hard,47.96949,-123.86507
Olympic National Park,Washington,Northwest,Moments in Time Trail,0.7,9,Easy,48.05946,-123.79745
Olympic National Park,Washington,Northwest,Mount Carrie: High Divide Trail Route,29.1,9832,Hard,47.95486,-123.83475
Olympic National Park,Washington,Northwest,Mount Muller Trail,13.0,3392,Hard,48.07577,-124.01309
Olympic National Park,Washington,Northwest,Mount Storm King,3.9,2096,Hard,48.05809,-123.78918
Olympic National Park,Washington,Northwest,Mount Washington,4.1,3211,Hard,47.51888,-123.23697
Olympic National Park,Washington,Northwest,North Fork Quinault Trail,29.8,5554,Moderate,47.57591,-123.64796
Olympic National Park,Washington,Northwest,North Fork Skokomish River Trail,23.5,5167,Hard,47.51611,-123.32797
Olympic National Park,Washington,Northwest,North Fork of the Sol Duc Trail,19.1,5088,Moderate,48.01079,-123.91106
Olympic National Park,Washington,Northwest,O'Neil Pass via North Fork of Skokomish Trail,36.4,9809,Expert,47.51591,-123.32789
Olympic National Park,Washington,Northwest,O'Neill Pass To Lake La Crosse Loop,46.5,11410,Hard,47.74157,-123.04936
Olympic National Park,Washington,Northwest,Obstruction Point - Deer Park Trail,13.9,3244,Hard,47.94979,-123.26497
Olympic National Park,Washington,Northwest,Obstruction Point Road,14.8,2874,Moderate,47.96953,-123.49397
Olympic National Park,Washington,Northwest,Oil City Trail,1.8,68,Easy,47.74944,-124.41896
Olympic National Park,Washington,Northwest,Olympic Coast North,20.3,3120,Hard,47.91951,-124.63782
Olympic National Park,Washington,Northwest,Olympic Coast South Trail,15.9,2276,Hard,47.74926,-124.41879
Olympic National Park,Washington,Northwest,Olympic Hot Springs Trail,21.2,3166,Moderate,48.04076,-123.59018
Olympic National Park,Washington,Northwest,"Olympic Hot Springs, Appleton Pass, and Sol Duc Loop Trail",24.3,7877,Hard,47.98648,-123.65145
Olympic National Park,Washington,Northwest,Olympic National Park Foothills Trail,6.0,1650,Hard,48.06456,-123.42747
Olympic National Park,Washington,Northwest,Olympic National Park Little River Trail,13.8,3608,Hard,48.05713,-123.50131
Olympic National Park,Washington,Northwest,Olympic National Park Switchback Trail,2.7,1450,Hard,47.9867,-123.46113
Olympic National Park,Washington,Northwest,Olympic National Park Traverse: Hoh to Quinault,94.0,27460,Expert,47.86057,-123.93522
Olympic National Park,Washington,Northwest,Olympic Peninsula Loop Drive,329.2,16722,Easy,47.02164,-122.90689
Olympic National Park,Washington,Northwest,Olympic Traverse: North Fork to Hoh,98.9,24619,Expert,47.57599,-123.64794
Olympic National Park,Washington,Northwest,Ozette Triangle Trail,8.6,511,Moderate,48.15352,-124.66998
Olympic National Park,Washington,Northwest,PJ Lake Trail,1.5,715,Expert,47.94586,-123.42561
Olympic National Park,Washington,Northwest,Peabody Creek Trail,4.7,997,Moderate,48.09987,-123.43007
Olympic National Park,Washington,Northwest,Pioneer Path Nature Trail,0.2,32,Easy,48.06473,-124.11549
Olympic National Park,Washington,Northwest,Point of the Arches Trail,22.4,2841,Hard,48.15452,-124.66891
Olympic National Park,Washington,Northwest,Press Expedition Traverse,48.9,7749,Hard,47.97207,-123.50822
Olympic National Park,Washington,Northwest,Putvin Trail to Lake of the Angels,6.1,3474,Expert,47.58343,-123.23405
Olympic National Park,Washington,Northwest,Pyramid Mountain Trail,6.3,2519,Hard,48.06578,-123.85967
Olympic National Park,Washington,Northwest,Queets River Road,27.0,938,Easy,47.534440000000004,-124.22318
Olympic National Park,Washington,Northwest,Queets River Trail,30.3,1151,Moderate,47.62403,-124.01517
Olympic National Park,Washington,Northwest,Quinault Rain Forest Nature Trail,0.9,111,Easy,47.45979,-123.86216
Olympic National Park,Washington,Northwest,Quinault River Pony Bridge Trail,4.8,1164,Moderate,47.5727,-123.57055
Olympic National Park,Washington,Northwest,Ranger Hole Trail,1.6,196,Easy,47.68163,-122.99405
Olympic National Park,Washington,Northwest,Remanns Cabin to Dodger Point Lookout,13.4,4422,Expert,47.85604,-123.47025
Olympic National Park,Washington,Northwest,Rialto Beach Trail,13.4,2611,Moderate,47.92031,-124.63715
Olympic National Park,Washington,Northwest,Royal Basin - Royal Lake,15.3,3215,Hard,47.87861,-123.13693
Olympic National Park,Washington,Northwest,Royal Basin Trail,16.0,3766,Moderate,47.87754,-123.13717
Olympic National Park,Washington,Northwest,Ruby Beach,1.4,68,Easy,47.7097,-124.41341
Olympic National Park,Washington,Northwest,Rugged Ridge Trail,5.3,2880,Hard,47.93765,-124.16679
Olympic National Park,Washington,Northwest,Rugged Ridge to Indian Pass Trail,11.6,5344,Hard,47.9381,-124.16636
Olympic National Park,Washington,Northwest,Sam's River Trail,2.8,62,Easy,47.6162,-124.0318
Olympic National Park,Washington,Northwest,Sand Point Trail,5.9,341,Easy,48.15477,-124.66884
Olympic National Park,Washington,Northwest,Shi Shi to Ozette River Beach Trail,17.6,2493,Moderate,48.27525,-124.67867
Olympic National Park,Washington,Northwest,Silver Lake Way Trail,6.0,1709,Moderate,47.87458,-123.08228
Olympic National Park,Washington,Northwest,Six Ridge Trail,32.3,12942,Expert,47.57276,-123.57049
Olympic National Park,Washington,Northwest,Skyline Ridge Trail,54.5,16069,Hard,47.56774,-123.65529
Olympic National Park,Washington,Northwest,Slab Camp Trail,5.5,1364,Moderate,47.9652,-123.19345
Olympic National Park,Washington,Northwest,Sol Duc Falls Nature Trail,1.6,255,Easy,47.95482,-123.83476
Olympic National Park,Washington,Northwest,Sol Duc Falls Nature Trail to Appleton Pass Trail,9.5,1938,Hard,47.95511,-123.83522
Olympic National Park,Washington,Northwest,Spruce Nature Trail,1.4,16,Easy,47.86001,-123.93459
Olympic National Park,Washington,Northwest,Spruce Nature Trail and Hall of Mosses Loop,2.1,82,Easy,47.8602,-123.93449
Olympic National Park,Washington,Northwest,Spruce Railroad Trail: Lake Crescent,11.2,433,Easy,48.09334,-123.80247
Olympic National Park,Washington,Northwest,Staircase Rapids Loop,2.1,213,Easy,47.51546,-123.33012
Olympic National Park,Washington,Northwest,Sunnybrook Meadows Trail,16.4,6899,Expert,47.72974,-123.14179
Olympic National Park,Washington,Northwest,Sunrise Ridge Trail to Mount Angeles,5.0,1742,Hard,47.97024,-123.49452
Olympic National Park,Washington,Northwest,Third Beach to Hoh River,15.3,2004,Moderate,47.89044,-124.59899
Olympic National Park,Washington,Northwest,Three Forks Trail,8.1,3241,Hard,47.94863,-123.25866
Olympic National Park,Washington,Northwest,Upper Big Creek Loop Trail,4.5,1112,Moderate,47.49255,-123.21023
Olympic National Park,Washington,Northwest,Upper Dungeness Trail to Constance Pass trail Junction,19.4,4547,Hard,47.87802,-123.13701
Olympic National Park,Washington,Northwest,Upper Dungeness Trail to Handy Camp,6.5,751,Moderate,47.87764,-123.13704
Olympic National Park,Washington,Northwest,Upper Dungeness Trail to Heather Creek Trail,13.9,2372,Hard,47.87773,-123.137
Olympic National Park,Washington,Northwest,Upper Maynard Burn Way Trail,9.6,4084,Hard,47.87803,-123.137
Olympic National Park,Washington,Northwest,Upper South Fork Skokomish Trail,6.5,1026,Hard,47.4794,-123.45202
Olympic National Park,Washington,Northwest,Wagonwheel Lake Trail,4.9,3336,Expert,47.51591,-123.32791
Olympic National Park,Washington,Northwest,Wedding Rocks Trail,8.3,748,Moderate,48.15246,-124.66813
Olympic National Park,Washington,Northwest,West Elwha River Trail,6.1,1236,Moderate,48.01229,-123.5931
Olympic National Park,Washington,Northwest,West Fork Dosewallips River Trail,32.0,6620,Hard,47.7416,-123.04939
Olympic National Park,Washington,Northwest,Wolf Creek Trail,14.7,4337,Hard,47.9682,-123.58261
Olympic National Park,Washington,Northwest,Wynoochee Lake Shore Trail,14.9,1574,Moderate,47.39007,-123.60344
Olympic National Park,Washington,Northwest,Wynoochee Pass Trail,7.6,2749,Moderate,47.51158,-123.54607
Petrified Forest National Park,Arizona,Southwest,Blue Hills Loop,2.4,223,Moderate,34.94323,-109.77762
Petrified Forest National Park,Arizona,Southwest,Blue Mesa Trail,0.9,108,Easy,34.93947,-109.75639
Petrified Forest National Park,Arizona,Southwest,Crystal Forest Trail,0.9,36,Easy,34.86326,-109.79239
Petrified Forest National Park,Arizona,Southwest,Devil's Playground Loop,7.5,475,Moderate,35.0168,-109.88437
Petrified Forest National Park,Arizona,Southwest,First Forest Point,4.4,288,Moderate,34.88782,-109.80781
Petrified Forest National Park,Arizona,Southwest,Giant Logs Trail,0.6,36,Easy,34.81544,-109.86552
Petrified Forest National Park,Arizona,Southwest,Long Logs and Agate House Loop Trail,2.1,82,Easy,34.81468,-109.86184
Petrified Forest National Park,Arizona,Southwest,Martha's Butte,2.7,75,Moderate,34.84845,-109.8015
Petrified Forest National Park,Arizona,Southwest,Martha's Butte Off-Trail Route,1.9,59,Easy,34.83962,-109.80823
Petrified Forest National Park,Arizona,Southwest,Old Jasper Forest Road,2.6,177,Easy,34.88855,-109.80716
Petrified Forest National Park,Arizona,Southwest,Onyx Bridge Trail,4.6,442,Moderate,35.0837,-109.78904
Petrified Forest National Park,Arizona,Southwest,Painted Desert Rim Trail,1.1,39,Easy,35.080330000000004,-109.78349
Petrified Forest National Park,Arizona,Southwest,Painted Desert Rim Trail to Kachina Point,1.1,42,Easy,35.08032,-109.78355
Petrified Forest National Park,Arizona,Southwest,Petrified Forest Scenic Drive,28.6,977,Moderate,35.06032,-109.78196
Petrified Forest National Park,Arizona,Southwest,Puerco Pueblo Trail,0.3,9,Easy,34.97612,-109.79399
Pinnacles National Park,California,West,Balconies Cave Trail,2.6,400,Moderate,36.49191,-121.20958
Pinnacles National Park,California,West,Balconies Trail,8.2,1945,Moderate,36.4917,-121.20948
Pinnacles National Park,California,West,Balconies Trail to Machete Ridge,1.4,108,Easy,36.49185,-121.20952
Pinnacles National Park,California,West,Bear Gulch Day Use Area to Reservoir via Rim Trail,1.8,442,Moderate,36.48131,-121.18169
Pinnacles National Park,California,West,Bench Trail,4.8,137,Moderate,36.48772,-121.15168
Pinnacles National Park,California,West,Chalone Peak Trail,7.7,2155,Moderate,36.47819,-121.1839
Pinnacles National Park,California,West,Condor Gulch Overlook Loop via Peaks View Area,5.7,1364,Moderate,36.48288,-121.16193
Pinnacles National Park,California,West,Condor Gulch Trail To Overlook,1.8,564,Moderate,36.48131,-121.18144
Pinnacles National Park,California,West,Condor Gulch Trail to High Peaks Trail Loop,5.4,1591,Hard,36.48145,-121.18174
Pinnacles National Park,California,West,High Peaks & Balconies Cave Loop Trail,7.9,1804,Moderate,36.49216,-121.20995
Pinnacles National Park,California,West,High Peaks Trail,6.3,1771,Expert,36.48421,-121.16649
Pinnacles National Park,California,West,High Peaks Trail to Old Pinnacles Trail to Condor Gulch Trail Loop,12.1,3241,Hard,36.4785,-121.18361
Pinnacles National Park,California,West,High Peaks and Bear Gulch Loop Trail,7.7,1942,Hard,36.48104,-121.18142
Pinnacles National Park,California,West,Juniper Canyon Trail to High Peaks,3.6,1259,Hard,36.49166,-121.20927
Pinnacles National Park,California,West,Juniper Canyon Trail to High Peaks Trail Loop,7.1,2381,Hard,36.49163,-121.20941
Pinnacles National Park,California,West,Moses Spring Trail to Bear Gulch Reservoir,1.1,318,Moderate,36.47823,-121.18393
Pinnacles National Park,California,West,North Wilderness Trail to Twin Knolls,3.1,629,Moderate,36.49211,-121.20992
Pinnacles National Park,California,West,Old Pinnacles Trail Loop,9.5,1732,Moderate,36.49183,-121.2096
Pinnacles National Park,California,West,Old Pinnacles Trail to Balconies,5.1,495,Moderate,36.49497,-121.17305
Pinnacles National Park,California,West,"Old Pinnacles, Balconies Cliffs, Juniper Canyon, High Peaks and Bench Trail Loop",8.6,1788,Hard,36.49488,-121.17303
Pinnacles National Park,California,West,Peaks View Day Use Area to Bear Gulch Day Use Area Trail,2.5,301,Moderate,36.48248,-121.16194
Pinnacles National Park,California,West,Peaks View Day Use Area to Old Pinnacles Trailhead,3.2,101,Easy,36.48247,-121.16194
Pinnacles National Park,California,West,Pinnacles Overlook Trail,0.9,88,Easy,36.47762,-121.22605
Pinnacles National Park,California,West,Visitor Center to Bacon Ranch,0.7,26,Easy,36.49441,-121.1459
Pinnacles National Park,California,West,Visitor Center to Butterfield Homestead Trail,4.5,154,Easy,36.49437,-121.14585
Pinnacles National Park,California,West,Visitor Center to Peaks View Day Use Area,3.3,114,Easy,36.49439,-121.14592
Pinnacles National Park,California,West,Visitor Contact Station to Vista Point,0.3,45,Easy,36.47744,-121.22545
Redwood National Park,California,West,Ah-Pah Interpretive Trail,0.4,6,Moderate,41.45094,-124.03803
Redwood National Park,California,West,Bald Hills Road,31.7,4455,Hard,41.20827,-123.75558
Redwood National Park,California,West,Berry Glen and Lady Bird Grove Trail,6.0,1286,Moderate,41.31742,-124.04071
Redwood National Park,California,West,Coastal Trail: Demartin Section,11.4,2923,Moderate,41.60489,-124.10133
Redwood National Park,California,West,Dolason Prairie Trail,8.7,2253,Moderate,41.20545,-123.95049
Redwood National Park,California,West,Flint Ridge Section Trail,7.9,1771,Moderate,41.52392,-124.04565
Redwood National Park,California,West,Hidden Beach and False Klamath Rock,7.6,1148,Moderate,41.55442,-124.08646
Redwood National Park,California,West,Holter Ridge via Lost Man Trail,13.1,1952,Moderate,41.2641,-123.98779
Redwood National Park,California,West,Klamath Overlook,1.0,360,Easy,41.55436,-124.08652
Redwood National Park,California,West,Lady Bird Johnson Grove Trail,1.3,75,Easy,41.30386,-124.01845
Redwood National Park,California,West,Last Chance California Coastal Trail,1.4,196,Moderate,41.70647,-124.14323
Redwood National Park,California,West,Lost Man Creek Trail,20.5,3923,Moderate,41.327,-124.01513
Redwood National Park,California,West,Lyons Ranch Trail,3.7,469,Moderate,41.14824,-123.89313
Redwood National Park,California,West,McArthur Creek Loop Trail,13.4,2700,Moderate,41.28719,-124.05689
Redwood National Park,California,West,Mill Creek Horse Trail,9.3,1879,Hard,41.75723,-124.14596
Redwood National Park,California,West,Redwood Creek Trail,15.6,1118,Moderate,41.29883,-124.0335
Redwood National Park,California,West,Skunk Cabbage Trail,7.3,1295,Moderate,41.30748,-124.05676
Redwood National Park,California,West,Tall Trees Access Road,12.0,1916,Moderate,41.20819,-123.9933
Redwood National Park,California,West,Tall Trees Grove Loop Trail,3.3,748,Moderate,41.20785,-123.99318
Redwood National Park,California,West,The Farm Trail,0.3,98,Easy,41.52675,-124.07919
Redwood National Park,California,West,Wetland Boardwalk,0.2,0,Easy,41.28686,-124.08977
Redwood National Park,California,West,Yurok Loop Trail,2.1,121,Easy,41.59422,-124.0992
Rocky Mountain National Park,Colorado,Central,5 Lake Loop,12.2,3225,Expert,40.31226,-105.64641
Rocky Mountain National Park,Colorado,Central,Adams Falls Trail,0.7,98,Easy,40.23941,-105.79999
Rocky Mountain National Park,Colorado,Central,Alberta Falls Trail,1.6,252,Easy,40.31052,-105.64034
Rocky Mountain National Park,Colorado,Central,Alberta Falls and Bear Lake,2.5,419,Moderate,40.31206,-105.64575
Rocky Mountain National Park,Colorado,Central,Alluvial Fan Trail,0.7,203,Easy,40.4098,-105.63232
Rocky Mountain National Park,Colorado,Central,Alpine Ridge Trail,0.7,147,Easy,40.44121,-105.7542
Rocky Mountain National Park,Colorado,Central,Andrews Tarn and Andrews Glacier Trail,8.4,2260,Hard,40.31035,-105.6404
Rocky Mountain National Park,Colorado,Central,Azure Lake and Inkwell Lake Loop,11.1,3211,Hard,40.42024,-105.81135
Rocky Mountain National Park,Colorado,Central,Balanced Rock via Cow Creek Trail,7.3,1318,Moderate,40.43103,-105.50061
Rocky Mountain National Park,Colorado,Central,Bear Fern Cub Lake,10.1,1578,Moderate,40.31206,-105.64635
Rocky Mountain National Park,Colorado,Central,Bear Lake Nature Trail,0.7,42,Easy,40.31191,-105.64577
Rocky Mountain National Park,Colorado,Central,Bear Lake Road Loop,4.9,1092,Moderate,40.3104,-105.64033
Rocky Mountain National Park,Colorado,Central,Bear Lake Road to Cub Lake and Fern Lake Trail,7.8,1151,Moderate,40.32048,-105.6237
Rocky Mountain National Park,Colorado,Central,Bear Lake Trail Head to North Inlet Trail Head,16.2,4048,Expert,40.25636,-105.81438
Rocky Mountain National Park,Colorado,Central,Bear Lake and Nymph Lake,1.8,282,Easy,40.31182,-105.64579
Rocky Mountain National Park,Colorado,Central,Bear Lake to Alberta Falls to Mills Lake,5.4,938,Moderate,40.31206,-105.64635
Rocky Mountain National Park,Colorado,Central,Bear Lake to Bierstadt Lake via Flat Top Mountain Trail,4.4,347,Easy,40.31208,-105.64596
Rocky Mountain National Park,Colorado,Central,Bear Lake to Howell Park,9.0,1788,Moderate,40.31197,-105.64597
Rocky Mountain National Park,Colorado,Central,Bear Lake to Lake Bierstadt,4.4,646,Moderate,40.31196,-105.6456
Rocky Mountain National Park,Colorado,Central,Bear Lake to Sky Pond via Glacier Gorge Trail,8.7,1883,Hard,40.3118,-105.64531
Rocky Mountain National Park,Colorado,Central,Beaver Mountian Trail,4.1,843,Moderate,40.37288,-105.61361
Rocky Mountain National Park,Colorado,Central,Beaver Ponds,2.3,111,Easy,40.35619,-105.61569
Rocky Mountain National Park,Colorado,Central,Beaver Ponds Boardwalk,0.1,0,Easy,40.39911,-105.6411
Rocky Mountain National Park,Colorado,Central,Bible Point,1.3,528,Easy,40.3435,-105.58338
Rocky Mountain National Park,Colorado,Central,Bierstadt Lake Loop Trail,3.2,626,Moderate,40.32048,-105.62367
Rocky Mountain National Park,Colorado,Central,Big Meadow and Ptarmigan Pass Loop Trail,25.3,4202,Moderate,40.2566,-105.81466
Rocky Mountain National Park,Colorado,Central,Big Meadows Trail,7.4,1279,Moderate,40.30738,-105.84088
Rocky Mountain National Park,Colorado,Central,Black Canyon Trail,15.5,3802,Moderate,40.4015,-105.52102
Rocky Mountain National Park,Colorado,Central,Black Canyon Trail,7.5,1709,Moderate,40.39644,-105.51289
Rocky Mountain National Park,Colorado,Central,"Black Canyon, Dark Mountain, Cow Creek, Gem Lake Loop",10.7,2634,Moderate,40.39646,-105.51306
Rocky Mountain National Park,Colorado,Central,Black Lake Trail,9.7,1643,Hard,40.31198,-105.64574
Rocky Mountain National Park,Colorado,Central,Bluebird Lake Trail,12.1,2657,Hard,40.20789,-105.56648
Rocky Mountain National Park,Colorado,Central,Boulder Brook Trail,4.6,1486,Moderate,40.31994,-105.61996
Rocky Mountain National Park,Colorado,Central,"Boulder Brook, North Longs Peak Trail, Alberta Falls and Glacier Creek Loop",10.3,1916,Moderate,40.31963,-105.61974
Rocky Mountain National Park,Colorado,Central,Boulder Grand Pass and Thunder Lake Trail,15.2,3750,Moderate,40.20766,-105.56651
Rocky Mountain National Park,Colorado,Central,Bridal Veil Falls Via Lumpy Ridge Trails,12.5,2988,Hard,40.39655,-105.51255
Rocky Mountain National Park,Colorado,Central,Bridal Veil Falls via Cow Creek Trail,6.1,964,Moderate,40.43087,-105.50054
Rocky Mountain National Park,Colorado,Central,Cache la Poudre River Trail,4.3,331,Easy,40.42534,-105.80522
Rocky Mountain National Park,Colorado,Central,Calypso Cascades via Allenspark Trail,5.7,1272,Moderate,40.19372,-105.54231
Rocky Mountain National Park,Colorado,Central,Cascade Falls,7.4,675,Easy,40.25664,-105.81443
Rocky Mountain National Park,Colorado,Central,Chapin Creek,1.5,715,Easy,40.43484,-105.73036
Rocky Mountain National Park,Colorado,Central,Chapin Pass Trail to Mount Chapin,3.9,1463,Moderate,40.43483,-105.73036
Rocky Mountain National Park,Colorado,Central,"Chapin, Chiquita, Ypsilon",8.9,3244,Hard,40.43487,-105.73032
Rocky Mountain National Park,Colorado,Central,Chasm Falls Trail via Old Fall River Road,2.5,465,Moderate,40.41424,-105.65535
Rocky Mountain National Park,Colorado,Central,Chasm Lake,9.4,2601,Hard,40.27267,-105.55684
Rocky Mountain National Park,Colorado,Central,Chief Cheley Peak and Mount Ida,10.7,3175,Hard,40.42039,-105.8116
Rocky Mountain National Park,Colorado,Central,Colorado River and Red Mountain Trail,6.2,1364,Hard,40.40165,-105.8488
Rocky Mountain National Park,Colorado,Central,Continental Divide National Scenic Trail (CDNST) Loop,28.8,4957,Expert,40.30742,-105.8408
Rocky Mountain National Park,Colorado,Central,Continental Divide Traverse: Milner Pass to Bear Lake,16.1,4117,Moderate,40.42038,-105.8114
Rocky Mountain National Park,Colorado,Central,Copeland Falls to Calypso Cascades,3.5,606,Easy,40.20774,-105.5665
Rocky Mountain National Park,Colorado,Central,Cow Creek to Gem Lake,7.7,1423,Moderate,40.43138,-105.5018
Rocky Mountain National Park,Colorado,Central,Cow Creek to McGregor Loop,12.0,2588,Moderate,40.43106,-105.50068
Rocky Mountain National Park,Colorado,Central,Crystal Lakes Trail,14.5,3097,Hard,40.40715,-105.62623
Rocky Mountain National Park,Colorado,Central,Cub Lake,5.1,728,Moderate,40.356,-105.61596
Rocky Mountain National Park,Colorado,Central,Cub Lake Loop via Moraine Trail,9.8,1699,Moderate,40.34156,-105.60524
Rocky Mountain National Park,Colorado,Central,Cub Lake Trail Loop,6.0,744,Moderate,40.35552,-105.61602
Rocky Mountain National Park,Colorado,Central,Deer Mountain Loop,11.3,2004,Moderate,40.38692,-105.60979
Rocky Mountain National Park,Colorado,Central,Deer Mountain Trail,5.6,1400,Moderate,40.3868,-105.60978
Rocky Mountain National Park,Colorado,Central,Dream Lake Trail,2.0,426,Easy,40.31194,-105.64562
Rocky Mountain National Park,Colorado,Central,Eagle Cliff Mountain,2.5,1135,Hard,40.34432,-105.57101
Rocky Mountain National Park,Colorado,Central,East Inlet Trail to Adams Falls and Campsite,4.9,459,Moderate,40.23959,-105.80085
Rocky Mountain National Park,Colorado,Central,East Inlet Trail to Lake Verna,12.9,2171,Hard,40.23948,-105.79985
Rocky Mountain National Park,Colorado,Central,East Inlet Trail to Lone Pine Lake,10.6,1794,Moderate,40.23919,-105.79968
Rocky Mountain National Park,Colorado,Central,East Inlet Trail to Spirit Lake,14.4,2368,Hard,40.23958,-105.79978
Rocky Mountain National Park,Colorado,Central,East Portal Trailhead: Wind River and Glacier Basin Loop,6.1,925,Moderate,40.32831,-105.57836
Rocky Mountain National Park,Colorado,Central,East Shore Trail,20.9,2742,Moderate,40.13008,-105.76621
Rocky Mountain National Park,Colorado,Central,Emerald Lake Trail,3.1,708,Moderate,40.31177,-105.64533
Rocky Mountain National Park,Colorado,Central,Emerald Mountain Trail,1.5,902,Moderate,40.32801,-105.57666
Rocky Mountain National Park,Colorado,Central,Estes Cone via Eugena Mine and Longs Peak Trail,6.0,1912,Moderate,40.27209,-105.55684
Rocky Mountain National Park,Colorado,Central,Eugenia Mine,3.8,695,Moderate,40.27212,-105.55687
Rocky Mountain National Park,Colorado,Central,Fern Lake Trail,7.1,1453,Moderate,40.35486,-105.63112
Rocky Mountain National Park,Colorado,Central,Fern Lake Trail and Cub Lake Trail Loop,10.4,2250,Moderate,40.35622,-105.61575
Rocky Mountain National Park,Colorado,Central,Fern Lake Trail to Flat Top Mountain Loop,23.3,5797,Hard,40.35483,-105.63085
Rocky Mountain National Park,Colorado,Central,Fern and Spruce Lakes,8.9,1830,Moderate,40.35479,-105.63134
Rocky Mountain National Park,Colorado,Central,Finch Lake and Pear Lake Trail,12.1,2713,Moderate,40.20847,-105.56085
Rocky Mountain National Park,Colorado,Central,Finch Lake and Pear Lake via Allenspark Trail,12.0,2329,Moderate,40.19381,-105.5414
Rocky Mountain National Park,Colorado,Central,Finch Lake and Pear Reservoir Trail,13.4,2772,Hard,40.20762,-105.56638
Rocky Mountain National Park,Colorado,Central,Finch Lake from Finch Lake Trailhead,8.6,2011,Moderate,40.20853,-105.56055
Rocky Mountain National Park,Colorado,Central,Finch Lake via Allenspark Trail,7.3,1522,Moderate,40.19359,-105.54227
Rocky Mountain National Park,Colorado,Central,Flat Top Mountain and Fern Lake Trail,10.4,1368,Moderate,40.3119,-105.64597
Rocky Mountain National Park,Colorado,Central,Flattop Mountain Trail,8.2,2870,Hard,40.31198,-105.64543
Rocky Mountain National Park,Colorado,Central,Flattop Mountain Trail to Ptarmigan Pass to Big Meadows,25.5,6217,Hard,40.31212,-105.64638
Rocky Mountain National Park,Colorado,Central,Forest Canyon Overlook,0.3,22,Easy,40.39574,-105.71147
Rocky Mountain National Park,Colorado,Central,Four Lake Loop Trail,6.8,1332,Moderate,40.31201,-105.64593
Rocky Mountain National Park,Colorado,Central,Fox Creek Falls,5.2,1988,Hard,40.43058,-105.50073
Rocky Mountain National Park,Colorado,Central,Gem Lake Trail,3.1,990,Moderate,40.39644,-105.51299
Rocky Mountain National Park,Colorado,Central,Gem Lake Trail and Lumpy Ridge Loop,4.4,1131,Moderate,40.39649,-105.51273
Rocky Mountain National Park,Colorado,Central,Gem Trail to Balanced Rock,7.0,1696,Moderate,40.39652,-105.51271
Rocky Mountain National Park,Colorado,Central,Gianttrack Mountain Trail,7.0,3533,Hard,40.30688,-105.53795
Rocky Mountain National Park,Colorado,Central,Glacier Gorge Trail,2.8,403,Easy,40.310810000000004,-105.63979
Rocky Mountain National Park,Colorado,Central,Glacier Gorge Trailhead to Jewel Lake,5.9,872,Moderate,40.31043,-105.64037
Rocky Mountain National Park,Colorado,Central,Glacier Gorge to Glacier Creek Trail,5.5,626,Moderate,40.31053,-105.64042
Rocky Mountain National Park,Colorado,Central,Grand Ditch to Thunder Pass Trail,10.7,1440,Moderate,40.4803,-105.82228
Rocky Mountain National Park,Colorado,Central,"Granite Pass, Chasm Lake, and Storm Pass from Storm Pass Trailhead",17.1,4511,Hard,40.3201,-105.61994
Rocky Mountain National Park,Colorado,Central,Green Mountain Trail,3.5,705,Moderate,40.30741,-105.84094
Rocky Mountain National Park,Colorado,Central,Hague Valley,14.1,4852,Hard,40.43467,-105.73057
Rocky Mountain National Park,Colorado,Central,Hallett Peak,9.2,3254,Hard,40.31212,-105.64634
Rocky Mountain National Park,Colorado,Central,Haynach Lakes Trail,14.7,2329,Hard,40.3074,-105.84098
Rocky Mountain National Park,Colorado,Central,Hidden Valley Creek Nature Walk,0.5,75,Easy,40.39375,-105.65526
Rocky Mountain National Park,Colorado,Central,Hidden Valley Trail,2.2,1066,Hard,40.39371,-105.65556
Rocky Mountain National Park,Colorado,Central,Holzwarth Historical Site / Never Summer Ranch,1.2,49,Easy,40.37258,-105.85468
Rocky Mountain National Park,Colorado,Central,Irene Lake Trail,0.8,85,Easy,40.41372,-105.81899
Rocky Mountain National Park,Colorado,Central,Keplinger Lake from Sandbeach Lake Trailhead,12.7,3408,Hard,40.22015,-105.53414
Rocky Mountain National Park,Colorado,Central,Lake Haiyaha,3.6,846,Moderate,40.3119,-105.64607
Rocky Mountain National Park,Colorado,Central,Lake Helene via Fern Lake Trail,6.1,1348,Moderate,40.31195,-105.64558
Rocky Mountain National Park,Colorado,Central,Lake Nanita Trail,19.7,3454,Hard,40.25644,-105.81441
Rocky Mountain National Park,Colorado,Central,Lake Nanita and Nokoni via Bear Lake Trailhead,24.6,7762,Expert,40.31194,-105.64584
Rocky Mountain National Park,Colorado,Central,Lake of the Clouds via Grand Ditch Trail,12.7,2500,Moderate,40.40166,-105.84894
Rocky Mountain National Park,Colorado,Central,Lawn Lake Trail,11.8,2509,Hard,40.40715,-105.62625
Rocky Mountain National Park,Colorado,Central,Lilly Lake to Estes Cone Loop,8.1,2549,Hard,40.30665,-105.53785
Rocky Mountain National Park,Colorado,Central,Lily Lake,0.8,45,Easy,40.30646,-105.53796
Rocky Mountain National Park,Colorado,Central,Lily Ridge Trail,1.1,196,Easy,40.30674,-105.53803
Rocky Mountain National Park,Colorado,Central,Lion Lake Trail,12.4,3031,Hard,40.20776,-105.5665
Rocky Mountain National Park,Colorado,Central,Little Horseshoe Park Trail,6.3,748,Easy,40.40703,-105.62617
Rocky Mountain National Park,Colorado,Central,Little Matterhorn,7.6,2805,Moderate,40.31196,-105.64561
Rocky Mountain National Park,Colorado,Central,Little Rock Lake via Ute Trail and Mount Ida Trail,14.4,4288,Expert,40.4203,-105.81129
Rocky Mountain National Park,Colorado,Central,Little Yellowstone,12.0,1833,Moderate,40.40168,-105.84869
Rocky Mountain National Park,Colorado,Central,Longs Peak Via Boulder Brook,15.6,5498,Hard,40.31999,-105.62
Rocky Mountain National Park,Colorado,Central,Lookout Mountain and Horsetooth Peak,4.7,2066,Hard,40.23703,-105.54061
Rocky Mountain National Park,Colorado,Central,Lulu City Trail,7.1,826,Moderate,40.40174,-105.84865
Rocky Mountain National Park,Colorado,Central,Lulu City via Little Yellowstone Trail,8.6,1148,Moderate,40.48034,-105.82239
Rocky Mountain National Park,Colorado,Central,MacGregor Falls Trail,6.2,948,Moderate,40.3965,-105.51345
Rocky Mountain National Park,Colorado,Central,Marmot Point Trail,0.8,328,Moderate,40.44294,-105.74328
Rocky Mountain National Park,Colorado,Central,Mill Creek Basin Trail to Bierstadt Lake,6.2,1259,Moderate,40.3417,-105.60526
Rocky Mountain National Park,Colorado,Central,Mills Lake and The Loch,7.0,1374,Moderate,40.3104,-105.64032
Rocky Mountain National Park,Colorado,Central,Mills Lake via Glacier Gorge Trail,4.9,836,Moderate,40.31037,-105.64033
Rocky Mountain National Park,Colorado,Central,Mills Lake via Glacier Gorge Trail,5.3,941,Moderate,40.31137,-105.64612
Rocky Mountain National Park,Colorado,Central,"Mills Lake, Black Lake, Frozen Lake Trail",11.0,2529,Hard,40.31051,-105.6403
Rocky Mountain National Park,Colorado,Central,Mirror Lake Trail,12.6,2040,Moderate,40.51791,-105.77047
Rocky Mountain National Park,Colorado,Central,Mount Chiquita via Chapin Pass Trail,5.0,2057,Moderate,40.43489,-105.73028
Rocky Mountain National Park,Colorado,Central,Mount Fairchild Trail,20.5,5160,Expert,40.40727,-105.62657
Rocky Mountain National Park,Colorado,Central,Mount Ida Trail,9.2,2375,Hard,40.42021,-105.81138
Rocky Mountain National Park,Colorado,Central,Mount Lady Washington,7.8,3887,Expert,40.27196,-105.55656
Rocky Mountain National Park,Colorado,Central,Mount Lady Washington and Chasm Lake,9.9,4002,Hard,40.27134,-105.55557
Rocky Mountain National Park,Colorado,Central,Mount Otis from Bear Lake,10.6,3428,Expert,40.31145,-105.64612
Rocky Mountain National Park,Colorado,Central,Mummy Mountain Trail,14.8,4904,Expert,40.40716,-105.6264
Rocky Mountain National Park,Colorado,Central,North Deer Mountain Trail,5.2,738,Moderate,40.40106,-105.59377
Rocky Mountain National Park,Colorado,Central,North Inlet Trail to Lake Nanita,19.7,3336,Hard,40.25655,-105.81469
Rocky Mountain National Park,Colorado,Central,North Inlet Trail to Lake Nokoni,18.3,2913,Moderate,40.25655,-105.8147
Rocky Mountain National Park,Colorado,Central,North Long's Peak Trail to Boulder Brook,8.0,1525,Moderate,40.31051,-105.64031
Rocky Mountain National Park,Colorado,Central,Nymph Lake Trail,1.2,262,Easy,40.31192,-105.646
Rocky Mountain National Park,Colorado,Central,"Nymph Lake, Lake Haiyaha, Mills Lake and Jewel Lake",7.4,1479,Moderate,40.31194,-105.6458
Rocky Mountain National Park,Colorado,Central,"Nymph, Dream, Haiyaha and Loch Vale Lakes Loop",7.9,1660,Moderate,40.31194,-105.64562
Rocky Mountain National Park,Colorado,Central,Odessa Lake Via Fern Lake Trail,8.3,2004,Moderate,40.31176,-105.64456
Rocky Mountain National Park,Colorado,Central,Odessa Lake via Fern Lake Trail,9.3,1978,Moderate,40.35493,-105.63099
Rocky Mountain National Park,Colorado,Central,Old Fall River Road,10.5,3280,Easy,40.40534,-105.62505
Rocky Mountain National Park,Colorado,Central,Oldman Mountain,0.6,426,Moderate,40.37642,-105.54237
Rocky Mountain National Park,Colorado,Central,Onahu Creek Trail,8.0,1322,Easy,40.30735,-105.84128
Rocky Mountain National Park,Colorado,Central,Onahu Trail to Granite Falls,10.8,1633,Moderate,40.30743,-105.84083
Rocky Mountain National Park,Colorado,Central,Ouzel Falls via Wild Basin Trail,5.3,954,Moderate,40.20802,-105.56643
Rocky Mountain National Park,Colorado,Central,Ouzel Falls via Wild Basin Trail from Sandbeach Lake,7.4,1187,Moderate,40.21337,-105.55047
Rocky Mountain National Park,Colorado,Central,Ouzel Lake Trail,9.4,1683,Moderate,40.20762,-105.56664
Rocky Mountain National Park,Colorado,Central,Peak 12150 via Ute Trail,5.7,1427,Hard,40.42039,-105.8116
Rocky Mountain National Park,Colorado,Central,Red Mountain to Grand Ditch Trail,11.4,2139,Moderate,40.3723,-105.86021
Rocky Mountain National Park,Colorado,Central,River and Tonahutu Creek Loop,13.9,1437,Moderate,40.2771,-105.8501
Rocky Mountain National Park,Colorado,Central,Rocky Mountain Lake Loop,11.8,2568,Hard,40.31153,-105.64634
Rocky Mountain National Park,Colorado,Central,Rocky Mountain National Park River Trail,4.2,187,Moderate,40.27714,-105.84988
Rocky Mountain National Park,Colorado,Central,Rowe's Glacier to Lost Lake via Lawn Lake Trail,36.4,9632,Expert,40.40709,-105.62642
Rocky Mountain National Park,Colorado,Central,Sandbeach Lake Trail,8.6,2086,Hard,40.21967,-105.53451
Rocky Mountain National Park,Colorado,Central,Sandbeach Lake and Mount Orton,12.3,3444,Hard,40.21988,-105.53445
Rocky Mountain National Park,Colorado,Central,Sandbeach Trailhead to Bierstadt Lake Trailhead,48.8,10688,Expert,40.21962,-105.53448
Rocky Mountain National Park,Colorado,Central,Shadow Mountain Fire Lookout Trail,9.3,1604,Moderate,40.2066,-105.84261
Rocky Mountain National Park,Colorado,Central,Shelf Lake and Solitude Lake via Glacier Gorge Trail,9.2,2316,Hard,40.31058,-105.6402
Rocky Mountain National Park,Colorado,Central,Shipler Cabin,4.1,426,Moderate,40.40174,-105.84869
Rocky Mountain National Park,Colorado,Central,Six Lakes Boulder Loop,8.9,1482,Hard,40.31189,-105.64609
Rocky Mountain National Park,Colorado,Central,Skeleton Gulch,12.5,2060,Hard,40.40165,-105.84878
Rocky Mountain National Park,Colorado,Central,Sky Pond via Glacier Creek Loop,14.1,2562,Hard,40.32038,-105.60837
Rocky Mountain National Park,Colorado,Central,Sky Pond via Glacier Gorge Trail,8.1,1765,Hard,40.31052,-105.64032
Rocky Mountain National Park,Colorado,Central,South Lateral Moraine Trail,4.6,275,Easy,40.35395,-105.58344
Rocky Mountain National Park,Colorado,Central,Specimen Mountain Crater Trail [CLOSED],1.9,715,Moderate,40.42415,-105.8082
Rocky Mountain National Park,Colorado,Central,Spectacle Lakes via Ypsilon Lake Trail,10.8,3198,Moderate,40.40077,-105.62665
Rocky Mountain National Park,Colorado,Central,Sprague Lake,4.4,633,Moderate,40.32831,-105.57624
Rocky Mountain National Park,Colorado,Central,Sprague Lake Trail,0.8,32,Easy,40.32038,-105.60776
Rocky Mountain National Park,Colorado,Central,"Sprague Lake, Glacier Creek and Storm Pass Loop",2.7,246,Moderate,40.32052,-105.60788
Rocky Mountain National Park,Colorado,Central,Storm Pass Trail,14.4,3238,Moderate,40.30617,-105.5369
Rocky Mountain National Park,Colorado,Central,Storm Pass and Longs Peak Trail,21.1,7030,Hard,40.30644,-105.5379
Rocky Mountain National Park,Colorado,Central,Sundance Mountain,3.1,1013,Moderate,40.39322,-105.6953
Rocky Mountain National Park,Colorado,Central,Sundance Mountain Trail,3.0,583,Moderate,40.404560000000004,-105.7133
Rocky Mountain National Park,Colorado,Central,The Keyhole and Longs Peak via Longs Peak Trail,7.4,4911,Hard,40.27212,-105.55682
Rocky Mountain National Park,Colorado,Central,The Loch Lake Trail via Glacier Gorge Trail,5.4,1072,Moderate,40.31047,-105.64035
Rocky Mountain National Park,Colorado,Central,The Loch and Lake of Glass,7.8,1761,Moderate,40.31177,-105.64492
Rocky Mountain National Park,Colorado,Central,The Pool via Fern Lake Trail,3.3,259,Easy,40.35488,-105.63103
Rocky Mountain National Park,Colorado,Central,The Saddle Trail,15.9,3940,Hard,40.40726,-105.62617
Rocky Mountain National Park,Colorado,Central,The Spearhead via Glacier Gorge Trail,12.5,3464,Expert,40.31051,-105.64031
Rocky Mountain National Park,Colorado,Central,Thunder Lake Trail,11.2,2234,Hard,40.20782,-105.56621
Rocky Mountain National Park,Colorado,Central,Timber Creek Trail,13.0,2185,Moderate,40.31591,-105.84367
Rocky Mountain National Park,Colorado,Central,Timber Lake Trail,9.9,2349,Moderate,40.39963,-105.84758
Rocky Mountain National Park,Colorado,Central,Timberline Falls and Sky Pond Trail,9.3,2162,Hard,40.31192,-105.64562
Rocky Mountain National Park,Colorado,Central,Toll Memorial Trail,1.1,154,Easy,40.41211,-105.73306
Rocky Mountain National Park,Colorado,Central,Tonahutu Creek Trail to Big Meadows,9.8,1010,Moderate,40.2565,-105.8145
Rocky Mountain National Park,Colorado,Central,Tonahutu Creek and Granite Falls Trail,19.2,2513,Moderate,40.25664,-105.81465
Rocky Mountain National Park,Colorado,Central,Trail Ridge Road,39.0,3891,Moderate,40.38707,-105.6108
Rocky Mountain National Park,Colorado,Central,Twin Owls Loop,0.8,711,Moderate,40.40142,-105.52104
Rocky Mountain National Park,Colorado,Central,Twin Owls and Lumpy Ridge Loop,1.6,446,Easy,40.39651,-105.51303
Rocky Mountain National Park,Colorado,Central,Twin Sisters Peak Trail,7.5,2516,Hard,40.30648,-105.53711
Rocky Mountain National Park,Colorado,Central,"Tyndall Glacier and Nymph, Dream, Emerald, and Haiyaha Lakes",6.3,1151,Moderate,40.31172,-105.64553
Rocky Mountain National Park,Colorado,Central,Upper Beaver Meadows Loop Trail,1.1,114,Easy,40.37269,-105.61387
Rocky Mountain National Park,Colorado,Central,Ute Trail - Tombstone Ridge,5.6,1912,Moderate,40.39341,-105.69536
Rocky Mountain National Park,Colorado,Central,Ute Trail from Poudre Lake to Alpine Ridge,8.4,1315,Moderate,40.42036,-105.81156
Rocky Mountain National Park,Colorado,Central,Valley and River Trail Loop,4.9,262,Moderate,40.27703,-105.85005
Rocky Mountain National Park,Colorado,Central,Visitor Center to Granite Falls,14.5,1525,Moderate,40.26645,-105.8323
Rocky Mountain National Park,Colorado,Central,War Dance Falls and Bench Lake via North Inlet Trail,14.1,2109,Hard,40.25655,-105.81469
Rocky Mountain National Park,Colorado,Central,West Creek Falls,4.3,1394,Moderate,40.43091,-105.50057
Rocky Mountain National Park,Colorado,Central,West Creek Falls and Fox Creek Falls Trail,6.5,2162,Hard,40.43051,-105.50071
Rocky Mountain National Park,Colorado,Central,Wild Basin Trail to Allenspark Trail,9.2,1896,Moderate,40.2079,-105.56648
Rocky Mountain National Park,Colorado,Central,"Wind River, Storm Pass, Sprague Lake, and Glacier Creek Loop",6.5,961,Moderate,40.32814,-105.57579
Rocky Mountain National Park,Colorado,Central,Ypsilon Lake Trail,10.5,3244,Moderate,40.40726,-105.62615
Saguaro National Park,Arizona,Southwest,Arizona Trail: Savilla Campground to Saguaro National Park,8.2,360,Moderate,32.06403,-110.62252
Saguaro National Park,Arizona,Southwest,Bajada Loop Drive,5.2,426,Easy,32.26904,-111.21633
Saguaro National Park,Arizona,Southwest,Bridal Wreath Falls Trail,5.6,1072,Moderate,32.23512,-110.68683
Saguaro National Park,Arizona,Southwest,Cactus Canyon and Gila Monster Loop via Thunderbird Trail,6.0,734,Moderate,32.28874,-111.12124
Saguaro National Park,Arizona,Southwest,Cactus Forest Loop Drive,10.3,702,Easy,32.18,-110.73622
Saguaro National Park,Arizona,Southwest,Cactus Forest Trail,10.0,511,Moderate,32.22032,-110.7254
Saguaro National Park,Arizona,Southwest,Cactus Wren Trail,3.9,187,Moderate,32.29079,-111.20831
Saguaro National Park,Arizona,Southwest,Cam-Boh Trail,4.9,229,Moderate,32.32774,-111.1305
Saguaro National Park,Arizona,Southwest,Cow Head Saddle Trail,26.0,7578,Hard,32.16541,-110.72396
Saguaro National Park,Arizona,Southwest,Coyote Pass Loop Trail,5.7,524,Easy,32.32734,-111.1306
Saguaro National Park,Arizona,Southwest,Desert Discovery Nature Trail,0.4,16,Easy,32.26248,-111.21043
Saguaro National Park,Arizona,Southwest,Desert Ecology Trail,0.3,9,Easy,32.20326,-110.7253
Saguaro National Park,Arizona,Southwest,Douglas Spring Trail,16.6,3740,Moderate,32.23518,-110.68682
Saguaro National Park,Arizona,Southwest,Douglas Spring to Three Tank Trail Junction,4.5,971,Moderate,32.23516,-110.68657
Saguaro National Park,Arizona,Southwest,"Douglas Spring, Bridal Wreath Falls, Three Tank, Garwood Loop",7.1,1253,Moderate,32.2351,-110.68694
Saguaro National Park,Arizona,Southwest,"Douglas Spring, Converse, Garwood  and Wildhorse Loop",3.4,183,Easy,32.23514,-110.68698
Saguaro National Park,Arizona,Southwest,Encinas Trail from Ez-Kim-In-Zin Picnic Area,7.3,669,Moderate,32.28555,-111.16965
Saguaro National Park,Arizona,Southwest,Freeman Homestead Nature Trail,1.1,108,Easy,32.16531,-110.72587
Saguaro National Park,Arizona,Southwest,Garwood Dam To Douglas Spring Loop Trail,6.5,1135,Easy,32.23514,-110.68692
Saguaro National Park,Arizona,Southwest,Garwood Trail,3.3,203,Easy,32.23517,-110.68678
Saguaro National Park,Arizona,Southwest,Gould Mine,2.3,380,Moderate,32.24761,-111.16714
Saguaro National Park,Arizona,Southwest,Hope Camp,6.5,528,Moderate,32.13315,-110.68711
Saguaro National Park,Arizona,Southwest,Hope Camp Coyote Wash and Ruiz Trail Loop,5.8,469,Moderate,32.13299,-110.68709
Saguaro National Park,Arizona,Southwest,Hope Camp to Grass Shack Camp Trail,9.6,2755,Expert,32.13303,-110.68704
Saguaro National Park,Arizona,Southwest,"Hope Campe, Ruiz Trail, and Coyote Wash Trail",5.6,459,Moderate,32.1333,-110.68715
Saguaro National Park,Arizona,Southwest,Hugh Norris Trail,8.9,2395,Moderate,32.27146,-111.20301
Saguaro National Park,Arizona,Southwest,"Hugh Norris, Sendero Esperanza, Dobbie Wash Loop",6.4,1240,Moderate,32.27153,-111.20297
Saguaro National Park,Arizona,Southwest,Ironwood Forest Picture Rocks Wash Trail,3.9,275,Moderate,32.32733,-111.13058
Saguaro National Park,Arizona,Southwest,King Canyon Trail to Wasson Peak,7.1,1840,Moderate,32.24717,-111.16717
Saguaro National Park,Arizona,Southwest,Loma Verde and Squeeze Pen Loop,3.7,157,Moderate,32.20343,-110.70985
Saguaro National Park,Arizona,Southwest,Manning Camp Trail,15.4,4566,Hard,32.15782,-110.47572
Saguaro National Park,Arizona,Southwest,Mica Mountain via Douglas Spring and Cow Head Saddle Trail,25.4,6437,Expert,32.23516,-110.68657
Saguaro National Park,Arizona,Southwest,Mica View Loop Trail,3.7,121,Easy,32.2207,-110.72608
Saguaro National Park,Arizona,Southwest,Mica View Trail to Cactus Forest Trail,1.9,68,Easy,32.22093,-110.72615
Saguaro National Park,Arizona,Southwest,Panther Peak Wash - Roadrunner Loop,4.2,190,Moderate,32.31925,-111.16599
Saguaro National Park,Arizona,Southwest,Petroglyphs at King Canyon,2.2,291,Moderate,32.24719,-111.16714
Saguaro National Park,Arizona,Southwest,"Pink Hill, Loma Verde, Cholla Trail, and Cactus Forest Loop",3.3,78,Easy,32.22086,-110.72615
Saguaro National Park,Arizona,Southwest,Redington OHV Trail,24.4,2463,Easy,32.45169,-110.48754
Saguaro National Park,Arizona,Southwest,Redington Pass Chiva Falls OHV Loop,20.4,3090,Moderate,32.30612,-110.57414
Saguaro National Park,Arizona,Southwest,Ridge View Trail,2.3,351,Moderate,32.1332,-110.68715
Saguaro National Park,Arizona,Southwest,Safford Peak Trail,2.4,915,Moderate,32.35403,-111.14143
Saguaro National Park,Arizona,Southwest,Saguaro National Park West and Old Tucson Studios Scenic Drive,39.2,2158,Easy,32.23601,-110.98402
Saguaro National Park,Arizona,Southwest,"Scenic, Passey, Packrat Trail Loop",1.7,265,Easy,32.35253,-111.13994
Saguaro National Park,Arizona,Southwest,Sendero Esperanza Trail,5.0,1040,Moderate,32.28482,-111.16747
Saguaro National Park,Arizona,Southwest,Shantz and Mica View Trail,2.6,121,Moderate,32.22061,-110.72642
Saguaro National Park,Arizona,Southwest,"Shantz, Mesquite, Loma and Cholla Trail Loop",5.1,190,Easy,32.2208,-110.72646
Saguaro National Park,Arizona,Southwest,"Shantz, Vanover, Loma Verde, Cholla, Cactus Forest Trail Loop",5.1,124,Moderate,32.22095,-110.726
Saguaro National Park,Arizona,Southwest,Tanque Verde Falls Beach,0.8,98,Easy,32.25798,-110.65552
Saguaro National Park,Arizona,Southwest,Tanque Verde Falls Viewpoint,0.7,203,Moderate,32.25736,-110.656
Saguaro National Park,Arizona,Southwest,Tanque Verde Ridge,3.3,925,Moderate,32.16556,-110.7239
Saguaro National Park,Arizona,Southwest,Tanque Verde Ridge Trail,20.0,5597,Expert,32.16559,-110.7238
Saguaro National Park,Arizona,Southwest,Thunderbird Trail,4.0,492,Moderate,32.28871,-111.12111
Saguaro National Park,Arizona,Southwest,Turkey Creek,12.1,3937,Hard,32.15777,-110.47549
Saguaro National Park,Arizona,Southwest,Valley View Overlook Trail,0.8,49,Easy,32.27698,-111.1977
Saguaro National Park,Arizona,Southwest,Valley View and Wild Dog Trails,2.7,249,Moderate,32.27707,-111.19774
Saguaro National Park,Arizona,Southwest,Vertical Cliffs Trail to Abington Trail Loop,3.8,252,Easy,32.32319,-111.0963
Saguaro National Park,Arizona,Southwest,Wasson Peak Trail,7.9,1863,Moderate,32.24669,-111.16708
Saguaro National Park,Arizona,Southwest,Wasson Peak via Sweetwater Trail,9.3,2093,Hard,32.28866,-111.12114
Saguaro National Park,Arizona,Southwest,Wild Horse to Garwood Dam,3.9,331,Easy,32.23504,-110.68704
Saguaro National Park,Arizona,Southwest,Wildhorse Trail,3.1,301,Moderate,32.23512,-110.68697
Sequoia National Park,California,West,Alder Creek Falls,1.6,167,Easy,36.02707,-118.51524
Sequoia National Park,California,West,Alta Peak Trail,14.9,4064,Expert,36.59662,-118.73442
Sequoia National Park,California,West,Bear Hill Trail,1.9,321,Easy,36.56535,-118.77398
Sequoia National Park,California,West,Bear Hill Trail to Moro Rock Trail Loop,8.1,1131,Easy,36.56477,-118.7735
Sequoia National Park,California,West,Bearpaw Meadow Via Paradise Ridge Trail,26.5,8435,Moderate,36.465090000000004,-118.67092
Sequoia National Park,California,West,Bearpaw Meadow to Hamilton Lake Trail,29.6,10016,Moderate,36.55472,-118.74886
Sequoia National Park,California,West,Bearpaw Meadow to Redwood Meadow Trail,20.8,5334,Moderate,36.52758,-118.75106
Sequoia National Park,California,West,Big Baldy Ridge Trail,5.5,1391,Moderate,36.69705,-118.87877
Sequoia National Park,California,West,Big Trees Trail,1.3,121,Easy,36.56465,-118.77323
Sequoia National Park,California,West,Bobcat Point Loop,1.3,259,Easy,36.55462,-118.74869
Sequoia National Park,California,West,Cabin Creek Trail,2.5,393,Moderate,36.64663,-118.81489
Sequoia National Park,California,West,Cahoon Rock from South Fork Campground,28.3,7283,Hard,36.35034,-118.76505
Sequoia National Park,California,West,Chihuahua Mine,7.1,2591,Hard,36.45332,-118.59679
Sequoia National Park,California,West,Circle Meadows via Congress Trail,4.2,639,Easy,36.58456,-118.74987
Sequoia National Park,California,West,Cold Springs Nature Trail,2.3,456,Easy,36.45143,-118.61145
Sequoia National Park,California,West,Congress Trail,3.2,498,Easy,36.58448,-118.74988
Sequoia National Park,California,West,Crescent Meadow Loop Trail,1.7,157,Easy,36.55502,-118.74974
Sequoia National Park,California,West,Crescent Meadow to Tamarack Lake,28.7,8812,Hard,36.55465,-118.74871
Sequoia National Park,California,West,Crescent and Log Meadows Trail,1.8,206,Easy,36.55471,-118.74888
Sequoia National Park,California,West,Crystal Cave Trail,0.8,291,Moderate,36.58576,-118.82695
Sequoia National Park,California,West,Crystal Lake via Sawtooth Pass Trail,8.8,3421,Hard,36.45327,-118.59676
Sequoia National Park,California,West,Deadman Canyon Backpack Trip,48.8,12749,Expert,36.60488,-118.72401
Sequoia National Park,California,West,Delilah Fire Lookout OHV Trail,17.1,2440,Easy,36.75104,-119.05548
Sequoia National Park,California,West,Dorst / Lost Grove Trail,4.4,902,Moderate,36.63536,-118.81562
Sequoia National Park,California,West,Eagle View Trail,1.5,282,Moderate,36.55469,-118.7488
Sequoia National Park,California,West,Eagle and Mosquito Lakes,9.0,3024,Hard,36.44882,-118.59544
Sequoia National Park,California,West,Emerald Lake,10.3,2568,Moderate,36.59654,-118.73438
Sequoia National Park,California,West,Evelyn Lake Trail,23.9,5554,Hard,36.46454,-118.66717
Sequoia National Park,California,West,First Mosquito Lake Trail,6.4,1981,Hard,36.44841,-118.59535
Sequoia National Park,California,West,Franklin Lakes Trail,11.2,3458,Hard,36.45305,-118.59643
Sequoia National Park,California,West,Garfield Grove Trail,13.6,5019,Hard,36.3497,-118.76517
Sequoia National Park,California,West,General Sherman Tree Trail,0.8,154,Easy,36.58498,-118.74978
Sequoia National Park,California,West,General Sherman via Lodgepole,5.6,892,Moderate,36.6046,-118.72575
Sequoia National Park,California,West,Generals Highway Scenic Drive,45.8,8421,Easy,36.48604,-118.83767
Sequoia National Park,California,West,Giant Forest Loop Trail,7.0,1282,Easy,36.58499,-118.74953
Sequoia National Park,California,West,Hanging Rock Trail,0.5,111,Easy,36.54919,-118.76841
Sequoia National Park,California,West,Heather Lake via Watchtower Trail,8.1,2112,Moderate,36.59655,-118.73424
Sequoia National Park,California,West,"Heather Lake, Emerald Lake, and Pear Lake Trail via Watchtower and Pear Lake Trails",11.8,2913,Hard,36.59655,-118.73438
Sequoia National Park,California,West,High Sierra Trail to Hamilton Lakes,28.6,6952,Hard,36.55452,-118.75006
Sequoia National Park,California,West,High Sierra Trail to Lakes Trail,11.0,2998,Moderate,36.5547,-118.74885
Sequoia National Park,California,West,High Sierra Trail: Crescent Meadow to Whitney Portal,59.0,15475,Hard,36.55468,-118.74879
Sequoia National Park,California,West,High Sierra Trail: Ninemile Creek to Bearpaw Meadow,20.5,4340,Hard,36.55464,-118.74878
Sequoia National Park,California,West,Horseshoe Meadow Trail,70.9,12903,Hard,36.44785,-118.1705
Sequoia National Park,California,West,Horseshoe Meadows to Mount Whitney and Whitney Portal Trailhead via New Army Pass,37.6,8677,Hard,36.45306,-118.1699
Sequoia National Park,California,West,Hospital Rock to Potwisha Trail,4.7,967,Easy,36.52073,-118.77161
Sequoia National Park,California,West,Huckleberry Meadow Trail,5.2,767,Easy,36.58474,-118.74983
Sequoia National Park,California,West,Huckleberry Trail to Alta Trail Loop,4.4,830,Moderate,36.56486,-118.77271
Sequoia National Park,California,West,Kaweah River Trail,22.3,5662,Expert,36.52104,-118.77138
Sequoia National Park,California,West,Kearsarge Pass Trail to John Muir Trail Loop,42.4,12148,Hard,36.77252,-118.34111
Sequoia National Park,California,West,Kings River Trail,3.8,321,Easy,36.86418,-119.02821
Sequoia National Park,California,West,Ladybug Camp Trail,7.2,1952,Moderate,36.35001,-118.76461
Sequoia National Park,California,West,Little Baldy Trail,3.3,793,Moderate,36.62006,-118.80928
Sequoia National Park,California,West,Lodgepole and Willow Meadow,3.4,587,Easy,36.60456,-118.72403
Sequoia National Park,California,West,Lookout Peak Hike,1.0,482,Moderate,36.76906,-118.71729
Sequoia National Park,California,West,Marble Falls Trail,7.4,1627,Moderate,36.51464,-118.80085
Sequoia National Park,California,West,Middle Fork Kaweah Falls from Hospital Rock,9.1,1968,Hard,36.52054,-118.77148
Sequoia National Park,California,West,Middle Fork Kaweah Trail,24.7,5639,Hard,36.52367,-118.76541
Sequoia National Park,California,West,Mineral King Loop,37.5,11148,Hard,36.4527,-118.59656
Sequoia National Park,California,West,Mineral King to Eagle Lake Trail,6.5,2214,Moderate,36.44886,-118.59542
Sequoia National Park,California,West,Mineral King to Little Five Lakes Trail,27.7,9379,Hard,36.45329,-118.59677
Sequoia National Park,California,West,Mineral King: Black Rock Pass Loop,29.1,9681,Hard,36.4534,-118.59651
Sequoia National Park,California,West,Monarch Lakes Trail,8.4,2650,Hard,36.4533,-118.59676
Sequoia National Park,California,West,Moro Rock Trail,0.4,187,Moderate,36.54685,-118.76565
Sequoia National Park,California,West,Mount Langley,21.0,4429,Hard,36.45331,-118.16974
Sequoia National Park,California,West,Mount Whitney from Cottonwood Lakes Walk in Campground,29.5,9209,Hard,36.45314,-118.16989
Sequoia National Park,California,West,Mount Whitney via Cottonwood Lakes,57.1,13353,Hard,36.45356,-118.17045
Sequoia National Park,California,West,Muir Grove Trail,3.7,570,Moderate,36.63392,-118.81743
Sequoia National Park,California,West,Nine Lake Basin,34.5,9307,Hard,36.5549,-118.7497
Sequoia National Park,California,West,Nine Lakes Basin Loop Trail,57.0,13585,Hard,36.59665,-118.73493
Sequoia National Park,California,West,Onion Valley to Horseshoe Meadows,66.6,16473,Hard,36.77252,-118.34124
Sequoia National Park,California,West,Paradise Creek Trail,5.5,1007,Easy,36.52061,-118.77135
Sequoia National Park,California,West,Paradise Peak,9.4,3015,Hard,36.46497,-118.67094
Sequoia National Park,California,West,Paradise Ridge Trail,6.0,1919,Moderate,36.46502,-118.67176
Sequoia National Park,California,West,Pinto Lake Trail,15.0,5754,Hard,36.45331,-118.5968
Sequoia National Park,California,West,Potwisha Campground Trail,1.8,160,Easy,36.51472,-118.80094
Sequoia National Park,California,West,Ranger Lake,21.7,5108,Moderate,36.60488,-118.72526
Sequoia National Park,California,West,Sawtooth Pass Trail,12.7,4314,Hard,36.45329,-118.59677
Sequoia National Park,California,West,Sawtooth Pass Trail to Columbine Lake,12.9,4698,Hard,36.45331,-118.59681
Sequoia National Park,California,West,Sawtooth Pass to Timber Gap Trail,27.7,9284,Hard,36.45329,-118.59677
Sequoia National Park,California,West,Shepherd Saddle Road,13.3,2647,Moderate,36.52563,-118.89034
Sequoia National Park,California,West,Sugar Pine Trail,4.1,465,Easy,36.55501,-118.74921
Sequoia National Park,California,West,Sunset Rock,2.0,183,Easy,36.56491,-118.77284
Sequoia National Park,California,West,Tharp's Log Trail,2.1,216,Moderate,36.55493,-118.74971
Sequoia National Park,California,West,Tharp's Log and Huckleberry Trail Loop,2.2,236,Easy,36.55489,-118.74907
Sequoia National Park,California,West,Timber Gap Trail,9.8,4110,Hard,36.45331,-118.5968
Sequoia National Park,California,West,Tokopah Falls via Tokopah Valley Trail,4.0,639,Moderate,36.60485,-118.72401
Sequoia National Park,California,West,"Trans Sierra Trip: Colby Pass Trail, High Sierra Trail, John Muir Trail, Mount Whitney, PCT",74.9,17749,Expert,36.74089,-118.73841
Sequoia National Park,California,West,Twin Lakes Trail,13.1,3238,Hard,36.60461,-118.72521
Sequoia National Park,California,West,Upper Colony Mill Trail,4.7,1151,Moderate,36.5713,-118.80804
Sequoia National Park,California,West,White Chief Canyon Trail,7.1,2230,Hard,36.44836,-118.59535
Shenandoah National Park,Virginia,South,Allen Hollow Trail,7.1,1286,Easy,38.4511,-78.48581
Shenandoah National Park,Virginia,South,Appalachian Trail and Pass Mountain Trail Loop,11.1,3061,Hard,38.65883,-78.32173
Shenandoah National Park,Virginia,South,Appalachian Trail: Beahms Gap to Elkwallow Wayside,10.1,1978,Moderate,38.69536,-78.32001
Shenandoah National Park,Virginia,South,Appalachian Trail: Compton Gap to Jenkins Gap,5.0,1253,Easy,38.82346,-78.17039
Shenandoah National Park,Virginia,South,Appalachian Trail: Elkwallow Wayside to Hogback Overlook,5.8,1233,Moderate,38.74113,-78.31201
Shenandoah National Park,Virginia,South,Appalachian Trail: Hogback Overlook to Jenkins Gap,7.2,1279,Moderate,38.75065,-78.2946
Shenandoah National Park,Virginia,South,Appalachian Trail: Jones Run Trail to Pinefield Gap,7.3,1364,Easy,38.24079,-78.70995
Shenandoah National Park,Virginia,South,Appalachian Trail: Lewis Mountain to Big Meadows,8.6,1479,Moderate,38.43705,-78.47817
Shenandoah National Park,Virginia,South,Appalachian Trail: Rockfish Gap to Chester Gap,99.8,22139,Hard,38.03422,-78.85888
Shenandoah National Park,Virginia,South,Appalachian Trail: Shenandoah National Park,128.3,26627,Hard,38.03431,-78.85878
Shenandoah National Park,Virginia,South,Appalachian Trail: Shendandoah Loft Mountain to Rockfish Gap,22.3,4593,Moderate,38.23997,-78.71084
Shenandoah National Park,Virginia,South,Appalachian Trail: Skyline Drive to Lewis Mountain,8.5,2188,Moderate,38.35792,-78.54655
Shenandoah National Park,Virginia,South,Appalachian Trail: Sloan Creek to Jenkins Gap,14.6,3454,Hard,38.87779,-78.15073
Shenandoah National Park,Virginia,South,Appalachian Trail: Swift Run Gap to Rockfish Gap,43.4,9360,Moderate,38.3564,-78.54514
Shenandoah National Park,Virginia,South,Austin Mountain Trail,7.7,2188,Moderate,38.25761,-78.77184
Shenandoah National Park,Virginia,South,Austin Mountain and Furnace Mountain Loop,11.2,3822,Hard,38.2404,-78.71069
Shenandoah National Park,Virginia,South,"Austin, Furnace and Trayfoot Mountain Loop",20.4,4940,Hard,38.22992,-78.72602
Shenandoah National Park,Virginia,South,Barking Dogs and Jarman Gap,15.2,2431,Moderate,38.09845,-78.81842
Shenandoah National Park,Virginia,South,Beagle Gap and Little Calf Mountain Loop via Jarman Gap,8.0,1955,Moderate,38.09785,-78.78103
Shenandoah National Park,Virginia,South,Bearfence Mountain Trail,1.0,242,Moderate,38.45239,-78.4669
Shenandoah National Park,Virginia,South,Beecher Ridge and Overall Run Loop via Appalachian Trail,11.0,2847,Hard,38.76133,-78.2822
Shenandoah National Park,Virginia,South,Berry Hollow to Old Rag Mountain Trail,5.1,1751,Moderate,38.54871,-78.33886
Shenandoah National Park,Virginia,South,Big Devil Stairs Trail,6.1,1627,Moderate,38.76778,-78.2336
Shenandoah National Park,Virginia,South,Big Flat Mountain Loop via Appalachian Trail,5.2,941,Easy,38.26272,-78.65992
Shenandoah National Park,Virginia,South,Big Meadows to Lewis Mountain Cabins via Appalachian Trail,7.5,1079,Hard,38.52914,-78.44112
Shenandoah National Park,Virginia,South,Big Run Trail,9.0,1551,Moderate,38.25432,-78.68287
Shenandoah National Park,Virginia,South,"Big Run, Doyles River, and Frazier Loop",16.8,4051,Moderate,38.26396,-78.65992
Shenandoah National Park,Virginia,South,Black Rock Summit via Browns Gap,5.6,728,Moderate,38.23992,-78.71084
Shenandoah National Park,Virginia,South,Blackrock Summit via Trayfoot Mountain and Appalachian Trail,1.1,180,Easy,38.22304,-78.73333
Shenandoah National Park,Virginia,South,Blackrock Trail,0.6,88,Easy,38.52959,-78.43958
Shenandoah National Park,Virginia,South,Blackrock and Trayfoot Mountains,3.0,767,Moderate,38.22281,-78.73332
Shenandoah National Park,Virginia,South,"Bluff Trail, Mount Marshall Trail, Appalachian Loop",13.5,2155,Moderate,38.80723,-78.18088
Shenandoah National Park,Virginia,South,Broad Hollow Trail Loop,8.2,2158,Moderate,38.59393,-78.27201
Shenandoah National Park,Virginia,South,Brown Rocky Mountain Trail,9.2,2198,Moderate,38.29259,-78.65797
Shenandoah National Park,Virginia,South,Browns Gap,4.5,1200,Expert,38.25753,-78.77153
Shenandoah National Park,Virginia,South,Browntown Trail,6.1,1581,Moderate,38.76778,-78.23354
Shenandoah National Park,Virginia,South,Buck Hollow Trail and Buck Ridge Trail Loop,5.6,1745,Moderate,38.63831,-78.31365
Shenandoah National Park,Virginia,South,Buck Ridge Trail To Mary's Rock Loop,8.8,2585,Moderate,38.65829,-78.28188
Shenandoah National Park,Virginia,South,Byrds Nest Summit and Byrds Nest Shelter No. 4 via Appalachian Trail,2.5,479,Moderate,38.69447,-78.31974
Shenandoah National Park,Virginia,South,Calf Mountain Trail,2.7,610,Easy,38.07332,-78.793
Shenandoah National Park,Virginia,South,Calvary and Chimney Rocks Trail,3.2,846,Easy,38.17774,-78.76515
Shenandoah National Park,Virginia,South,Camp Ridge Trail,1.4,216,Easy,38.61764,-78.3425
Shenandoah National Park,Virginia,South,Carson Mountain Fort Windham Rocks via Appalachian Trail,0.8,118,Easy,38.82363,-78.17055
Shenandoah National Park,Virginia,South,"Cat Knob, Bear Church Rocks, Staunton River Trail, Fork Mountain",11.3,2844,Moderate,38.46846,-78.45737
Shenandoah National Park,Virginia,South,Catlett Mountain,10.6,2106,Hard,38.57044,-78.2863
Shenandoah National Park,Virginia,South,Cave Falls via Hazel River and White Rocks Trail,6.5,1466,Moderate,38.61445,-78.25682
Shenandoah National Park,Virginia,South,Cedar Run Falls Trail,5.8,2247,Hard,38.55605,-78.3867
Shenandoah National Park,Virginia,South,Cedar Run Trail to Hawksbill to White Oak Trail Loop,12.5,3480,Hard,38.53977,-78.34763
Shenandoah National Park,Virginia,South,Cedar Run Trail to White Oak Fire Road Loop,7.4,2247,Moderate,38.55605,-78.38677
Shenandoah National Park,Virginia,South,"Cedar Run, White Oak, Old Rag, Weakley Hollow and Nicholson Hollow Trail",18.2,4770,Hard,38.53951,-78.34928
Shenandoah National Park,Virginia,South,Charlottesville Reservoir to Jarman Gap,8.0,1259,Easy,38.13949,-78.74988
Shenandoah National Park,Virginia,South,Compton Peak Summit via Appalachian Trail,1.9,593,Moderate,38.82325,-78.17043
Shenandoah National Park,Virginia,South,Compton Peak from Jenkins Gap via Appalachian Trail,3.3,761,Moderate,38.80698,-78.18111
Shenandoah National Park,Virginia,South,Conway River Trail,2.7,669,Moderate,38.46835,-78.45734
Shenandoah National Park,Virginia,South,Corbin Cabin Trail,2.9,1010,Moderate,38.61608,-78.35073
Shenandoah National Park,Virginia,South,Corbin Cabin and Nicholson Hollow Loop via Appalachian Trail and Indian Run Trail,16.9,3326,Hard,38.61578,-78.35072
Shenandoah National Park,Virginia,South,Corbin Cabin via Nicholson Hollow and Appalachian Trail Loop,4.2,1233,Moderate,38.61574,-78.35051
Shenandoah National Park,Virginia,South,Corbin Mountain Trail,10.9,2355,Moderate,38.57073,-78.28674
Shenandoah National Park,Virginia,South,Crescent Rock via Appalachian Trail,0.9,124,Moderate,38.55598,-78.38683
Shenandoah National Park,Virginia,South,Dark Hollow Falls Trail,1.4,564,Moderate,38.51971,-78.43083
Shenandoah National Park,Virginia,South,Dark Hollow via Appalachian Trail and Story of the Forest Trail,6.0,1479,Hard,38.53061,-78.43955
Shenandoah National Park,Virginia,South,Dickey Ridge Trail,18.0,3766,Moderate,38.9062,-78.19659
Shenandoah National Park,Virginia,South,Doyles River Falls Trail,3.4,1181,Moderate,38.25429,-78.68279
Shenandoah National Park,Virginia,South,Doyles River Loop via Appalachian Trail,8.3,1824,Moderate,38.25426,-78.68279
Shenandoah National Park,Virginia,South,East Branch Naked Creek Trail,5.7,1289,Moderate,38.47667,-78.48749
Shenandoah National Park,Virginia,South,"Elkwallow, Mathews Arm, and Knob Mountain Cutoff Trail",5.6,1030,Moderate,38.7598,-78.29722
Shenandoah National Park,Virginia,South,Fox Hollow Trail,1.2,223,Moderate,38.87183,-78.20354
Shenandoah National Park,Virginia,South,Fox Hollow to Dickey Ridge Loop,4.9,813,Easy,38.8715,-78.20531
Shenandoah National Park,Virginia,South,Furnace Mountain Jones and Doyles Rivers Loop,18.2,4324,Hard,38.25761,-78.7719
Shenandoah National Park,Virginia,South,Furnace Mountain Trail,7.7,2493,Moderate,38.25759,-78.77182
Shenandoah National Park,Virginia,South,Furnace Mountain Trail,6.5,1788,Moderate,38.22282,-78.73359
Shenandoah National Park,Virginia,South,Grave Mills Trail,4.3,419,Moderate,38.43698,-78.36642
Shenandoah National Park,Virginia,South,Hannah Run to Catlett Mountain Trail,4.5,1158,Moderate,38.62246,-78.32295
Shenandoah National Park,Virginia,South,Harris Cove Utz Gap Trail [PRIVATE PROPERTY],6.0,2129,Hard,38.48874,-78.51655
Shenandoah National Park,Virginia,South,Hawksbill Gap Loop via Appalachian Trail,2.6,751,Moderate,38.55647,-78.38683
Shenandoah National Park,Virginia,South,"Hawksbill Mountain, Franklin Cliffs, Big Meadows Horse Trail",9.0,1879,Moderate,38.55589,-78.38663
Shenandoah National Park,Virginia,South,Hawksbill Summit Trail,1.5,672,Moderate,38.55641,-78.3868
Shenandoah National Park,Virginia,South,Hawksbill via Appalachian Trail and Redgate Road,13.3,2568,Moderate,38.5534,-78.43439
Shenandoah National Park,Virginia,South,Hazel Falls and Caves,5.3,1023,Moderate,38.63832,-78.31371
Shenandoah National Park,Virginia,South,"Hazel Mountain, Sam's Ridge, White Rocks Loop",10.5,2470,Hard,38.6383,-78.31369
Shenandoah National Park,Virginia,South,Hazel River Trail,12.1,2795,Moderate,38.63783,-78.31406
Shenandoah National Park,Virginia,South,Hazeltop Summit via Appalachian Trail,1.9,564,Moderate,38.46847,-78.45742
Shenandoah National Park,Virginia,South,Hickerson Hollow Trail,2.8,652,Easy,38.83428,-78.18579
Shenandoah National Park,Virginia,South,Hightop Peak Loop via Appalachian Trail,8.5,2375,Moderate,38.35641,-78.54516
Shenandoah National Park,Virginia,South,Hightop Peak Trail,3.0,941,Moderate,38.34493,-78.5532
Shenandoah National Park,Virginia,South,Hightop Trail,3.3,938,Moderate,38.32836,-78.574
Shenandoah National Park,Virginia,South,Hull School Trail,4.0,1204,Moderate,38.6992,-78.32048
Shenandoah National Park,Virginia,South,Ivy Creek via Appalachian Trail,2.7,849,Easy,38.28487,-78.65889
Shenandoah National Park,Virginia,South,Jarman to Turk's Mountain Loop,9.6,2312,Moderate,38.09769,-78.78084
Shenandoah National Park,Virginia,South,Jeremy's Run Trail,11.7,2463,Moderate,38.73849,-78.3102
Shenandoah National Park,Virginia,South,Jones Mountain Trail to Cat Knob and Bear Church Rock,11.1,2982,Moderate,38.46838,-78.45722
Shenandoah National Park,Virginia,South,Jones Run Falls Trail,4.5,1269,Moderate,38.2299,-78.72597
Shenandoah National Park,Virginia,South,Knob Mountain Trail [CLOSED / PRIVATE PROPERTY],7.4,2165,Moderate,38.72195,-78.38725
Shenandoah National Park,Virginia,South,Lands Run Falls Trail,5.7,1466,Easy,38.83388,-78.18577
Shenandoah National Park,Virginia,South,Lands Run Falls to Hickerson Hollow via Appalachian Trail,8.7,2034,Moderate,38.86082,-78.16839
Shenandoah National Park,Virginia,South,"Laurel Prong, Rapidan Camp, Jones Mountain Trail via Appalachian Trail",7.2,1354,Moderate,38.50018,-78.44586
Shenandoah National Park,Virginia,South,Lewis Falls via Lewis Spring,1.8,639,Easy,38.51697,-78.442
Shenandoah National Park,Virginia,South,Lewis Mountain via Rockytop Trail,7.8,1893,Moderate,38.24084,-78.71121
Shenandoah National Park,Virginia,South,Lewis Spring Falls Trail,2.8,816,Moderate,38.53082,-78.43969
Shenandoah National Park,Virginia,South,Lewis Spring Trail,2.5,761,Moderate,38.53084,-78.43967
Shenandoah National Park,Virginia,South,Limberlost Trail,1.3,98,Easy,38.57993,-78.38128
Shenandoah National Park,Virginia,South,Little Devils Stairs Trail,5.3,1496,Moderate,38.73032,-78.25801
Shenandoah National Park,Virginia,South,Little Stony Man Loop via Appalachian Trail,3.4,866,Moderate,38.59308,-78.37563
Shenandoah National Park,Virginia,South,Little Stony Man to Stony Man Loop via Appalachian Trail,3.1,833,Moderate,38.60573,-78.36657
Shenandoah National Park,Virginia,South,Little Stony Man via Appalachian Trail,1.2,337,Moderate,38.60577,-78.36654
Shenandoah National Park,Virginia,South,Loft Mountain Campground via Jones Run Trail,10.9,3044,Moderate,38.22992,-78.72602
Shenandoah National Park,Virginia,South,Loft Mountain Loop via Appalachian Trail,1.8,488,Easy,38.2629,-78.66037
Shenandoah National Park,Virginia,South,Madison Run Road,10.1,1341,Moderate,38.25758,-78.77189
Shenandoah National Park,Virginia,South,Marshall Mountain Overlook,0.6,177,Easy,38.77508,-78.21082
Shenandoah National Park,Virginia,South,Mary's Rock via the Appalachian Trail (Southern Approach),2.4,754,Moderate,38.63775,-78.31438
Shenandoah National Park,Virginia,South,Marys Rock via Appalachian Trail (North Approach),3.4,1210,Moderate,38.65928,-78.3217
Shenandoah National Park,Virginia,South,Marys Rock via Pinnacle Picnic Grounds,6.6,1391,Moderate,38.62462,-78.34239
Shenandoah National Park,Virginia,South,Mathews Arm Overall Run Trail,8.9,2408,Hard,38.76417,-78.2936
Shenandoah National Park,Virginia,South,Milam Gap and Lewis Falls Loop,6.2,1089,Moderate,38.5002,-78.44566
Shenandoah National Park,Virginia,South,Mill Prong Trail,3.7,754,Moderate,38.50014,-78.44584
Shenandoah National Park,Virginia,South,Mill Prong to Rapidan Camp,3.7,731,Moderate,38.49965,-78.44582
Shenandoah National Park,Virginia,South,Millers Head Trail,1.6,357,Easy,38.59052,-78.38379
Shenandoah National Park,Virginia,South,Moormans River Overnight Loop via Appalachian Trail,17.1,3159,Hard,38.12911,-78.78466
Shenandoah National Park,Virginia,South,Mount Marshall Loop via Appalachian Trail,11.9,2125,Hard,38.80233,-78.17884
Shenandoah National Park,Virginia,South,Mount Marshall via the Appalacian Trail,9.7,1765,Moderate,38.80704,-78.18131
Shenandoah National Park,Virginia,South,Neighbor Mountain via Neighbor Mountain Trail,4.7,918,Moderate,38.70771,-78.33085
Shenandoah National Park,Virginia,South,Nicholson Hollow and Hannah Run Trail,7.9,1315,Moderate,38.57092,-78.28716
Shenandoah National Park,Virginia,South,Nicholson Hollow to Corbin Cabin,9.0,1292,Moderate,38.57087,-78.28738
Shenandoah National Park,Virginia,South,North Fork Moormans River,0.9,68,Easy,38.13943,-78.74966
Shenandoah National Park,Virginia,South,North Marshall Mountain,1.1,272,Easy,38.77507,-78.2108
Shenandoah National Park,Virginia,South,"Old Rag Fire Road, Weakley Hollow and Robertson Mountain Loop",10.1,2572,Hard,38.57997,-78.38125
Shenandoah National Park,Virginia,South,Old Rag Mountain Loop,8.6,2417,Hard,38.57052,-78.28729
Shenandoah National Park,Virginia,South,Old Rag Mountain via Weakley Hollow Fire Road,9.8,2421,Moderate,38.57112,-78.28772
Shenandoah National Park,Virginia,South,Overall Run Loop,8.7,2011,Hard,38.80185,-78.31483
Shenandoah National Park,Virginia,South,Overall Run and Beecher Ridge Trail,13.5,3169,Hard,38.73929,-78.30763
Shenandoah National Park,Virginia,South,Pass Mountain Loop,0.3,29,Easy,38.67523,-78.33433
Shenandoah National Park,Virginia,South,Passamaquoddy Trail,2.5,633,Easy,38.60566,-78.36637
Shenandoah National Park,Virginia,South,Pine Hill Gap Trail,6.7,1840,Moderate,38.59182,-78.27437
Shenandoah National Park,Virginia,South,"Pine Hill Gap, Nicholson Hollow, Corbin Hollow, Weakley Hollow Fire Road",15.4,3743,Hard,38.57105,-78.2865
Shenandoah National Park,Virginia,South,Piney Branch Trail,8.5,1643,Moderate,38.74966,-78.29423
Shenandoah National Park,Virginia,South,Piney Ridge Trail and Appalachian Trail Loop,11.0,2411,Moderate,38.74084,-78.31182
Shenandoah National Park,Virginia,South,Pocosin Hollow Loop,13.0,2814,Hard,38.43945,-78.47706
Shenandoah National Park,Virginia,South,Pocosin Trail,2.1,426,Easy,38.41381,-78.4893
Shenandoah National Park,Virginia,South,Powell Gap via Appalachian Trail,0.8,275,Moderate,38.32113,-78.59208
Shenandoah National Park,Virginia,South,Powell Mountain Trail,2.9,1272,Moderate,38.46693,-78.49989
Shenandoah National Park,Virginia,South,Rapidan Camp Rapidan River via Millprong,6.2,1069,Moderate,38.51639,-78.44008
Shenandoah National Park,Virginia,South,Riprap Trail,9.4,2066,Hard,38.17789,-78.76506
Shenandoah National Park,Virginia,South,Robertson Mountain Trail Loop,9.1,2483,Hard,38.57044,-78.28618
Shenandoah National Park,Virginia,South,Robertson Mountain via Weakley Hollow and Old Rag Fire Roads,9.7,2480,Hard,38.57098,-78.28712
Shenandoah National Park,Virginia,South,Rocky Branch Trail,2.9,807,Easy,38.68098,-78.34378
Shenandoah National Park,Virginia,South,Rocky Mount and Gap Run Trails,9.2,2585,Moderate,38.29919,-78.64664
Shenandoah National Park,Virginia,South,"Rockytop, Austin Mountain, Furnace Mountain, Blackrock",13.8,4261,Moderate,38.30655,-78.70374
Shenandoah National Park,Virginia,South,Rose River Fire Road,11.9,2286,Hard,38.51433,-78.36585
Shenandoah National Park,Virginia,South,Rose River Trail,3.5,843,Moderate,38.53317,-78.42117
Shenandoah National Park,Virginia,South,Rose River Trail to Lewis Falls Trail and Appalachian Trail,7.5,2129,Moderate,38.53095,-78.43987
Shenandoah National Park,Virginia,South,Rose River Trail to Story of the Forest Trail Loop,6.4,1522,Moderate,38.51872,-78.43578
Shenandoah National Park,Virginia,South,Rose River and Rapidan Road Loop,11.7,2162,Hard,38.51451,-78.36601
Shenandoah National Park,Virginia,South,Saddleback Mountain Loop via Appalachian Trail,5.9,1141,Moderate,38.35767,-78.54522
Shenandoah National Park,Virginia,South,Saddleback Mountain and Appalachian Trail Loop,3.8,649,Easy,38.38114,-78.51699
Shenandoah National Park,Virginia,South,"Sam's Ridge, Pine Hill Gap, and Hazel Mountain Loop",10.2,3195,Hard,38.6142,-78.25652
Shenandoah National Park,Virginia,South,"Sams Ridge, Hazel Mountain and Hannah Run Loop",14.0,3658,Hard,38.61369,-78.25655
Shenandoah National Park,Virginia,South,Sam’s Ridge and Catlett Spur,8.7,2362,Moderate,38.61394,-78.25653
Shenandoah National Park,Virginia,South,Shenandoah Bluff Trail,8.1,1122,Easy,38.76795,-78.23356
Shenandoah National Park,Virginia,South,Shenandoah National Park Loop,24.3,7158,Expert,38.53952,-78.34914
Shenandoah National Park,Virginia,South,Skyline Drive: Front Royal to Waynesboro,104.8,11837,Hard,38.9067,-78.20032
Shenandoah National Park,Virginia,South,Skyline Drive: Thornton Gap to Gooney Overlook,26.2,2332,Easy,38.6625,-78.32071
Shenandoah National Park,Virginia,South,Skyline Drive: Thornton Gap to Swift Run Gap,33.8,3792,Easy,38.65984,-78.32044
Shenandoah National Park,Virginia,South,Skyline Drive: Waynesboro to Front Royal,104.7,12040,Moderate,38.03281,-78.859
Shenandoah National Park,Virginia,South,Skyline to Old Rag Mountain Loop,15.2,4566,Expert,38.58585,-78.38254
Shenandoah National Park,Virginia,South,Snead Farm Dickey Ridge Loop Trail,3.4,524,Easy,38.87069,-78.20444
Shenandoah National Park,Virginia,South,Snead Farm via Dickey Ridge Trail Loop,11.7,2060,Moderate,38.90611,-78.19671
Shenandoah National Park,Virginia,South,South River Falls Trail,4.6,1272,Moderate,38.38115,-78.51698
Shenandoah National Park,Virginia,South,Staunton River Trail to Bear Church Rock,7.4,1889,Moderate,38.43715,-78.36715
Shenandoah National Park,Virginia,South,Stony Man via Appalachian Trail,1.5,321,Easy,38.59318,-78.37599
Shenandoah National Park,Virginia,South,Story of the Forest Trail,1.8,173,Easy,38.51877,-78.43605
Shenandoah National Park,Virginia,South,Sugarloaf Loop via Appalachian Trail,4.5,915,Easy,38.75135,-78.28917
Shenandoah National Park,Virginia,South,The Peak Trail,9.2,2660,Hard,38.80698,-78.1812
Shenandoah National Park,Virginia,South,Thornton River Loop,7.7,1781,Moderate,38.72328,-78.3208
Shenandoah National Park,Virginia,South,Thorton Gap and Buck Hollow Trail,12.1,3103,Moderate,38.65839,-78.28212
Shenandoah National Park,Virginia,South,Thorton Hollow via Appalachian Trail,11.4,2335,Moderate,38.73862,-78.3099
Shenandoah National Park,Virginia,South,Traces Trail,1.6,232,Easy,38.75986,-78.29706
Shenandoah National Park,Virginia,South,Trayfoot Mountain Trail,9.9,2299,Moderate,38.19973,-78.79442
Shenandoah National Park,Virginia,South,Turk Branch Trail,1.9,459,Easy,38.12536,-78.7864
Shenandoah National Park,Virginia,South,Turk Mountain Trail,2.5,702,Easy,38.12901,-78.78466
Shenandoah National Park,Virginia,South,Tuscarora-Overall Run Trail,7.4,2178,Hard,38.75957,-78.29664
Shenandoah National Park,Virginia,South,Upper Hawksbill Trail,2.2,488,Moderate,38.54389,-78.39337
Shenandoah National Park,Virginia,South,Weakley Hollow Road to Corbin Hollow to Nicholson Hollow Loop,11.2,2431,Moderate,38.57072,-78.28694
Shenandoah National Park,Virginia,South,West Branch Naked Creek Trail,7.4,1135,Moderate,38.48569,-78.50135
Shenandoah National Park,Virginia,South,White Oak Canyon Trail,9.5,2408,Hard,38.58589,-78.38277
Shenandoah National Park,Virginia,South,White Oak Canyon and Cedar Run Trails Loop,9.0,2372,Hard,38.53906,-78.34808
Shenandoah National Park,Virginia,South,White Rocks Trail,6.0,1906,Moderate,38.62958,-78.25163
Shenandoah National Park,Virginia,South,Wildcat Ridge Trail,6.0,1709,Moderate,38.15298,-78.77305
Theodore Roosevelt National Park,North Dakota,Central,Achenbach and North Achenbach Trail Loop,18.2,2358,Hard,47.59297,-103.33894
Theodore Roosevelt National Park,North Dakota,Central,Achenbach/Bison Trail Loop,13.6,1587,Hard,47.60303,-103.44291
Theodore Roosevelt National Park,North Dakota,Central,Boicourt Overlook Trail,0.8,62,Easy,46.95934,-103.40174
Theodore Roosevelt National Park,North Dakota,Central,Buck Hill Trail,0.4,55,Moderate,46.92654,-103.38951
Theodore Roosevelt National Park,North Dakota,Central,Buckhorn Trail,12.2,1066,Hard,47.60038,-103.26661
Theodore Roosevelt National Park,North Dakota,Central,Caprock Coulee Loop,3.8,524,Moderate,47.60986,-103.35601
Theodore Roosevelt National Park,North Dakota,Central,Coal Vein Trail,0.6,16,Easy,46.92453,-103.40212
Theodore Roosevelt National Park,North Dakota,Central,East River Road to Scenic Loop Drive,34.8,2887,Easy,46.9163,-103.52567
Theodore Roosevelt National Park,North Dakota,Central,Ekblom and Maah Daah Hey Trail,15.4,1210,Moderate,46.95908,-103.5029
Theodore Roosevelt National Park,North Dakota,Central,Jones Creek Trail,6.9,429,Moderate,46.96627,-103.48743
Theodore Roosevelt National Park,North Dakota,Central,Lone Tree Spring Trail,9.6,636,Moderate,46.95905,-103.50285
Theodore Roosevelt National Park,North Dakota,Central,Lower Paddock Creek Trail,7.2,419,Moderate,46.95256,-103.49513
Theodore Roosevelt National Park,North Dakota,Central,Maah Daah Hey Trail,142.3,15141,Hard,46.59833,-103.44511
Theodore Roosevelt National Park,North Dakota,Central,Old East Entrance Station Trail,0.9,26,Easy,46.91258,-103.42898
Theodore Roosevelt National Park,North Dakota,Central,Painted Canyon Nature Trail,1.1,259,Easy,46.8943,-103.38216
Theodore Roosevelt National Park,North Dakota,Central,Painted Canyon Trail,4.3,442,Moderate,46.89518,-103.37975
Theodore Roosevelt National Park,North Dakota,Central,Peaceful Valley Ranch Trails,1.9,9,Moderate,46.95896,-103.50433
Theodore Roosevelt National Park,North Dakota,Central,Petrified Forest Trail,10.2,833,Moderate,46.99627,-103.60466
Theodore Roosevelt National Park,North Dakota,Central,Ridgeline Nature Trail,0.7,111,Moderate,46.9219,-103.46307
Theodore Roosevelt National Park,North Dakota,Central,The Big Plateau Trail,5.8,511,Moderate,46.9591,-103.50294
Theodore Roosevelt National Park,North Dakota,Central,Upper Paddock Creek Trail,15.4,1174,Moderate,46.93194,-103.43163
Theodore Roosevelt National Park,North Dakota,Central,Upper Talkinton Loop Trail,10.0,830,Moderate,46.94,-103.38113
Theodore Roosevelt National Park,North Dakota,Central,Wind Canyon Trail,0.5,55,Easy,46.98863,-103.48513
Voyageurs National Park,Minnesota,Other,Beaver Pond Overlook Trail,0.3,6,Easy,48.42288,-92.84588
Voyageurs National Park,Minnesota,Other,Black Bay Beaver Pond Trail,1.2,75,Easy,48.59098,-93.15272
Voyageurs National Park,Minnesota,Other,Blind Ash Bay Trail,3.6,387,Moderate,48.43195,-92.85024
Voyageurs National Park,Minnesota,Other,Cruiser Lake to Brown Lake and Anderson Bay,8.7,738,Moderate,48.49997,-92.80636
Voyageurs National Park,Minnesota,Other,Kab-Ash Trail,15.2,1335,Easy,48.38966,-92.92133
Voyageurs National Park,Minnesota,Other,Kabetogama Lake Overlook Trail,0.4,59,Easy,48.43414,-92.85033
Voyageurs National Park,Minnesota,Other,Sullivan Bay Trail,1.3,91,Easy,48.42524,-92.84532
Wind Cave National Park,South Dakota,Central,Boland Ridge Trail,4.8,816,Moderate,43.59131,-103.38165
Wind Cave National Park,South Dakota,Central,Centennial Trail: Highway 87 to Highlander Rd,8.1,941,Moderate,43.58121,-103.48454
Wind Cave National Park,South Dakota,Central,Cold Brook Canyon Trail,2.8,200,Easy,43.53544,-103.49805
Wind Cave National Park,South Dakota,Central,East Bison Flats Trail,10.1,1463,Moderate,43.52178,-103.47746
Wind Cave National Park,South Dakota,Central,Elk Mountain Interpretive Trail,2.5,328,Easy,43.55863,-103.48666
Wind Cave National Park,South Dakota,Central,Highland Creek Trail to Centennial Trail Loop,13.6,1456,Hard,43.62242,-103.42118
Wind Cave National Park,South Dakota,Central,Lookout Point Trail and Centennial Trail Loop,5.2,515,Moderate,43.58144,-103.4837
Wind Cave National Park,South Dakota,Central,Prairie Vista Loop,1.0,104,Easy,43.55662,-103.47887
Wind Cave National Park,South Dakota,Central,Rankin Ridge Interpretive Trail,1.0,239,Moderate,43.62278,-103.48582
Wind Cave National Park,South Dakota,Central,Wind Cave Canyon Trail,3.8,213,Easy,43.55464,-103.4667
Wolf Trap National Park for the Performing Arts,Virginia,South,Wolf Trap Loop Trail,1.8,144,Easy,38.93672,-77.26292
Yellowstone National Park,Wyoming,Northwest,Agate Creek,12.8,2844,Hard,44.91214,-110.38741
Yellowstone National Park,Wyoming,Northwest,Agate Creek Trail,14.5,3008,Hard,44.91681,-110.40057
Yellowstone National Park,Wyoming,Northwest,Artist Point Trail,0.2,16,Easy,44.72022,-110.47974
Yellowstone National Park,Wyoming,Northwest,"Artist's Point, Lily Pad Lake, and Clear Lake Loop",3.3,324,Easy,44.71984,-110.48023
Yellowstone National Park,Wyoming,Northwest,Artists Paintpots Trail,1.0,101,Easy,44.69631,-110.74102
Yellowstone National Park,Wyoming,Northwest,Avalanche Peak Trail,4.6,2017,Hard,44.47151,-110.14258
Yellowstone National Park,Wyoming,Northwest,Back Basin Trail,2.6,121,Easy,44.72618,-110.70217
Yellowstone National Park,Montana,Northwest,Bacon Rind Creek Trail,4.3,203,Easy,44.95563,-111.07066
Yellowstone National Park,Montana,Northwest,Bannock Ski Trail,4.8,200,Easy,45.00448,-109.98758
Yellowstone National Park,Wyoming,Northwest,Barronette Ski Trail,7.7,377,Moderate,44.94402,-110.08313
Yellowstone National Park,Montana,Northwest,Beaver Ponds Loop Trail,5.5,764,Moderate,44.97375,-110.70442
Yellowstone National Park,Wyoming,Northwest,Bechler River Cutoff Trail,3.5,167,Moderate,44.14923,-111.04637
Yellowstone National Park,Wyoming,Northwest,Bechler River Trail: Lone Star Trailhead to Belcher Ranger Station,38.5,2096,Moderate,44.44449,-110.80458
Yellowstone National Park,Wyoming,Northwest,Bechler Short Loop Trail,7.9,219,Moderate,44.1493,-111.04691
Yellowstone National Park,Wyoming,Northwest,Beula Lake Trail,5.3,666,Moderate,44.12557,-110.78638
Yellowstone National Park,Wyoming,Northwest,Bighorn Pass Trail from Indian Creek Campground,19.2,2007,Moderate,44.88254,-110.73509
Yellowstone National Park,Wyoming,Northwest,Bighorn Pass Trail from US 191,19.8,2099,Moderate,44.92807,-111.04901
Yellowstone National Park,Wyoming,Northwest,Biscuit Basin Interpretive Trail,0.7,26,Easy,44.48496,-110.85223
Yellowstone National Park,Wyoming,Northwest,Biscuit Basin to Goose Lake via Little Firehole,16.3,1492,Moderate,44.48498,-110.85309
Yellowstone National Park,Montana,Northwest,Black Butte Trail to Big Horn Peak,11.9,3077,Hard,45.03412,-111.11367
Yellowstone National Park,Wyoming,Northwest,Black Canyon Trail,12.9,2106,Moderate,44.94903,-110.45043
Yellowstone National Park,Wyoming,Northwest,Black Canyon via Blacktail Deer Creek Trailhead [PRIVATE PROPERTY],12.4,1942,Moderate,44.95538,-110.5937
Yellowstone National Park,Wyoming,Northwest,Black Sand Basin Trail,0.5,9,Easy,44.46212,-110.85335
Yellowstone National Park,Wyoming,Northwest,Black Warrior Lake and Firehole Lake,0.4,9,Easy,44.54427,-110.78514
Yellowstone National Park,Wyoming,Northwest,Blacktail Deer Creek Trail,7.4,1246,Moderate,44.95555,-110.59363
Yellowstone National Park,Wyoming,Northwest,Bliss Pass via Slough Creek,18.8,4251,Hard,44.94353,-110.30791
Yellowstone National Park,Montana,Northwest,Boiling River Trail,1.2,75,Easy,44.99241,-110.69126
Yellowstone National Park,Wyoming,Northwest,Boundary Creek to Buffalo Lake Trail,33.6,2145,Moderate,44.14896,-111.0481
Yellowstone National Park,Wyoming,Northwest,"Boundary Creek, Bechler Meadows and Bechler River",29.3,1627,Hard,44.14939,-111.04614
Yellowstone National Park,Wyoming,Northwest,Brink of Lower Falls via North Rim Trail,2.3,482,Easy,44.72148,-110.48787
Yellowstone National Park,Wyoming,Northwest,Brink of the Lower Falls Trail,0.8,252,Moderate,44.71933,-110.49733
Yellowstone National Park,Wyoming,Northwest,Brink of the Upper Yellowstone Falls,0.3,36,Easy,44.71438,-110.50073
Yellowstone National Park,Wyoming,Northwest,Buffalo Plateau Trail,18.7,4169,Moderate,44.94902,-110.45044
Yellowstone National Park,Wyoming,Northwest,Bull Mountain Loop Trail,21.1,2985,Hard,44.949,-110.45075
Yellowstone National Park,Wyoming,Northwest,Bunsen Peak,4.4,1282,Moderate,44.93227,-110.72788
Yellowstone National Park,Wyoming,Northwest,Bunsen Peak Loop,10.0,2542,Moderate,44.93223,-110.72793
Yellowstone National Park,Wyoming,Northwest,Cache Creek Trail,37.6,0,Hard,44.86851,-110.17448
Yellowstone National Park,Wyoming,Northwest,Cache Lake Trail,11.8,1089,Moderate,44.93221,-110.72804
Yellowstone National Park,Wyoming,Northwest,Calcite Springs Overlook Trail,0.2,22,Easy,44.90176,-110.39314
Yellowstone National Park,Wyoming,Northwest,Canyon Rim North Trail to Inspiration Point,7.9,1148,Moderate,44.70805,-110.50114
Yellowstone National Park,Wyoming,Northwest,Canyon Rim South Trail to Artist Point,2.5,278,Easy,44.7154,-110.49653
Yellowstone National Park,Wyoming,Northwest,Canyon Rim South Trail to Point Sublime,6.4,793,Easy,44.70791,-110.50084
Yellowstone National Park,Wyoming,Northwest,Cascade Creek Trail to Terraced Falls,3.7,452,Moderate,44.12908,-110.84761
Yellowstone National Park,Wyoming,Northwest,Cascade Lake Trail,4.4,183,Moderate,44.75158,-110.4859
Yellowstone National Park,Wyoming,Northwest,Cascade Lake Trail to Observation Peak,9.3,1558,Moderate,44.75033,-110.49141
Yellowstone National Park,Wyoming,Northwest,Cave Falls to Bechler Falls,2.5,137,Easy,44.14487,-110.99756000000001
Yellowstone National Park,Wyoming,Northwest,Chain of Lakes,10.7,688,Moderate,44.71689,-110.63401
Yellowstone National Park,Wyoming,Northwest,Chittenden Road to Mount Washburn,5.6,1482,Moderate,44.824510000000004,-110.44468
Yellowstone National Park,Wyoming,Northwest,Clagett Butte - Snow Pass Loop,4.7,1246,Moderate,44.97374,-110.70439
Yellowstone National Park,Wyoming,Northwest,Clark's Fork Canyon West End Trail,5.7,518,Easy,44.88282,-109.65128
Yellowstone National Park,Wyoming,Northwest,Clear Lake Artist's Point Loop Trail,3.4,383,Easy,44.71557,-110.49575
Yellowstone National Park,Wyoming,Northwest,Clear Lake Artist's Point Loop via Wapiti Lake Trailhead,4.6,400,Easy,44.70785,-110.50075
Yellowstone National Park,Wyoming,Northwest,Coyote Creek Trail,13.9,2332,Moderate,44.94907,-110.45044
Yellowstone National Park,Wyoming,Northwest,Crevice Lake Trail,9.1,1574,Moderate,44.95544,-110.59361
Yellowstone National Park,Wyoming,Northwest,Cygnet Lakes Trail,8.2,387,Moderate,44.70594,-110.57314
Yellowstone National Park,Montana,Northwest,Daly Creek Trail,10.9,1778,Moderate,45.04854,-111.1395
Yellowstone National Park,Montana,Northwest,Daly Creek to Crescent Lake,28.7,7841,Hard,45.04859,-111.13917000000001
Yellowstone National Park,Montana,Northwest,Daly Creek to Shelf Lake,32.5,8425,Moderate,45.04853,-111.13925
Yellowstone National Park,Wyoming,Northwest,Delacy Creek Trail to Shoshone Lake,28.3,2736,Hard,44.44681,-110.70158
Yellowstone National Park,Wyoming,Northwest,Divide Mountain Trail,3.4,702,Moderate,44.43476,-110.73487
Yellowstone National Park,Wyoming,Northwest,Douglas Knob to Old Faithful,12.2,843,Moderate,44.32096,-110.8522
Yellowstone National Park,Wyoming,Northwest,Duck Lake Trail,0.9,154,Moderate,44.41623,-110.57513
Yellowstone National Park,Wyoming,Northwest,Dunanda Falls and Silver Scarf Falls Trail,17.0,826,Moderate,44.14865,-111.04654
Yellowstone National Park,Wyoming,Northwest,Dunanda Falls to Three Rivers Junction,14.7,1617,Moderate,44.23386,-111.01726
Yellowstone National Park,Wyoming,Northwest,Dunraven Pass to Mount Washburn,6.8,1394,Hard,44.78482,-110.45348
Yellowstone National Park,Wyoming,Northwest,Eagle Peak,33.2,5866,Hard,44.47158,-109.88846
Yellowstone National Park,Wyoming,Northwest,East Entrance to Fishing Bridge Drive,25.0,3083,Moderate,44.48903,-110.00476
Yellowstone National Park,Wyoming,Northwest,East Shore Yellowstone Lake and Heart Lake to South Entrance,58.8,3179,Hard,44.50543,-110.27566
Yellowstone National Park,Wyoming,Northwest,Eleanor Lake Trail,0.4,9,Easy,44.4704,-110.1427
Yellowstone National Park,Wyoming,Northwest,Electric Peak,20.3,5282,Hard,44.97359,-110.70451
Yellowstone National Park,Wyoming,Northwest,Electric Peak Trail,18.3,4120,Expert,44.9322,-110.72797
Yellowstone National Park,Wyoming,Northwest,Elephant Back Mountain Trail,3.6,793,Moderate,44.55638,-110.40305
Yellowstone National Park,Wyoming,Northwest,Fairy Creek Trail to Imperial Geyser,6.5,387,Easy,44.51478,-110.83235
Yellowstone National Park,Wyoming,Northwest,Fairy Falls,4.9,216,Easy,44.51599,-110.83268
Yellowstone National Park,Wyoming,Northwest,Fairy Falls Lollipop Trail,8.6,242,Moderate,44.56715,-110.8352
Yellowstone National Park,Wyoming,Northwest,Fairy Falls and Imperial Geyser Loop,8.8,351,Moderate,44.51543,-110.8325
Yellowstone National Park,Wyoming,Northwest,Falls River Basin Trail,15.7,787,Moderate,44.14954,-111.04579
Yellowstone National Park,Montana,Northwest,Fan Creek Trail,12.2,892,Easy,44.95078,-111.05892
Yellowstone National Park,Wyoming,Northwest,Fawn Lake via Fawn Pass Trail,10.8,1118,Moderate,44.93217,-110.72791
Yellowstone National Park,Wyoming,Northwest,Fawn Pass Trail,20.3,2506,Hard,44.95067,-111.05895
Yellowstone National Park,Montana,Northwest,Fawn Pass to Fan Creek Trail,15.9,1233,Moderate,44.95087,-111.05879
Yellowstone National Park,Wyoming,Northwest,Fern Lake Loop Trail,25.4,1459,Hard,44.55998,-110.31842
Yellowstone National Park,Wyoming,Northwest,Firehole Falls via Little Firehole Trail,10.1,1437,Moderate,44.48502,-110.85241
Yellowstone National Park,Wyoming,Northwest,Firehole Lake Drive,3.3,154,Easy,44.53535,-110.81771
Yellowstone National Park,Wyoming,Northwest,Firehole River Swimming Area,0.1,3,Easy,44.61829,-110.86008
Yellowstone National Park,Wyoming,Northwest,Firehole River Trail,0.9,9,Easy,44.52965,-110.83632
Yellowstone National Park,Wyoming,Northwest,Fishing Bridge to West Thumb Scenic Drive,20.3,1092,Easy,44.56789,-110.38482
Yellowstone National Park,Wyoming,Northwest,Five Senses Trail to Octopus Spring and Five Sisters Spring [CLOSED],0.7,22,Easy,44.53625,-110.79927
Yellowstone National Park,Wyoming,Northwest,Fountain Flat Drive,4.3,314,Easy,44.56722,-110.83514
Yellowstone National Park,Wyoming,Northwest,Fountain Paint Pot Trail,0.6,22,Easy,44.5484,-110.80725
Yellowstone National Park,Wyoming,Northwest,Garnet Hill Loop Trail,8.7,754,Moderate,44.91588,-110.41665
Yellowstone National Park,Wyoming,Northwest,Geyser Hill Loop Trail and Observation Point,2.5,285,Easy,44.45954,-110.82634
Yellowstone National Park,Wyoming,Northwest,Gibbon Falls,0.5,55,Easy,44.65227,-110.7716
Yellowstone National Park,Wyoming,Northwest,Gneiss Creek Trail,13.9,692,Moderate,44.79619,-111.10323
Yellowstone National Park,Wyoming,Northwest,Grand Prismatic Hot Spring,1.6,200,Easy,44.51531,-110.8326
Yellowstone National Park,Wyoming,Northwest,Grebe Lake Trail,6.5,157,Easy,44.71791,-110.5497
Yellowstone National Park,Wyoming,Northwest,Grebe Lake via Cascade Creek Trail,9.8,636,Moderate,44.7352,-110.50336
Yellowstone National Park,Wyoming,Northwest,Grizzly Lake Trail,7.9,1128,Moderate,44.79896,-110.74525
Yellowstone National Park,Wyoming,Northwest,Harlequin Lake Trail,1.0,137,Easy,44.64025,-110.88732
Yellowstone National Park,Wyoming,Northwest,Hayden Valley Trail,13.6,1072,Hard,44.56523,-110.37464
Yellowstone National Park,Wyoming,Northwest,Hayden’s Valley Loop,21.3,1184,Moderate,44.56153,-110.31591
Yellowstone National Park,Wyoming,Northwest,Heart Lake Loop Trail,32.0,2427,Moderate,44.31735,-110.59824
Yellowstone National Park,Wyoming,Northwest,Heart Lake Trail,14.9,1427,Moderate,44.31711,-110.59861
Yellowstone National Park,Wyoming,Northwest,Heart Lake and Creek Trail,40.2,3382,Moderate,44.3172,-110.59868
Yellowstone National Park,Wyoming,Northwest,Heart Lake and Two Ocean Plateau Loop,68.7,8605,Expert,44.31756,-110.59805
Yellowstone National Park,Wyoming,Northwest,Heart Lake and the Snake River Trails,24.0,1384,Hard,44.31743,-110.59815
Yellowstone National Park,Wyoming,Northwest,Heart Lake and the Two Ocean Plateau Loop Trail,59.8,5580,Hard,44.31735,-110.59824
Yellowstone National Park,Wyoming,Northwest,Heart Lake to South Entrance Trail via Thorofare Trail,60.8,3238,Hard,44.50552,-110.27561
Yellowstone National Park,Montana,Northwest,Hellroaring Creek Loop Trail,47.2,6686,Moderate,44.94903,-110.45049
Yellowstone National Park,Wyoming,Northwest,Hellroaring Creek to Yellowstone River,2.1,626,Moderate,44.94897,-110.45107
Yellowstone National Park,Wyoming,Northwest,Howard Eaton Trail,13.4,1069,Moderate,44.56686,-110.37337
Yellowstone National Park,Wyoming,Northwest,Howard Eaton/Lone Star Trail,5.6,551,Moderate,44.45363,-110.82961
Yellowstone National Park,Wyoming,Northwest,Ice Lake and Little Gibbon Falls Loop,3.7,272,Easy,44.71277,-110.627
Yellowstone National Park,Wyoming,Northwest,Lamar River Stock Cutoff Trail,1.8,72,Easy,44.86859,-110.17452
Yellowstone National Park,Wyoming,Northwest,Lamar River Trail,32.9,3605,Moderate,44.86912,-110.16671
Yellowstone National Park,Wyoming,Northwest,Lamar Valley Trail,7.1,698,Moderate,44.86919,-110.16695
Yellowstone National Park,Wyoming,Northwest,Lava Creek Canyon Trail to Undine Falls,8.3,1164,Moderate,44.97817,-110.69364
Yellowstone National Park,Wyoming,Northwest,Lava Creek to Suspension Bridge,9.2,1230,Moderate,44.94085,-110.6321
Yellowstone National Park,Wyoming,Northwest,Lewis Lake Campground,1.1,65,Easy,44.28293,-110.62774
Yellowstone National Park,Wyoming,Northwest,Lewis Lake Trail,8.2,357,Moderate,44.32004,-110.59952
Yellowstone National Park,Wyoming,Northwest,Lewis River Channel Loop,10.9,567,Moderate,44.31995,-110.59948
Yellowstone National Park,Wyoming,Northwest,Lily Pad Lake via Artist's Point,2.0,282,Easy,44.71969,-110.4803
Yellowstone National Park,Wyoming,Northwest,Lone Star Geyser Trail,5.3,121,Easy,44.44448,-110.8046
Yellowstone National Park,Wyoming,Northwest,Lost Lake Loop Trail,3.0,669,Easy,44.91265,-110.41669
Yellowstone National Park,Wyoming,Northwest,Madison Junction to Norris Drive,13.3,1036,Moderate,44.6454,-110.85848
Yellowstone National Park,Wyoming,Northwest,Madison River West Entrance Road,8.1,88,Moderate,44.6614,-110.9622
Yellowstone National Park,Wyoming,Northwest,Mallard Lake Trail,7.3,892,Moderate,44.45828,-110.82592
Yellowstone National Park,Wyoming,Northwest,Mammoth Hot Springs Area Trail,3.5,561,Easy,44.974,-110.70419
Yellowstone National Park,Montana,Northwest,Mammoth Hot Springs Terraces,1.2,278,Easy,44.97263,-110.70404
Yellowstone National Park,Wyoming,Northwest,Mary Mountain-Nez Perce Trail,20.0,1433,Hard,44.56985,-110.81633
Yellowstone National Park,Wyoming,Northwest,Mary Mountain-Nez Pierce Trail,19.5,1043,Moderate,44.68354,-110.49365
Yellowstone National Park,Wyoming,Northwest,Midway Geyser Basin Trail,0.8,55,Easy,44.52844,-110.8362
Yellowstone National Park,Wyoming,Northwest,Mist Creek Pass Trail,33.7,2919,Hard,44.56,-110.31844
Yellowstone National Park,Wyoming,Northwest,Monument Geyser Basin Trail,2.3,675,Moderate,44.68367,-110.74457
Yellowstone National Park,Wyoming,Northwest,Mount Holmes Trail,21.3,3464,Expert,44.8382,-110.73258
Yellowstone National Park,Wyoming,Northwest,Mount Sheridan Trail,22.4,4242,Expert,44.31741,-110.59824
Yellowstone National Park,Wyoming,Northwest,Mud Volcano Trail,0.7,114,Easy,44.62415,-110.43302
Yellowstone National Park,Wyoming,Northwest,Mystic Falls,2.4,147,Easy,44.48531,-110.85227
Yellowstone National Park,Wyoming,Northwest,Mystic Falls - Geyser Basin Loop,8.9,928,Moderate,44.48557,-110.85224
Yellowstone National Park,Wyoming,Northwest,Mystic Falls to Ferry Creek Loop,16.9,1755,Hard,44.50703,-110.83344
Yellowstone National Park,Wyoming,Northwest,"Mystic Falls, Fairy Creek and Little Firehole Loop",3.5,606,Moderate,44.48515,-110.85207
Yellowstone National Park,Wyoming,Northwest,Norris Campground to Norris Basin Loop,3.6,249,Moderate,44.73719,-110.6978
Yellowstone National Park,Wyoming,Northwest,Norris Geyser Basin,1.7,137,Easy,44.72626,-110.70146
Yellowstone National Park,Wyoming,Northwest,Norris Geyser Basin Complete Loop Trail,2.7,180,Easy,44.726,-110.7015
Yellowstone National Park,Wyoming,Northwest,Old Faithful Geyser Loop Trail,0.7,16,Easy,44.45952,-110.82641
Yellowstone National Park,Wyoming,Northwest,Old Faithful to Madison Junction,16.8,282,Easy,44.45639,-110.83385
Yellowstone National Park,Wyoming,Northwest,Old Marysville Road,11.5,1564,Moderate,44.13191,-110.81937
Yellowstone National Park,Wyoming,Northwest,Osprey Falls,8.5,1263,Moderate,44.93215,-110.72805
Yellowstone National Park,Wyoming,Northwest,Osprey Falls Trail,7.4,1811,Moderate,44.95621,-110.7017
Yellowstone National Park,Wyoming,Northwest,Palette Spring via Mammoth Terraces,0.3,19,Easy,44.9738,-110.70431
Yellowstone National Park,Wyoming,Northwest,Pebble Creek Trail To Bliss Pass,25.9,5830,Hard,44.91591,-110.10925
Yellowstone National Park,Montana,Northwest,Pebble Creek Trail via Northeast Trailhead,11.8,1213,Moderate,45.00535,-110.03436
Yellowstone National Park,Wyoming,Northwest,Pelican Cone Trail,22.4,2352,Hard,44.55959,-110.31793
Yellowstone National Park,Wyoming,Northwest,Pelican Creek Loop Trail,31.4,1971,Moderate,44.56014,-110.31741
Yellowstone National Park,Wyoming,Northwest,Pelican Creek Nature Trail,0.7,16,Easy,44.56017,-110.36061
Yellowstone National Park,Wyoming,Northwest,Pelican Valley Trail,15.7,1420,Moderate,44.55984,-110.31872
Yellowstone National Park,Wyoming,Northwest,Petrified Forest Trail,3.5,1755,Hard,44.91182,-110.32773
Yellowstone National Park,Wyoming,Northwest,Petrified Tree Trail,0.1,19,Easy,44.91556,-110.43848
Yellowstone National Park,Wyoming,Northwest,Pitchstone Plateau Trail,18.1,2250,Moderate,44.13147,-110.82062
Yellowstone National Park,Wyoming,Northwest,Pitchstone Plateau to Union Falls to Grassy Lake Reservoir,30.9,3438,Expert,44.24325,-110.64719
Yellowstone National Park,Wyoming,Northwest,Point Sublime Trail,2.7,341,Easy,44.72018,-110.47974
Yellowstone National Park,Wyoming,Northwest,Porcelain Basin Trail,0.9,118,Easy,44.72606,-110.70195
Yellowstone National Park,Wyoming,Northwest,Purple Mountain Trail,6.5,2129,Moderate,44.64644,-110.85511
Yellowstone National Park,Wyoming,Northwest,Red Rock Point via Red Point Trail,0.6,262,Easy,44.72143,-110.48791
Yellowstone National Park,Wyoming,Northwest,Rescue Creek Trail,16.0,2178,Moderate,44.95541,-110.59359
Yellowstone National Park,Montana,Northwest,Rescue Creek Trail to Turkey Pen Peak (Gardner Side),6.7,1732,Moderate,45.01779,-110.69363
Yellowstone National Park,Wyoming,Northwest,Ribbon Lake Trail,4.1,577,Easy,44.71981,-110.48014
Yellowstone National Park,Wyoming,Northwest,Riddle Lake Trail,4.7,137,Easy,44.35837,-110.58205
Yellowstone National Park,Montana,Northwest,Riverside Ski Trail Loop,7.7,183,Easy,44.66029,-111.09739
Yellowstone National Park,Wyoming,Northwest,Robinson Creek Trail To Robinson Lake,4.7,157,Easy,44.14984,-111.04558
Yellowstone National Park,Wyoming,Northwest,Sentinel Meadows Trail,3.5,150,Moderate,44.5672,-110.83514
Yellowstone National Park,Wyoming,Northwest,Sentinel Meadows and Fairy Falls Loop,10.5,295,Moderate,44.56722,-110.83514
Yellowstone National Park,Wyoming,Northwest,Sentinel Meadows to Queen's Laundry,4.7,150,Moderate,44.56764,-110.83503
Yellowstone National Park,Wyoming,Northwest,Sepulcher Mountain Trail,11.2,3517,Hard,44.97375,-110.70439
Yellowstone National Park,Wyoming,Northwest,Seven Mile Hole Trail,9.7,2043,Hard,44.72974,-110.47315
Yellowstone National Park,Wyoming,Northwest,Seven Mile Hole to Mount Washburn Spur,11.1,2877,Moderate,44.72957,-110.47261
Yellowstone National Park,Montana,Northwest,Sheepeater Cliff Trail,0.9,36,Easy,44.89123,-110.72976
Yellowstone National Park,Wyoming,Northwest,Shoshone Lake Via Canoe,29.8,278,Moderate,44.28265,-110.6287
Yellowstone National Park,Wyoming,Northwest,Shoshone Lake Via Delacy Creek Trail,6.3,291,Easy,44.44681,-110.70121
Yellowstone National Park,Montana,Northwest,Sky Rim Loop Trail,18.0,4652,Moderate,45.04845,-111.13984
Yellowstone National Park,Wyoming,Northwest,Slough Creek Trail,20.2,1505,Moderate,44.94358,-110.30819
Yellowstone National Park,Wyoming,Northwest,Snake River South Boundary Loop,27.5,1902,Moderate,44.13698,-110.66593
Yellowstone National Park,Wyoming,Northwest,Solfatara Creek Trail,13.0,1115,Moderate,44.80661,-110.73477
Yellowstone National Park,Wyoming,Northwest,Solitary Geyser,1.6,164,Moderate,44.45921,-110.82631
Yellowstone National Park,Wyoming,Northwest,Sour Creek Trail,5.1,367,Moderate,44.70773,-110.50004
Yellowstone National Park,Wyoming,Northwest,South Rim to Ribbon Lake Loop Trail,7.9,718,Easy,44.71876,-110.48242
Yellowstone National Park,Montana,Northwest,Specimen Creek Trail,15.5,2322,Moderate,45.01264,-111.08058
Yellowstone National Park,Wyoming,Northwest,Specimen Ridge Trail,16.9,3861,Hard,44.91234,-110.38736
Yellowstone National Park,Wyoming,Northwest,Specimen Ridge and Amethyst Mountain Trails,8.0,1637,Moderate,44.9124,-110.38709
Yellowstone National Park,Montana,Northwest,Sportsman Lake Crescent High Lake Trail Loop,21.4,2906,Hard,45.01261,-111.08065
Yellowstone National Park,Wyoming,Northwest,Sportsman Lake Trail,24.0,3723,Hard,44.93216,-110.72813
Yellowstone National Park,Wyoming,Northwest,Storm Point Loop,2.3,82,Easy,44.55948,-110.32776
Yellowstone National Park,Wyoming,Northwest,Summit Lake Trail,34.2,2522,Hard,44.4849,-110.85205
Yellowstone National Park,Wyoming,Northwest,Tern Lake Trail,28.5,1427,Moderate,44.55966,-110.31833
Yellowstone National Park,Wyoming,Northwest,Terrace Mountain Trail,6.7,862,Moderate,44.93221,-110.72802
Yellowstone National Park,Wyoming,Northwest,The Gallatin Skyline Trail,41.0,9166,Expert,44.93218,-110.72822
Yellowstone National Park,Wyoming,Northwest,The Hoodoos,5.4,813,Moderate,44.93225,-110.72812
Yellowstone National Park,Wyoming,Northwest,The Thorofare and South Boundary Trail,67.5,5754,Expert,44.50569,-110.27554
Yellowstone National Park,Wyoming,Northwest,Three Rivers Junction to Douglas Knob,5.5,1305,Moderate,44.28702,-110.89878
Yellowstone National Park,Wyoming,Northwest,Thunderer Cutoff Trail,9.8,3172,Hard,44.92177,-110.09519
Yellowstone National Park,Wyoming,Northwest,Tower Creek Trail,6.9,600,Moderate,44.8896,-110.39146
Yellowstone National Park,Wyoming,Northwest,Tower Falls Trail,0.9,252,Easy,44.89205,-110.3867
Yellowstone National Park,Wyoming,Northwest,Tower-Roosevelt to Canyon Village Drive,17.6,3172,Moderate,44.91601,-110.41562
Yellowstone National Park,Wyoming,Northwest,Trilobite Lake,15.7,1889,Hard,44.83836,-110.73283
Yellowstone National Park,Wyoming,Northwest,Trout Lake Loop,1.2,200,Easy,44.89911,-110.12296
Yellowstone National Park,Wyoming,Northwest,Turbid Lake Trail,13.1,1108,Moderate,44.50636,-110.27592
Yellowstone National Park,Wyoming,Northwest,Two Ocean Loop Trail,49.5,3402,Moderate,44.29706,-110.23416
Yellowstone National Park,Wyoming,Northwest,Uncle Tom's Trail [CLOSED],0.6,383,Easy,44.71522,-110.49621
Yellowstone National Park,Wyoming,Northwest,Union Falls Trail,15.4,1938,Hard,44.13139,-110.8205
Yellowstone National Park,Wyoming,Northwest,"Upper Falls, Lower Falls and Crystal Falls Trail",3.8,462,Moderate,44.70805,-110.50117
Yellowstone National Park,Wyoming,Northwest,Upper Geyser Basin and Old Faithful Observation Point Loop,4.5,242,Easy,44.46011,-110.83002
Yellowstone National Park,Wyoming,Northwest,Upper and Lower Undine Falls,1.6,259,Easy,44.94085,-110.6321
Yellowstone National Park,Wyoming,Northwest,Wapiti Lake Trail,31.3,3106,Hard,44.70793,-110.50053
Yellowstone National Park,Wyoming,Northwest,West Thumb Geyser Basin Trail,1.0,59,Easy,44.41557,-110.57378
Yellowstone National Park,Wyoming,Northwest,West Yellowstone to Jackson Scenic Drive,124.4,7788,Easy,44.65882,-111.09744
Yellowstone National Park,Wyoming,Northwest,Wolf Lake Trail,6.9,748,Easy,44.71279,-110.62718
Yellowstone National Park,Wyoming,Northwest,Wraith Falls,0.8,59,Easy,44.94241,-110.62349
Yellowstone National Park,Wyoming,Northwest,Wrangler Lake Trail,8.0,515,Moderate,44.70766,-110.50035
Yellowstone National Park,Wyoming,Northwest,Yellowstone Lake East Shore to 6D1 Trail,27.0,1174,Hard,44.50569,-110.27556
Yellowstone National Park,Wyoming,Northwest,Yellowstone Lake Overlook Trail,1.7,200,Moderate,44.41565,-110.57497
Yellowstone National Park,Wyoming,Northwest,Yellowstone Lake to Heart Lake Trail,49.4,2995,Hard,44.50589,-110.27583
Yellowstone National Park,Wyoming,Northwest,Yellowstone Lake to Old Faithful via Southern Boundary,145.4,11076,Hard,44.50569,-110.27556
Yellowstone National Park,Wyoming,Northwest,Yellowstone Natural Bridge Trail,2.9,127,Moderate,44.53333,-110.43837
Yellowstone National Park,Wyoming,Northwest,Yellowstone Observation Point,1.5,262,Moderate,44.45925,-110.82629
Yellowstone National Park,Wyoming,Northwest,Yellowstone River Overlook Trail,4.6,639,Easy,44.92215,-110.40052
Yellowstone National Park,Wyoming,Northwest,Yellowstone River Overlook Trail via Yellowstone Picnic Ground Trailhead,3.2,472,Easy,44.91681,-110.40055
Yellowstone National Park,Wyoming,Northwest,Yellowstone River Picnic Area Loop Trail,3.9,456,Easy,44.91683,-110.40025
Yellowstone National Park,Wyoming,Northwest,Yellowstone River Trail,17.1,1948,Hard,44.94884,-110.45101
Yosemite National Park,California,West,Alder Creek Loop Trail,15.8,2375,Moderate,37.57543,-119.68064
Yosemite National Park,California,West,Alger Lakes via Mono Pass and Parker Pass Trails,22.5,5013,Hard,37.89104,-119.2629
Yosemite National Park,California,West,Artist Point Trail,2.3,741,Moderate,37.71508,-119.67698
Yosemite National Park,California,West,Aspen Valley Trail,13.0,3858,Hard,37.8841,-119.85089
Yosemite National Park,California,West,Badger Pass to Glacier Point Trail,21.7,2483,Hard,37.66476,-119.6634
Yosemite National Park,California,West,Beehive Meadow Trail,10.1,2814,Moderate,37.94667,-119.78729
Yosemite National Park,California,West,Benson Pass - Northeast Yosemite Grand Tour,53.9,10974,Hard,37.8789,-119.35881
Yosemite National Park,California,West,Big Oak Flat Road to Tuloumne Meadows,52.2,16919,Expert,37.71447,-119.73634
Yosemite National Park,California,West,Bridalveil Creek Campground to Ostrander Lake Loop,21.6,3687,Moderate,37.66364,-119.62455
Yosemite National Park,California,West,Bridalveil Creek Loop Trail,6.2,308,Moderate,37.66194,-119.61941
Yosemite National Park,California,West,Bridalveil Fall Trail,0.5,82,Easy,37.71658,-119.65118
Yosemite National Park,California,West,Bridalveil Falls from Southside Drive,0.7,134,Easy,37.72039,-119.64861
Yosemite National Park,California,West,Buena Vista Crest Trail to Royal Arch Lake,30.0,4074,Moderate,37.670230000000004,-119.62811
Yosemite National Park,California,West,"Buena Vista, Royal Arch, and Crescent Lakes Loop",26.5,5898,Hard,37.54839,-119.634
Yosemite National Park,California,West,Cascade Creek from Tamarack Campground Trail,4.4,777,Moderate,37.75213,-119.73697
Yosemite National Park,California,West,Cathedral Lakes Trail,8.6,1551,Moderate,37.87338,-119.38261
Yosemite National Park,California,West,Cathedral Lakes Trailhead to Yosemite Valley via Half Dome,32.9,6099,Hard,37.87204,-119.38362
Yosemite National Park,California,West,Cathedral Lakes to Clouds Rest,22.9,3608,Hard,37.87197,-119.38366
Yosemite National Park,California,West,Cathedral Peak: Climber's Approach,5.8,1896,Hard,37.87346,-119.38225
Yosemite National Park,California,West,Cathedral Peak: Southeast Buttress,32.9,14967,Moderate,37.873310000000004,-119.38263
Yosemite National Park,California,West,Chain Lakes Trail from Clark Range Trailhead,10.5,1722,Moderate,37.531,-119.44762
Yosemite National Park,California,West,Chilnualna Falls Extended Loop,13.8,3976,Hard,37.54838,-119.63401
Yosemite National Park,California,West,Chilnualna Falls Trail,7.9,2188,Moderate,37.54839,-119.634
Yosemite National Park,California,West,Clark Range Circuit,43.9,8546,Hard,37.53083,-119.44723
Yosemite National Park,California,West,Clark Range Viewpoint,2.9,219,Moderate,37.74499,-119.80146
Yosemite National Park,California,West,Clouds Rest Loop,18.8,4973,Hard,37.82578,-119.46992
Yosemite National Park,California,West,Clouds Rest Trail from Yosemite Valley,18.0,6302,Hard,37.73467,-119.56635
Yosemite National Park,California,West,Clouds Rest Trail via Tenaya Lake,12.3,3113,Hard,37.82585,-119.47046
Yosemite National Park,California,West,Columbia Rock Trail,1.3,948,Moderate,37.74208,-119.60195
Yosemite National Park,California,West,Crane Flat Lookout Trail,2.8,367,Easy,37.74759,-119.80408
Yosemite National Park,California,West,Crescent Lake from Chilnualna Falls Trailhead,18.7,4599,Hard,37.548,-119.63454
Yosemite National Park,California,West,Crescent Lake to Buena Vista Lake,5.2,1151,Moderate,37.56612,-119.53262
Yosemite National Park,California,West,Dewey Point Trail,7.5,1007,Moderate,37.66167,-119.66137
Yosemite National Park,California,West,Dewey Point Trail,4.7,508,Moderate,37.67445,-119.65124
Yosemite National Park,California,West,Dewey Point via McGurk Meadow Trail,7.5,1269,Moderate,37.67062,-119.6279
Yosemite National Park,California,West,"Dewey, Crocker, and Stanford Point via the Pohono Trail",9.3,1925,Moderate,37.67052,-119.62793
Yosemite National Park,California,West,Diving Board,12.5,4074,Expert,37.73477,-119.56597
Yosemite National Park,California,West,Dog Dome and Dog Lake,3.0,643,Easy,37.87836,-119.339
Yosemite National Park,California,West,Dog Lake Trail,3.6,613,Easy,37.8775,-119.35347
Yosemite National Park,California,West,Dog Lake Trail and Lambert Dome Trail Loop,4.6,675,Moderate,37.87765,-119.35367
Yosemite National Park,California,West,Eagle Peak Trail,14.3,6026,Hard,37.74134,-119.60095
Yosemite National Park,California,West,East Valley Floor Trail,6.2,282,Easy,37.73794,-119.57
Yosemite National Park,California,West,Echo Ridge & Echo Peaks,8.2,2703,Moderate,37.8733,-119.3826
Yosemite National Park,California,West,El Capitan Loop,21.5,5213,Expert,37.74212,-119.60212
Yosemite National Park,California,West,El Capitan Trail (historical),13.5,4681,Hard,37.74237,-119.60202
Yosemite National Park,California,West,Elizabeth Lake Trail,4.9,843,Moderate,37.87052,-119.35592
Yosemite National Park,California,West,Foresta Falls Trail,1.6,318,Easy,37.69844,-119.75723
Yosemite National Park,California,West,Four Mile Trail,7.5,3277,Expert,37.73388,-119.60185
Yosemite National Park,California,West,Four Mile Trail to Panorama Trail Loop,16.3,4448,Expert,37.73397,-119.60189
Yosemite National Park,California,West,Gaylor Lakes Trail,3.5,1210,Hard,37.91008,-119.25818
Yosemite National Park,California,West,Gin Flat Loop,4.6,793,Moderate,37.75965,-119.7975
Yosemite National Park,California,West,Glacier Point Trail,0.6,236,Easy,37.72765,-119.57432
Yosemite National Park,California,West,Glacier Point to Half Dome,20.3,6003,Expert,37.72736,-119.57502
Yosemite National Park,California,West,Glacier Point to Union Point,3.7,1040,Moderate,37.72707,-119.57521
Yosemite National Park,California,West,Grand Canyon of the Tuolumne,57.7,11509,Moderate,37.87,-119.64876
Yosemite National Park,California,West,Grand Canyon of the Tuolumne and Rogers Lake,41.4,10544,Hard,37.86983,-119.64895
Yosemite National Park,California,West,Grizzly Giant Loop Trail,2.0,351,Easy,37.50258,-119.60985
Yosemite National Park,California,West,Half Dome Trail,14.8,5164,Expert,37.73465,-119.56583
Yosemite National Park,California,West,Happy Isles to Cloud's Rest Loop,21.4,6371,Hard,37.73468,-119.56583
Yosemite National Park,California,West,"Happy Isles, Vernall Falls, Half Dome, Tenaya Lake, and Mirror Lakes Loop",30.2,9419,Hard,37.73235,-119.55954
Yosemite National Park,California,West,Harden Lake Trail,5.3,485,Moderate,37.87227,-119.64926
Yosemite National Park,California,West,Hetch Hechy Reservoir to Sierra Crest Backpacking Loop,88.5,18287,Expert,37.94643,-119.78756
Yosemite National Park,California,West,Hetch Hetchy Loop via Lake Vernon,25.8,5662,Hard,37.94559,-119.78842
Yosemite National Park,California,West,Hetch Hetchy Trail to Rancheria Falls,11.3,2545,Hard,37.94615,-119.78817
Yosemite National Park,California,West,Hetch Hetchy to Yosemite Valley,56.7,9973,Hard,37.87995,-119.84984
Yosemite National Park,California,West,Illilouette Falls Trail,4.9,1453,Moderate,37.72713,-119.57432
Yosemite National Park,California,West,Inspiration Point Trail,2.3,1043,Moderate,37.71536,-119.67688
Yosemite National Park,California,West,Ireland Lake Trail,19.0,2395,Moderate,37.87746,-119.33499
Yosemite National Park,California,West,Jack Main Canyon and Tilden Lake Trail,41.1,8054,Hard,37.94644,-119.78727
Yosemite National Park,California,West,John Muir Trail,211.0,43195,Moderate,36.58686,-118.24013
Yosemite National Park,California,West,John Muir Trail From Tioga Pass Road to the Merced River,16.4,2086,Hard,37.87335,-119.38266
Yosemite National Park,California,West,John Muir Trail via Yosemite Valley,203.1,46030,Hard,37.73476,-119.56629
Yosemite National Park,California,West,John Muir Trail: Cathedral Lakes Trail to Clouds Rest,15.4,3681,Moderate,37.87337,-119.3826
Yosemite National Park,California,West,John Muir Trail: Happy Isles to Tuolumne Meadows,20.9,7037,Hard,37.73268,-119.55784
Yosemite National Park,California,West,John Muir Trail: Tenaya Lake to Reds Meadow,57.1,11499,Moderate,37.8258,-119.46937
Yosemite National Park,California,West,John Muir Trail: Tuolume Meadows to Donohue Pass,13.3,2736,Hard,37.87771,-119.33862
Yosemite National Park,California,West,John Muir Trail: Tuolumne to Reds Meadow,32.6,5396,Hard,37.86871,-119.35538
Yosemite National Park,California,West,John Muir Trail: Yosemite Valley to Tenaya Lake,13.7,5849,Expert,37.73261,-119.55785
Yosemite National Park,California,West,John Muir to Clouds Rest to Mist Trail,24.8,3746,Moderate,37.87314,-119.38284
Yosemite National Park,California,West,Kibbie Lake Trail,13.1,2618,Hard,37.99004,-119.88676
Yosemite National Park,California,West,Koip Peak Trail,16.3,4074,Hard,37.89063,-119.26236
Yosemite National Park,California,West,Lake Eleanor Campground,4.8,761,Moderate,37.97428,-119.90277
Yosemite National Park,California,West,Lake Eleanor Hike,5.5,649,Moderate,37.97397,-119.88221
Yosemite National Park,California,West,Lake Eleanor to Laurel Lake,18.5,3215,Hard,37.97386,-119.88249
Yosemite National Park,California,West,Laurel Lake Trail,15.4,3461,Hard,37.94645,-119.78729
Yosemite National Park,California,West,Lembert Dome Loop,3.7,846,Moderate,37.87702,-119.35308
Yosemite National Park,California,West,Lembert Dome Trail,2.4,728,Moderate,37.8776,-119.33369
Yosemite National Park,California,West,Lembert Dome from Tuolomne Meadows Lodge Road,1.8,715,Moderate,37.87804,-119.33888
Yosemite National Park,California,West,Little Nellie Falls Trail,5.5,931,Moderate,37.70313,-119.75442
Yosemite National Park,California,West,Lookout Point Trail,2.7,541,Moderate,37.89319,-119.84134
Yosemite National Park,California,West,Lower Chilnualna Falls Trail,0.6,252,Moderate,37.54834,-119.63394
Yosemite National Park,California,West,Lower Gaylor Lake Trail,4.5,846,Easy,37.87963,-119.30293
Yosemite National Park,California,West,Lower Yosemite Falls Trail,1.0,52,Easy,37.74587,-119.59266
Yosemite National Park,California,West,Lukens Lake Trail,2.2,288,Easy,37.8512,-119.61544
Yosemite National Park,California,West,Lukens Lake from White Wolf,4.9,439,Easy,37.86981,-119.64889
Yosemite National Park,California,West,Lyell Canyon and Vogelsang Loop Trail,19.6,2247,Expert,37.87652,-119.34551
Yosemite National Park,California,West,Mammoth Peak,5.8,2854,Hard,37.87961,-119.3036
Yosemite National Park,California,West,Mariposa Cabin Trail,2.1,495,Easy,37.5059,-119.59946
Yosemite National Park,California,West,Mariposa Grove of Giant Sequoias Trail,5.6,1207,Moderate,37.50221,-119.61064
Yosemite National Park,California,West,Mariposa Grove to Wawona Lodge,11.1,2217,Moderate,37.53649,-119.65615
Yosemite National Park,California,West,Mather Ranger Station to Smith Meadow Trail,17.4,3080,Moderate,37.89321,-119.84106
Yosemite National Park,California,West,Matterhorn Canyon and the Sawtooth Range Trail,36.0,8244,Hard,38.14677,-119.38058
Yosemite National Park,California,West,May Lake,2.8,498,Moderate,37.83276,-119.49093
Yosemite National Park,California,West,May Lake Camp to Yosemite Valley,28.3,6463,Hard,37.81176,-119.50901
Yosemite National Park,California,West,May Lake High Sierra Camp from Tioga Pass Road,6.4,1076,Moderate,37.81165,-119.50898
Yosemite National Park,California,West,May Lake from Sunrise Lakes Trailhead,6.8,1204,Moderate,37.82577,-119.47027
Yosemite National Park,California,West,May Lake to Glen Aulin Trail,21.8,3625,Moderate,37.81161,-119.50897
Yosemite National Park,California,West,McCabe Lakes Trail,29.8,5702,Moderate,38.10867,-119.27884
Yosemite National Park,California,West,McGurk Meadow Trail,3.5,442,Easy,37.67052,-119.62794
Yosemite National Park,California,West,Merced Grove Trail,4.1,751,Easy,37.76321,-119.84228
Yosemite National Park,California,West,Merced Lake High Sierra Camp Trail,24.8,4169,Hard,37.72958,-119.55958
Yosemite National Park,California,West,Merced Lake Loop Trail,32.4,6023,Moderate,37.72675,-119.57363
Yosemite National Park,California,West,Merced Lake Trail,34.4,9242,Expert,37.73468,-119.56577
Yosemite National Park,California,West,"Merced Lake to Half Dome Loop via John Muir, Pack and Cloud Rest Trails",34.7,8763,Hard,37.73532,-119.56652
Yosemite National Park,California,West,Merced Lake to Sunrise Camp Trail,12.1,3031,Hard,37.73837,-119.40634
Yosemite National Park,California,West,Merced River High Trail,46.7,8677,Hard,37.73256,-119.55788
Yosemite National Park,California,West,Miguel Meadow to Lake Eleanor to Laurel Lake Loop,25.0,4642,Moderate,37.94645,-119.78757
Yosemite National Park,California,West,Mirror Lake Paved Trail,1.6,98,Easy,37.73974,-119.55992
Yosemite National Park,California,West,Mirror Lake from Shuttle Stop 17,2.3,147,Easy,37.7394,-119.55955
Yosemite National Park,California,West,Mirror Lake via Valley Loop Trail,5.6,334,Easy,37.73889,-119.56914
Yosemite National Park,California,West,"Mirror Lake, Snow Creek, and Upper Yosemite Falls Loop",15.8,4685,Hard,37.74001,-119.56425
Yosemite National Park,California,West,"Mirror Lake, Valley Loop Trail",10.3,666,Moderate,37.73235,-119.5595
Yosemite National Park,California,West,"Mist Trail, Cloud Rest, May Lake and Snow Creek Loop",36.2,10042,Hard,37.74234,-119.55784
Yosemite National Park,California,West,Mono Meadow Trail,5.8,1236,Moderate,37.6714,-119.58512
Yosemite National Park,California,West,Mono Pass Trail,10.8,1653,Moderate,37.8909,-119.26293
Yosemite National Park,California,West,Mono and Parker Pass Trail to Spillway Lake,8.2,1079,Moderate,37.89027,-119.2623
Yosemite National Park,California,West,Mount Dana Summit Trail,7.0,3103,Hard,37.91082,-119.25758
Yosemite National Park,California,West,Mount Hoffman Trail,5.6,1912,Hard,37.83276,-119.49091
Yosemite National Park,California,West,Mount Lyell,26.4,4773,Expert,37.87817,-119.3387
Yosemite National Park,California,West,Mt. Lyell Base via John Muir and Rush Creek Trail,29.1,6315,Expert,37.78311,-119.12791
Yosemite National Park,California,West,Murphy Creek Trail to Polly Dome Lake,6.4,669,Easy,37.82721,-119.46891
Yosemite National Park,California,West,Nelson Lake Trail,11.1,2565,Moderate,37.87079,-119.35591
Yosemite National Park,California,West,Nevada Falls,5.4,2198,Hard,37.73251,-119.55906
Yosemite National Park,California,West,North Dome Trail via Upper Yosemite Falls Trail,14.2,5626,Expert,37.74255,-119.60239
Yosemite National Park,California,West,"North Dome, Tenaya Lake, Half Dome and Happy Isles via Snow Creek and John Muir Trail",57.8,15866,Expert,37.74842,-119.58746
Yosemite National Park,California,West,North Rim Trail,26.8,6817,Hard,37.71381,-119.73242
Yosemite National Park,California,West,O'Shaughnessy Dam to Tuolumne River,2.4,370,Easy,37.94601,-119.78826
Yosemite National Park,California,West,Old Big Oak Flat Access Road,4.1,1072,Hard,37.72521,-119.64451
Yosemite National Park,California,West,Old Big Oak Flat Road,7.1,1781,Moderate,37.7148,-119.73491
Yosemite National Park,California,West,Old Big Oak Flat to Yosemite Falls,16.4,4314,Moderate,37.71389,-119.73241
Yosemite National Park,California,West,Olmsted Point Nature Trail,0.4,55,Easy,37.81083,-119.48553
Yosemite National Park,California,West,Ostrander Lake Trail,11.9,1788,Moderate,37.66685,-119.60389
Yosemite National Park,California,West,Ottoway Lakes Trail,29.6,5029,Moderate,37.67135,-119.5851
Yosemite National Park,California,West,PCT: CA Section I - Tuolumne Meadow to Sonora Pass,68.3,13815,Hard,37.87745,-119.35383
Yosemite National Park,California,West,Panorama Trail,9.0,2257,Hard,37.72749,-119.57416
Yosemite National Park,California,West,Panorama Trail to Little Yosemite Valley,21.0,3917,Hard,37.72704,-119.57498
Yosemite National Park,California,West,Parker Pass to Lyell Canyon,35.9,5856,Hard,37.89098,-119.26266
Yosemite National Park,California,West,Pohnono Trail to Sentinel Dome Trail Loop,3.8,862,Moderate,37.71235,-119.58631
Yosemite National Park,California,West,Pohono Trail Glacier Point to Inspiration Point,12.0,2020,Moderate,37.72686,-119.57381
Yosemite National Park,California,West,Pohono Trail via McGurk Meadow Trail,15.4,4153,Moderate,37.67049,-119.62791
Yosemite National Park,California,West,Pohono Trail: Glacier Point to Dewey Point,20.0,4481,Moderate,37.72709,-119.57576
Yosemite National Park,California,West,Poopenaut Valley Trail,2.1,1246,Hard,37.91005,-119.81475
Yosemite National Park,California,West,Porcupine Creek Trail to Indian Ridge Natural Arch to North Dome,10.4,2089,Moderate,37.80649,-119.54523
Yosemite National Park,California,West,"Porcupine Creek to Indian Rock, North Dome, and Columbia Rock via Tioga Pass Road",12.7,1929,Hard,37.80679,-119.54619
Yosemite National Park,California,West,Pothole Dome Trail,1.0,190,Easy,37.87714,-119.39493
Yosemite National Park,California,West,Rancheria Falls Trail,11.9,2618,Moderate,37.94624,-119.78792
Yosemite National Park,California,West,Sentinel Dome Trail,2.1,456,Easy,37.71243,-119.58632
Yosemite National Park,California,West,Sentinel Dome and Taft Point Loop,5.1,1122,Moderate,37.71247,-119.58638
Yosemite National Park,California,West,Sentinel Meadow Cook's Meadow Loop Trail,2.2,85,Easy,37.74439,-119.5978
Yosemite National Park,California,West,Silver Lake to Yosemite Village,52.7,8891,Expert,37.78258,-119.12859
Yosemite National Park,California,West,Smith Peak Trail,12.1,3490,Hard,37.92644,-119.79509
Yosemite National Park,California,West,Snow Creek Falls Trail,20.2,5387,Hard,37.74019,-119.56424
Yosemite National Park,California,West,"Snow Creek Falls, Tenaya Lake, Yosemite Valley via JMT",25.1,6555,Expert,37.73945,-119.56006
Yosemite National Park,California,West,Snow Creek Trail to Yosemite Falls Trail via North Dome,18.8,5406,Hard,37.73996,-119.55968
Yosemite National Park,California,West,"Snow Creek, May Lake and Clouds Rest Loop",33.5,8458,Hard,37.73936,-119.5706
Yosemite National Park,California,West,Soda Springs and Parsons Lodge Trail,1.6,52,Easy,37.87201,-119.37075
Yosemite National Park,California,West,South Fork of the Tuolumne Trail,3.2,629,Moderate,37.78432,-119.74133
Yosemite National Park,California,West,Stanford Point Trail,8.3,2893,Hard,37.7149,-119.67668
Yosemite National Park,California,West,Sugar Pine Grove Trail,5.4,426,Easy,37.76352,-119.84258
Yosemite National Park,California,West,Sunrise Lakes Trail,9.4,2388,Hard,37.82575,-119.4701
Yosemite National Park,California,West,Swinging Bridge Trail,1.2,59,Easy,37.54627,-119.62943
Yosemite National Park,California,West,Taft Point and The Fissures,2.3,374,Easy,37.71241,-119.58631
Yosemite National Park,California,West,Taft Point via Four Mile Trail,14.3,4829,Hard,37.73395,-119.60179
Yosemite National Park,California,West,Taft Point via Glacier Point,7.5,1952,Moderate,37.72756,-119.57443
Yosemite National Park,California,West,Tamarack Creek Trail,4.9,472,Moderate,37.78379,-119.74173
Yosemite National Park,California,West,Tamarack Creek to El Capitan,10.9,2270,Hard,37.78419,-119.74113
Yosemite National Park,California,West,Tamarack Flat to Eagle Peak,20.1,4803,Expert,37.75067,-119.73356
Yosemite National Park,California,West,Tamarack Flat to El Capitan,17.0,3677,Moderate,37.75163,-119.73651
Yosemite National Park,California,West,Tamarack Flat to Yosemite Valley,16.0,3559,Expert,37.75212,-119.73696
Yosemite National Park,California,West,Ten Lakes Trail,12.4,3021,Hard,37.85207,-119.57586
Yosemite National Park,California,West,Tenaya Lake Trail,3.4,196,Easy,37.82576,-119.47008
Yosemite National Park,California,West,Tenaya Lake Trail,2.9,98,Moderate,37.83428,-119.46321
Yosemite National Park,California,West,Tenaya Lake to Half Dome Loop,22.9,6971,Hard,37.82686,-119.46842
Yosemite National Park,California,West,Tenaya Lake to May Lake to Mount Hoffman,13.4,2969,Hard,37.82579,-119.47026
Yosemite National Park,California,West,The Clark Range and Red Peak Pass Trail,46.0,8536,Hard,37.72967,-119.55962
Yosemite National Park,California,West,The High Sierra Camp Loop Trail,45.8,7956,Moderate,37.87749,-119.3539
Yosemite National Park,California,West,The Pohono Trail from Inspiration Point,22.5,6354,Expert,37.71547,-119.67712
Yosemite National Park,California,West,Tioga Pass Road to Yosemite Valley,8.2,777,Moderate,37.80664,-119.54558
Yosemite National Park,California,West,Tioga Road to Yosemite Falls and Eagle Peak,16.6,1814,Moderate,37.85198,-119.57782
Yosemite National Park,California,West,Tunnel View to Dewey Point,9.3,3500,Hard,37.71513,-119.67665
Yosemite National Park,California,West,"Tuolome, Sunrise and Merced Lakes, and Vogelslang Loop",36.1,5921,Moderate,37.87187,-119.34929
Yosemite National Park,California,West,Tuolumne Grove Trail,3.2,734,Moderate,37.75803,-119.80482
Yosemite National Park,California,West,Tuolumne Meadow to Cathedral Pass,8.0,1519,Moderate,37.87324,-119.3827
Yosemite National Park,California,West,Tuolumne Meadow to White Wolf via Pacific Crest Trail,27.3,4950,Hard,37.87206,-119.37065
Yosemite National Park,California,West,Tuolumne Meadows lodge to Vogelsang Camp,7.2,1548,Moderate,37.87756,-119.33496
Yosemite National Park,California,West,Tuolumne Meadows to Glen Aulin High Sierra Camp,12.1,1200,Moderate,37.87679,-119.34612
Yosemite National Park,California,West,Tuolumne Meadows to Tenaya Lake via Pacific Crest and Glen Aulin Trails,11.9,1197,Moderate,37.87188,-119.37382
Yosemite National Park,California,West,Tuolumne Meadows to Vogelsang Pass,20.7,3231,Hard,37.87729,-119.35326
Yosemite National Park,California,West,Tuolumne Meadows to Yosemite Valley Trail,27.2,2158,Moderate,37.87705,-119.33825
Yosemite National Park,California,West,Tuolumne River Loop: Dana and Lyell Forks,3.6,183,Easy,37.87791,-119.33884
Yosemite National Park,California,West,Tuolumne River Trail,3.4,246,Easy,37.87584,-119.39182
Yosemite National Park,California,West,Upper Yosemite Falls Trail,7.2,3175,Expert,37.74237,-119.60223
Yosemite National Park,California,West,"Upper Yosemite Falls, North Dome, Indian Rock, Snow Creek",16.8,5587,Expert,37.74284,-119.60292
Yosemite National Park,California,West,Valley Floor Loop Trail,20.1,1217,Easy,37.74467,-119.59736
Yosemite National Park,California,West,Valley Loop Trail,5.8,209,Easy,37.74251,-119.6024
Yosemite National Park,California,West,Vernal Fall Foot Bridge via Mist and John Muir Trail,2.3,557,Moderate,37.73275,-119.55784
Yosemite National Park,California,West,Vernal Falls,3.7,1335,Moderate,37.73257,-119.55916
Yosemite National Park,California,West,Vernal and Nevada Falls via the Mist Trail,6.4,2191,Moderate,37.73495,-119.56619
Yosemite National Park,California,West,Vernal and Nevada Falls via the Panorama Trail,9.0,977,Hard,37.72731,-119.57471
Yosemite National Park,California,West,"Vernal, Nevada, and Illilouette Fall Route",11.8,4235,Hard,37.73266,-119.55842
Yosemite National Park,California,West,Vogelsang Basin Loop via John Muir Trail,42.0,6873,Moderate,37.87196,-119.34929
Yosemite National Park,California,West,Vogelsang Camp to Merced Lake Trail,14.6,3215,Hard,37.79547,-119.34574
Yosemite National Park,California,West,Vogelsang Lake and Volesang Pass Trail,17.5,2257,Moderate,37.87063,-119.3558
Yosemite National Park,California,West,Walker Lake Trail,16.1,3989,Moderate,37.89058,-119.26233
Yosemite National Park,California,West,Wapama Falls Trail,4.6,954,Moderate,37.94641,-119.7873
Yosemite National Park,California,West,Waterwheel Falls Trail,36.0,6122,Moderate,37.87205,-119.37075
Yosemite National Park,California,West,Waterwheel Falls and Glen Aulin Trail,17.0,2372,Expert,37.87733,-119.35325
Yosemite National Park,California,West,Waterwheel Falls and the Grand Canyon of the Tuolumne Trail,27.3,4803,Expert,37.87752,-119.35402
Yosemite National Park,California,West,Wawona Meadow Loop Trail,3.6,246,Easy,37.53617,-119.65637
Yosemite National Park,California,West,West Valley Loop Trail,6.6,429,Easy,37.71652,-119.65116
Yosemite National Park,California,West,Westfall Meadows Trail,3.3,321,Easy,37.67034,-119.62806
Yosemite National Park,California,West,White Mountain via Sawmill Walk-in Campground,6.6,1991,Hard,37.95597,-119.26656
Yosemite National Park,California,West,White Wolf to Aspen Valley Trail,18.6,2096,Moderate,37.87234,-119.64932
Yosemite National Park,California,West,White Wolf to Aspen Valley Trail,10.6,1466,Moderate,37.86981,-119.64868
Yosemite National Park,California,West,White Wolf to Pate Valley Trail,7.7,1227,Moderate,37.86994,-119.64888
Yosemite National Park,California,West,White Wolf to Piute Creek and the Grand Canyon of the Tuolumne River,22.3,4668,Hard,37.86983,-119.64895
Yosemite National Park,California,West,White Wolf to Smith Meadow Trail,15.9,2240,Moderate,37.87246,-119.64933
Yosemite National Park,California,West,White Wolf to Upper Yosemite Falls to Yosemite Valley Lodge,14.0,1007,Hard,37.86983,-119.64895
Yosemite National Park,California,West,Wowona to Half Dome to Yosemite Valley,32.2,8129,Hard,37.54839,-119.634
Yosemite National Park,California,West,Yosemite Creek Trail,12.0,1433,Moderate,37.82661,-119.59636
Yosemite National Park,California,West,Yosemite Creek Trail to Yosemite Creek Campground,3.5,321,Moderate,37.85196,-119.57786
Yosemite National Park,California,West,Yosemite Falls Trail to North Dome,13.7,5465,Hard,37.74299,-119.6032
Yosemite National Park,California,West,Yosemite Grand Tour,15.1,4350,Hard,37.73897,-119.57274
Yosemite National Park,California,West,Yosemite High Country Open Loop,42.6,8799,Hard,37.82575,-119.4701
Yosemite National Park,California,West,Yosemite Point,8.5,3635,Hard,37.742490000000004,-119.60237
Yosemite National Park,California,West,Yosemite Valley East Loop,41.0,11975,Expert,37.74713,-119.59064
Yosemite National Park,California,West,Yosemite Valley to Tuolumne Meadows Trail,21.6,6830,Moderate,37.74339,-119.5857
Yosemite National Park,California,West,Yosemite to Agnew Meadows,62.2,13136,Moderate,37.73804,-119.5686
Yosemite National Park,California,West,Young Lakes Trail,13.5,1922,Moderate,37.87203,-119.37075
Yosemite National Park,California,West,Young Lakes Trail Loop,17.2,2736,Moderate,37.87746,-119.35324
Yosemite National Park,California,West,Young Lakes and Mount Conness Summit,18.8,5413,Hard,37.87742,-119.35368
Yosemite National Park,California,West,Young Lakes via Dog Lake Trail,13.8,2818,Hard,37.87732,-119.35339
Zion National Park,Utah,Southwest,6460 Lost Peak Trail,3.5,1341,Hard,37.21752,-112.92365
Zion National Park,Utah,Southwest,Angels Landing Trail,4.1,1617,Hard,37.25928,-112.95166
Zion National Park,Utah,Southwest,"Angels Landing, West Rim, Telephone Loop",14.6,3740,Expert,37.2591,-112.95162
Zion National Park,Utah,Southwest,Archaeology Trail,0.3,52,Easy,37.19992,-112.98622
Zion National Park,Utah,Southwest,Cable Mountain Trail,7.5,1043,Moderate,37.2679,-112.89715
Zion National Park,Utah,Southwest,Camp Creek,1.7,383,Moderate,37.50859,-113.19388
Zion National Park,Utah,Southwest,Checkerboard Arch Trail,1.1,849,Moderate,37.22761,-112.87947
Zion National Park,Utah,Southwest,Chinle Trail,15.5,1794,Moderate,37.16131,-113.01939
Zion National Park,Utah,Southwest,Clear Creek Trail,2.3,141,Easy,37.22451,-112.90274
Zion National Park,Utah,Southwest,Coalpits Wash,14.5,866,Hard,37.17042,-113.08125
Zion National Park,Utah,Southwest,Cockeye Falls Trail,4.7,1354,Hard,37.21751,-112.92364
Zion National Park,Utah,Southwest,Court of the Patriarchs Viewpoint Trail,0.1,19,Easy,37.23714,-112.9606
Zion National Park,Utah,Southwest,Crater Hill,2.4,705,Moderate,37.22175,-113.10964
Zion National Park,Utah,Southwest,Deertrap Mountain Trail,10.6,1322,Hard,37.26769,-112.89949
Zion National Park,Utah,Southwest,Deertrap Mountain from Weeping Rock Trailhead,16.8,3694,Hard,37.27091,-112.9394
Zion National Park,Utah,Southwest,Destination Peak Trail,5.2,1935,Hard,37.21324,-112.94049
Zion National Park,Utah,Southwest,East Mesa Trail,11.7,2926,Moderate,37.27088,-112.93825
Zion National Park,Utah,Southwest,East Mesa Trail and Observation Point,9.2,1689,Moderate,37.29703,-112.90031
Zion National Park,Utah,Southwest,East Mesa Trail to Blew by Peak,4.2,288,Easy,37.29703,-112.90036
Zion National Park,Utah,Southwest,East Mesa Trail to Observation Point,6.7,695,Moderate,37.297,-112.90039
Zion National Park,Utah,Southwest,East Mesa to Observation Point via Stave Spring Trail,11.2,2306,Hard,37.26769,-112.89949
Zion National Park,Utah,Southwest,East Rim Trail Southern Trailhead,9.9,1354,Hard,37.23419,-112.87744
Zion National Park,Utah,Southwest,East Rim Trail from Big Bend,9.8,2719,Moderate,37.27093,-112.93847
Zion National Park,Utah,Southwest,East Rim Trail to Mystery Canyon,13.7,10692,Hard,37.27055,-112.93951
Zion National Park,Utah,Southwest,East Rim and East Mesa to Observation Point [CLOSED],7.1,2788,Hard,37.27093,-112.93845
Zion National Park,Utah,Southwest,East Temple Saddle Trail,3.1,1302,Hard,37.21335,-112.94037
Zion National Park,Utah,Southwest,Echo Canyon Trail,6.0,2293,Moderate,37.27067,-112.93975
Zion National Park,Utah,Southwest,Emerald Pools Trail,2.9,606,Easy,37.25214,-112.95615
Zion National Park,Utah,Southwest,G2 Trail,9.7,3195,Hard,37.21325,-112.94047
Zion National Park,Utah,Southwest,Gifford Canyon Trail,3.6,1066,Moderate,37.2132,-112.94057
Zion National Park,Utah,Southwest,Gifford Peak Trail,5.2,1860,Hard,37.21465,-112.93971
Zion National Park,Utah,Southwest,Hepworth and Roof Peaks Trail,6.6,2112,Hard,37.21327,-112.94055
Zion National Park,Utah,Southwest,Hidden Arch Trail,1.1,203,Moderate,37.23061,-112.87873
Zion National Park,Utah,Southwest,Hidden Canyon Short Hike [CLOSED],1.3,475,Moderate,37.27098,-112.93839
Zion National Park,Utah,Southwest,Hidden Canyon Trail,3.0,931,Moderate,37.27089,-112.93842
Zion National Park,Utah,Southwest,Hop Valley and Kolob Arch Trail,14.3,1791,Moderate,37.3407,-113.1133
Zion National Park,Utah,Southwest,Huber Wash Trail,4.4,459,Moderate,37.16531,-113.06125
Zion National Park,Utah,Southwest,Jug Handle Arch Trail,2.4,1013,Hard,37.2241,-112.90115
Zion National Park,Utah,Southwest,Kayenta Trail,3.1,419,Moderate,37.25172,-112.95647
Zion National Park,Utah,Southwest,Kayenta Trail to the Emerald Pools [CLOSED],2.2,538,Moderate,37.25909,-112.95141
Zion National Park,Utah,Southwest,Kayenta Trail to the Emerald Pools and Zion Lodge [CLOSED],4.3,1030,Moderate,37.25918,-112.95125
Zion National Park,Utah,Southwest,Keyhole Canyon Loop,0.8,223,Easy,37.22413,-112.90123
Zion National Park,Utah,Southwest,Kolob Arch via La Verkin Creek Trail,15.1,1781,Moderate,37.45126,-113.19161
Zion National Park,Utah,Southwest,Kolob Canyon Scenic Drive,10.6,1499,Easy,37.45442,-113.2272
Zion National Park,Utah,Southwest,Kolob Reservoir Road,26.9,5282,Easy,37.20326,-113.18622
Zion National Park,Utah,Southwest,La Verkin Creek Trail,18.6,2326,Moderate,37.45116,-113.19181
Zion National Park,Utah,Southwest,Lady Mountain Trail,2.5,2667,Hard,37.25205,-112.95615
Zion National Park,Utah,Southwest,Lava Point Overlook,0.3,29,Easy,37.38395,-113.02915
Zion National Park,Utah,Southwest,Lower Emerald Pool Trail,1.3,114,Easy,37.25093,-112.95726
Zion National Park,Utah,Southwest,Lower Pine Creek Waterfall Trail,0.7,55,Moderate,37.2166,-112.96544
Zion National Park,Utah,Southwest,Many Pools Trail,2.3,544,Moderate,37.2219,-112.91499
Zion National Park,Utah,Southwest,Middle Fork Taylor Creek Trail,4.9,715,Moderate,37.4618,-113.19952
Zion National Park,Utah,Southwest,Mount Kinesava Trail,8.1,3536,Hard,37.16124,-113.01975
Zion National Park,Utah,Southwest,Mountain of the Sun Trail,6.4,3047,Hard,37.21549,-112.93625
Zion National Park,Utah,Southwest,Mystery Canyon via East Mesa Trail,10.8,7706,Expert,37.29646,-112.90147
Zion National Park,Utah,Southwest,North Fork Taylor Creek,5.2,698,Moderate,37.46198,-113.19942
Zion National Park,Utah,Southwest,Northgate Peaks via Kolob Terrace,6.0,1118,Moderate,37.33999,-113.07569
Zion National Park,Utah,Southwest,Orderville Canyon to Temple of Sinawava,11.7,1673,Hard,37.33514,-112.83612
Zion National Park,Utah,Southwest,Pa'rus Trail,3.3,147,Easy,37.20127,-112.98836
Zion National Park,Utah,Southwest,Parunuweap Pass Trail,6.4,1364,Hard,37.21749,-112.92368
Zion National Park,Utah,Southwest,Peak 6965 - Kolob Canyons,2.2,839,Moderate,37.43534,-113.202
Zion National Park,Utah,Southwest,Petroglyph Pools to Slot Canyon,1.1,180,Moderate,37.22462,-112.90914
Zion National Park,Utah,Southwest,Pine Creek Canyon,2.4,813,Hard,37.21327,-112.94075
Zion National Park,Utah,Southwest,Progeny Peak Trail,2.5,1151,Moderate,37.21336,-112.94053
Zion National Park,Utah,Southwest,Sand Bench Trail,5.6,728,Moderate,37.25103,-112.95756
Zion National Park,Utah,Southwest,Scoggins Wash Trail,12.8,3005,Moderate,37.17054,-113.08121
Zion National Park,Utah,Southwest,Separation Canyon Trail,2.8,718,Moderate,37.22466,-112.89469
Zion National Park,Utah,Southwest,Shelf Canyon Trail,0.7,259,Moderate,37.21483,-112.9395
Zion National Park,Utah,Southwest,South Ariel Peak Trail,1.1,800,Hard,37.22466,-112.90257
Zion National Park,Utah,Southwest,South Fork Taylor Creek Trail,2.6,1036,Moderate,37.45531,-113.18506
Zion National Park,Utah,Southwest,South Guardian Angel via Kolob Terrace,11.4,3149,Hard,37.33997,-113.07591
Zion National Park,Utah,Southwest,The Narrows (Top-Down) [PRIVATE PROPERTY],15.5,1017,Hard,37.38522,-112.83869
Zion National Park,Utah,Southwest,The Subway Trail,7.0,1305,Hard,37.2847,-113.09581
Zion National Park,Utah,Southwest,The Subway Trail via Wildcat Canyon Trail,8.9,1427,Hard,37.33963,-113.07545
Zion National Park,Utah,Southwest,The Triplets Trail,2.8,1181,Hard,37.21761,-112.91787
Zion National Park,Utah,Southwest,The Watchman Trail,3.1,646,Moderate,37.2009,-112.9858
Zion National Park,Utah,Southwest,The Whole Guacamole,8.2,538,Moderate,37.22732,-113.11489
Zion National Park,Utah,Southwest,The Zion Narrows Riverside Walk,1.8,206,Easy,37.28524,-112.94769
Zion National Park,Utah,Southwest,Timber Creek Overlook Trail,1.1,255,Moderate,37.43548,-113.20183
Zion National Park,Utah,Southwest,Two Pine Arch Trail,0.5,380,Moderate,37.21521,-112.93501
Zion National Park,Utah,Southwest,Virgin River Walk,1.0,75,Easy,37.2728,-112.94654
Zion National Park,Utah,Southwest,Weeping Rock Trail,0.3,78,Easy,37.27096,-112.93868
Zion National Park,Utah,Southwest,West Bank of the Virgin River,5.7,597,Easy,37.23724,-112.96265
Zion National Park,Utah,Southwest,West Rim Trail (Top-Down),15.8,1866,Hard,37.3815,-113.02297
Zion National Park,Utah,Southwest,West Rim Trail to Lava Point,28.2,6272,Hard,37.25896,-112.95108
Zion National Park,Utah,Southwest,West Rim Trail to Wildcat Canyon Trail,11.6,1309,Moderate,37.38162,-113.02283
Zion National Park,Utah,Southwest,Wildcat Canyon Connector Trail,9.5,977,Moderate,37.34025,-113.11311
Zion National Park,Utah,Southwest,Wildcat Canyon Trail,11.3,1295,Moderate,37.33993,-113.07571
Zion National Park,Utah,Southwest,Zion Canyon Overlook Trail,1.0,213,Moderate,37.21324,-112.94058
Zion National Park,Utah,Southwest,Zion Grotto Trail,1.2,45,Easy,37.25184,-112.95631
Zion National Park,Utah,Southwest,Zion Narrows Trail to Imlay Temple and Big Spring,8.6,4163,Hard,37.28529,-112.94771
Zion National Park,Utah,Southwest,Zion National Park Scenic Drive,12.6,961,Easy,37.21787,-112.97421
Zion National Park,Utah,Southwest,Zion Park Scenic Byway: Hurricane to Mt. Carmel Junction,47.8,6709,Easy,37.17666,-113.29926
Zion National Park,Utah,Southwest,Zion Traverse: Lee Pass to East Rim Trailhead,49.6,10232,Hard,37.45118,-113.1917
